time,horiz_displacement,horiz_displacement_filt,vertical_displacement,vertical_displacement_filt,total_displacement,total_displacement_filt,total_displacement_filt_cum,horiz_azimuth,horiz_azimuth_filt,inclination,inclination_filt,hydrological_year,hydrological_month,hydrological_doy,year,month,day,doy
2016-01-01 12:00:00,0.000412311,0.000343000,0.010800000,-0.000447201,0.010807868,0.027452665,0.027452665,165.963756532,14.794585329,87.813686283,-0.933384289,2016,4,93,2016,1,1,1
2016-01-02 12:00:00,0.002209072,0.000341611,0.013000000,-0.000455948,0.013186357,0.027005482,0.054458147,354.805571092,14.847500760,80.355929015,-0.967400583,2016,4,94,2016,1,2,2
2016-01-03 12:00:00,0.008868484,0.000340386,-0.007600000,-0.000464072,0.011679469,0.026549555,0.081007702,352.874983651,14.909856429,-40.595494192,-1.001550110,2016,4,95,2016,1,3,3
2016-01-04 12:00:00,0.007414850,0.000339368,0.005000000,-0.000471413,0.008943154,0.026085509,0.107093211,190.097504384,14.985441053,33.992673225,-1.035496395,2016,4,96,2016,1,4,4
2016-01-05 12:00:00,0.003100000,0.000338517,0.000600000,-0.000477632,0.003157531,0.025614125,0.132707337,90.000000000,15.070598256,10.954062643,-1.068469215,2016,4,97,2016,1,5,5
2016-01-06 12:00:00,0.004743416,0.000337777,0.000400000,-0.000482569,0.004760252,0.025136526,0.157843862,288.434948823,15.156765722,4.820200288,-1.100027357,2016,4,98,2016,1,6,6
2016-01-07 12:00:00,0.005531727,0.000337113,-0.000100000,-0.000486192,0.005532630,0.024653992,0.182497854,130.601294645,15.248653336,-1.035653834,-1.129981524,2016,4,99,2016,1,7,7
2016-01-08 12:00:00,0.001240520,0.000335931,0.001133333,-0.000489200,0.001680278,0.024167830,0.206665684,353.829824905,15.419550722,42.414687174,-1.159848963,2016,4,100,2016,1,8,8
2016-01-09 12:00:00,0.001240520,0.000335931,0.001133333,-0.000489200,0.001680278,0.023678678,0.230344362,353.829824905,15.419550722,42.414687174,-1.183812402,2016,4,101,2016,1,9,9
2016-01-10 12:00:00,0.001240520,0.000335931,0.001133333,-0.000489200,0.001680278,0.023189528,0.253533889,353.829824905,15.419550722,42.414687174,-1.208786909,2016,4,102,2016,1,10,10
2016-01-11 12:00:00,0.001400000,0.000335130,-0.002400000,-0.000487898,0.002778489,0.022700368,0.276234257,0.000000000,15.575403417,-59.743562836,-1.231549700,2016,4,103,2016,1,11,11
2016-01-12 12:00:00,0.004477723,0.000334931,-0.006600000,-0.000485361,0.007975588,0.022212521,0.298446778,246.297354049,15.655908930,-55.845351104,-1.252057721,2016,4,104,2016,1,12,12
2016-01-13 12:00:00,0.001615549,0.000334796,-0.008400000,-0.000482211,0.008553946,0.021727215,0.320173993,201.801409486,15.754814895,-79.113388773,-1.271719985,2016,4,105,2016,1,13,13
2016-01-14 12:00:00,0.007156815,0.000334712,0.014700000,-0.000478569,0.016349618,0.021245061,0.341419053,15.395549254,15.853770435,64.040487180,-1.290760515,2016,4,106,2016,1,14,14
2016-01-15 12:00:00,0.005103920,0.000334690,-0.001900000,-0.000474333,0.005446100,0.020766552,0.362185606,145.375844920,15.914827903,-20.418431047,-1.308818770,2016,4,107,2016,1,15,15
2016-01-16 12:00:00,0.001303840,0.000334500,-0.002300000,-0.000470204,0.002643861,0.020292279,0.382477885,57.528807709,15.908076320,-60.451655738,-1.327752485,2016,4,108,2016,1,16,16
2016-01-17 12:00:00,0.004220190,0.000333881,0.004900000,-0.000467731,0.006466838,0.019822130,0.402300015,306.326825952,15.820670134,49.262890694,-1.352100186,2016,4,109,2016,1,17,17
2016-01-18 12:00:00,0.005385165,0.000332209,-0.009800000,-0.000470137,0.011182129,0.019354438,0.421654453,74.931511841,15.651652605,-61.210914421,-1.391902602,2016,4,110,2016,1,18,18
2016-01-19 12:00:00,0.009751410,0.000327809,0.008600000,-0.000484561,0.013001923,0.018884296,0.440538748,256.961343417,15.411771488,41.409835614,-1.470339985,2016,4,111,2016,1,19,19
2016-01-20 12:00:00,0.005217279,0.000318245,-0.021600000,-0.000522862,0.022221161,0.018399642,0.458938390,102.171458209,15.247704803,-76.420828432,-1.628390272,2016,4,112,2016,1,20,20
2016-01-21 12:00:00,0.001456022,0.000279365,0.008700000,-0.000423045,0.008820998,0.017876211,0.476814601,195.945395901,19.360455467,80.499094925,-1.356044965,2016,4,113,2016,1,21,21
2016-01-22 12:00:00,0.003505710,0.000259941,0.003100000,-0.000392523,0.004679744,0.017452919,0.494267520,356.729512077,21.115367372,41.485421237,-1.288713202,2016,4,114,2016,1,22,22
2016-01-23 12:00:00,0.001315295,0.000240615,-0.004700000,-0.000361384,0.004880574,0.017060157,0.511327676,171.253837737,23.485538086,-74.365727434,-1.213784169,2016,4,115,2016,1,23,23
2016-01-24 12:00:00,0.002459675,0.000220776,-0.016300000,-0.000330094,0.016484538,0.016698535,0.528026212,206.565051177,26.353956209,-81.418793156,-1.132688177,2016,4,116,2016,1,24,24
2016-01-25 12:00:00,0.002433105,0.000201970,0.006000000,-0.000298339,0.006474566,0.016368227,0.544394439,9.462322208,29.461326483,67.926584577,-1.044370843,2016,4,117,2016,1,25,25
2016-01-26 12:00:00,0.001389244,0.000186655,0.006500000,-0.000266691,0.006646804,0.016069727,0.560464166,329.743562836,32.311055696,77.935693679,-0.950916858,2016,4,118,2016,1,26,26
2016-01-27 12:00:00,0.000824621,0.000175575,0.003900000,-0.000242331,0.003986226,0.015802927,0.576267093,284.036243468,34.810891756,78.061150645,-0.878640934,2016,4,119,2016,1,27,27
2016-01-28 12:00:00,0.002773085,0.000167369,-0.004700000,-0.000228139,0.005457105,0.015560520,0.591827613,64.358994176,36.943746035,-59.458627199,-0.840067565,2016,4,120,2016,1,28,28
2016-01-29 12:00:00,0.003733631,0.000193881,-0.006600000,-0.000378124,0.007582875,0.015332707,0.607160320,69.623564786,31.008914937,-60.503086913,-1.413129760,2016,4,121,2016,1,29,29
2016-01-30 12:00:00,0.006549046,0.000156166,0.019700000,-0.000180078,0.020760058,0.014954172,0.622114492,277.016501745,42.887081532,71.611187642,-0.689973455,2016,4,122,2016,1,30,30
2016-01-31 12:00:00,0.002051828,0.000155588,-0.006800000,-0.000166703,0.007102816,0.014774098,0.636888590,226.974934011,45.906444434,-73.209364030,-0.646507306,2016,4,123,2016,1,31,31
2016-02-01 12:00:00,0.006003332,0.000158699,0.004700000,-0.000157643,0.007624303,0.014607438,0.651496028,60.018360631,48.276101885,38.057339012,-0.618347248,2016,5,124,2016,2,1,32
2016-02-02 12:00:00,0.001063015,0.000164963,-0.015100000,-0.000143753,0.015137371,0.014449874,0.665945903,221.185925166,48.877713978,-85.973117110,-0.570008735,2016,5,125,2016,2,2,33
2016-02-03 12:00:00,0.004695743,0.000172535,0.028500000,-0.000122075,0.028884252,0.014306221,0.680252123,206.565051177,47.903485305,80.643839990,-0.488912575,2016,5,126,2016,2,3,34
2016-02-04 12:00:00,0.003801316,0.000179451,-0.012600000,-0.000101036,0.013160927,0.014184240,0.694436363,268.492564241,46.805483205,-73.211872530,-0.408128511,2016,5,127,2016,2,4,35
2016-02-05 12:00:00,0.002343075,0.000185490,0.002500000,-0.000086268,0.003426368,0.014083290,0.708519653,50.194428908,46.213657520,46.855846001,-0.350969985,2016,5,128,2016,2,5,36
2016-02-06 12:00:00,0.004295346,0.000188740,-0.019800000,-0.000080598,0.020260553,0.013997073,0.722516727,155.224859431,46.402712789,-77.760101069,-0.329920653,2016,5,129,2016,2,6,37
2016-02-07 12:00:00,0.004491102,0.000187628,0.025000000,-0.000089101,0.025400197,0.013916468,0.736433195,11.560130794,47.633411869,79.815779530,-0.366842091,2016,5,130,2016,2,7,38
2016-02-08 12:00:00,0.004738143,0.000183029,-0.003500000,-0.000112037,0.005890671,0.013827314,0.750260508,172.724995042,50.057138208,-36.452763413,-0.464247985,2016,5,131,2016,2,8,39
2016-02-09 12:00:00,0.001697056,0.000177385,0.002900000,-0.000149664,0.003360060,0.013715213,0.763975721,315.000000000,53.071302137,59.664178360,-0.625238320,2016,5,132,2016,2,9,40
2016-02-10 12:00:00,0.003546830,0.000172981,-0.019400000,-0.000196779,0.019721562,0.013565505,0.777541226,338.498565676,56.642557351,-79.639252757,-0.831151142,2016,5,133,2016,2,10,41
2016-02-11 12:00:00,0.001802776,0.000197585,-0.005000000,-0.000483786,0.005315073,0.013369083,0.790910309,236.309932474,55.498630301,-70.172971347,-2.073809898,2016,5,134,2016,2,11,42
2016-02-12 12:00:00,0.005247857,0.000196344,0.023100000,-0.000481288,0.023688605,0.012885333,0.803795642,120.963756532,58.574740933,77.200789024,-2.140590027,2016,5,135,2016,2,12,43
2016-02-13 12:00:00,0.012349089,0.000175249,0.012200000,-0.000309699,0.017359147,0.012403787,0.816199429,344.500724623,63.567137002,44.652041367,-1.430717500,2016,5,136,2016,2,13,44
2016-02-14 12:00:00,0.002549510,0.000178461,-0.016300000,-0.000360140,0.016498182,0.012094166,0.828293595,154.440034828,65.196419612,-81.110300415,-1.706404546,2016,5,137,2016,2,14,45
2016-02-15 12:00:00,0.005001000,0.000186778,-0.018400000,-0.000404925,0.019067512,0.011734196,0.840027791,191.534620654,66.247086524,-74.794691845,-1.977563061,2016,5,138,2016,2,15,46
2016-02-16 12:00:00,0.003401470,0.000200924,0.004100000,-0.000433030,0.005327288,0.011329566,0.851357357,181.684684318,67.281920764,50.319986717,-2.190450545,2016,5,139,2016,2,16,47
2016-02-17 12:00:00,0.001476482,0.000222933,0.007700000,-0.000428612,0.007840281,0.010897035,0.862254391,331.699244234,69.199945032,79.145237543,-2.254191323,2016,5,140,2016,2,17,48
2016-02-18 12:00:00,0.000412311,0.000255047,-0.004000000,-0.000380203,0.004021194,0.010469249,0.872723640,284.036243468,72.224732448,-84.114870666,-2.081220348,2016,5,141,2016,2,18,49
2016-02-19 12:00:00,0.006161980,0.000298757,-0.009200000,-0.000288018,0.011072940,0.010090363,0.882814003,311.710757322,75.695995103,-56.186597358,-1.635667377,2016,5,142,2016,2,19,50
2016-02-20 12:00:00,0.002469818,0.000352546,0.011800000,-0.000164522,0.012055704,0.009804261,0.892618264,68.629377731,78.895451311,78.178277371,-0.961507142,2016,5,143,2016,2,20,51
2016-02-21 12:00:00,0.006918092,0.000411683,-0.001600000,-0.000032123,0.007100704,0.009642191,0.902260455,85.855376259,81.189781304,-13.022270228,-0.190879373,2016,5,144,2016,2,21,52
2016-02-22 12:00:00,0.005249762,0.000467960,-0.006900000,0.000085660,0.008670063,0.009612673,0.911873128,229.635463427,82.289097793,-52.734850319,0.510576749,2016,5,145,2016,2,22,53
2016-02-23 12:00:00,0.000141421,0.000512008,-0.000500000,0.000176006,0.000519615,0.009700457,0.921573585,225.000000000,82.354775450,-74.206830952,1.039637381,2016,5,146,2016,2,23,54
2016-02-24 12:00:00,0.000806226,0.000536885,0.003200000,0.000230624,0.003300000,0.009877543,0.931451129,119.744881297,81.766280160,75.858889766,1.337881016,2016,5,147,2016,2,24,55
2016-02-25 12:00:00,0.002657066,0.000544487,-0.013000000,0.000253334,0.013268760,0.010108241,0.941559369,289.798876355,80.981497275,-78.448435374,1.436106420,2016,5,148,2016,2,25,56
2016-02-26 12:00:00,0.001216553,0.000539216,0.001000000,0.000255675,0.001574802,0.010360941,0.951920310,170.537677792,80.157726680,39.420031564,1.414018152,2016,5,149,2016,2,26,57
2016-02-27 12:00:00,0.004949747,0.000525842,0.010100000,0.000251970,0.011247666,0.010615606,0.962535916,351.869897646,79.302287004,63.891726790,1.360088841,2016,5,150,2016,2,27,58
2016-02-28 12:00:00,0.004709565,0.000508745,-0.006000000,0.000248908,0.007627582,0.010866460,0.973402376,183.652222780,78.646917870,-51.870658129,1.312535750,2016,5,151,2016,2,28,59
2016-02-29 12:00:00,0.000300000,0.000491125,0.011500000,0.000250699,0.011503912,0.011114308,0.984516685,270.000000000,78.286851029,88.505666409,1.292495866,2016,5,152,2016,2,29,60
2016-03-01 12:00:00,0.001386442,0.000460742,0.002550000,0.000278493,0.002902537,0.011363495,0.995880180,260.311213440,77.935212728,61.466948088,1.404326128,2016,6,153,2016,3,1,61
2016-03-02 12:00:00,0.001386442,0.000460742,0.002550000,0.000278493,0.002902537,0.011641764,1.007521944,260.311213440,77.935212728,61.466948088,1.370752512,2016,6,154,2016,3,2,62
2016-03-03 12:00:00,0.001386442,0.000460742,0.002550000,0.000278493,0.002902537,0.011920044,1.019441988,260.311213440,77.935212728,61.466948088,1.338745691,2016,6,155,2016,3,3,63
2016-03-04 12:00:00,0.001386442,0.000460742,0.002550000,0.000278493,0.002902537,0.012198333,1.031640322,260.311213440,77.935212728,61.466948088,1.308198556,2016,6,156,2016,3,4,64
2016-03-05 12:00:00,0.001386442,0.000460742,0.002550000,0.000278493,0.002902537,0.012476632,1.044116953,260.311213440,77.935212728,61.466948088,1.279013537,2016,6,157,2016,3,5,65
2016-03-06 12:00:00,0.001386442,0.000460742,0.002550000,0.000278493,0.002902537,0.012754939,1.056871892,260.311213440,77.935212728,61.466948088,1.251101566,2016,6,158,2016,3,6,66
2016-03-07 12:00:00,0.003443835,0.000466388,-0.013000000,0.000362642,0.013448420,0.013033454,1.069905346,244.179008026,78.222346874,-75.162570421,1.594401833,2016,6,159,2016,3,7,67
2016-03-08 12:00:00,0.003114482,0.000476671,0.007900000,0.000401595,0.008491761,0.013396233,1.083301579,42.397437798,78.562607658,68.483743541,1.717881090,2016,6,160,2016,3,8,68
2016-03-09 12:00:00,0.000700000,0.000488391,0.000000000,0.000443448,0.000700000,0.013797990,1.097099569,270.000000000,78.764235964,0.000000000,1.841722358,2016,6,161,2016,3,9,69
2016-03-10 12:00:00,0.003140064,0.000500032,-0.004200000,0.000481057,0.005244044,0.014241573,1.111341142,350.837652954,78.358852828,-53.216952672,1.935724565,2016,6,162,2016,3,10,70
2016-03-11 12:00:00,0.001972308,0.000508948,-0.000100000,0.000503331,0.001974842,0.014722648,1.126063791,210.465544919,77.155829244,-2.902525872,1.959184594,2016,6,163,2016,3,11,71
2016-03-12 12:00:00,0.002360085,0.000511344,0.000800000,0.000504738,0.002491987,0.015225769,1.141289560,36.384351816,75.173345564,18.725162320,1.899715669,2016,6,164,2016,3,12,72
2016-03-13 12:00:00,0.001702939,0.000500708,0.001600000,0.000480619,0.002336664,0.015729889,1.157019449,3.366460663,72.423357400,43.214910534,1.750915989,2016,6,165,2016,3,13,73
2016-03-14 12:00:00,0.000500000,0.000473932,0.005400000,0.000423594,0.005423099,0.016209466,1.173228915,143.130102354,68.491637611,84.709918795,1.497454402,2016,6,166,2016,3,14,74
2016-03-15 12:00:00,0.002256103,0.000432463,-0.014900000,0.000339332,0.015069837,0.016631754,1.189860670,102.804266065,62.670459185,-81.389888700,1.169066547,2016,6,167,2016,3,15,75
2016-03-16 12:00:00,0.011449454,0.000310797,-0.004900000,0.000089679,0.012453915,0.016968309,1.206828979,205.893646994,31.898117240,-23.169375193,0.302814430,2016,6,168,2016,3,16,76
2016-03-17 12:00:00,0.009264988,0.000357426,0.008300000,0.000192625,0.012439051,0.017058887,1.223887866,13.736268306,48.873041269,41.855437230,0.646985959,2016,6,169,2016,3,17,77
2016-03-18 12:00:00,0.003405877,0.000324146,0.009900000,0.000108504,0.010469479,0.017250813,1.241138679,3.366460663,38.129948079,71.015348049,0.360382339,2016,6,170,2016,3,18,78
2016-03-19 12:00:00,0.004707441,0.000302752,-0.007100000,0.000038287,0.008518803,0.017358912,1.258497590,192.264773728,27.194918688,-56.454831902,0.126373071,2016,6,171,2016,3,19,79
2016-03-20 12:00:00,0.000989949,0.000290977,-0.000500000,-0.000013647,0.001109054,0.017396992,1.275894583,45.000000000,18.145984510,-26.797257588,-0.044944678,2016,6,172,2016,3,20,80
2016-03-21 12:00:00,0.001600000,0.000283448,0.005100000,-0.000047106,0.005345091,0.017383223,1.293277806,0.000000000,11.994612634,72.582029208,-0.155263764,2016,6,173,2016,3,21,81
2016-03-22 12:00:00,0.003401470,0.000275762,-0.008100000,-0.000064214,0.008785215,0.017335999,1.310613805,358.315315682,8.549572581,-67.220779545,-0.212228436,2016,6,174,2016,3,22,82
2016-03-23 12:00:00,0.003863936,0.000268133,0.001900000,-0.000069203,0.004305810,0.017271674,1.327885479,190.437475351,6.930211801,26.184572627,-0.229568008,2016,6,175,2016,3,23,83
2016-03-24 12:00:00,0.001552417,0.000276927,0.007000000,-0.000068599,0.007170077,0.017202619,1.345088098,14.931417178,7.513605992,77.495671463,-0.228480710,2016,6,176,2016,3,24,84
2016-03-25 12:00:00,0.000300000,0.000264244,-0.004500000,-0.000056661,0.004509989,0.017133828,1.362221926,90.000000000,7.308244031,-86.185925166,-0.189474094,2016,6,177,2016,3,25,85
2016-03-26 12:00:00,0.001700000,0.000245474,0.006400000,-0.000034495,0.006621933,0.017076894,1.379298820,0.000000000,7.178171622,75.124317998,-0.115736839,2016,6,178,2016,3,26,86
2016-03-27 12:00:00,0.001400000,0.000231558,-0.003000000,-0.000036858,0.003310589,0.017042208,1.396341027,90.000000000,4.682891129,-64.983106522,-0.123917501,2016,6,179,2016,3,27,87
2016-03-28 12:00:00,0.003360060,0.000231155,-0.006800000,-0.000049303,0.007584853,0.017005347,1.413346375,36.528855367,0.087541656,-63.704806818,-0.166114303,2016,6,180,2016,3,28,88
2016-03-29 12:00:00,0.008765843,0.000230652,0.001700000,-0.000020332,0.008929166,0.016956043,1.430302417,214.777831366,1.691223626,10.975389089,-0.068703173,2016,6,181,2016,3,29,89
2016-03-30 12:00:00,0.006519202,0.000230205,0.002300000,-0.000013322,0.006913031,0.016935706,1.447238124,4.398705355,1.245347988,19.433040143,-0.045069422,2016,6,182,2016,3,30,90
2016-03-31 12:00:00,0.001555635,0.000228748,0.000600000,-0.000012727,0.001667333,0.016922366,1.464160490,45.000000000,1.804287172,21.091358059,-0.043089969,2016,6,183,2016,3,31,91
2016-04-01 12:00:00,0.002302173,0.000226946,-0.002000000,-0.000019438,0.003049590,0.016909616,1.481070106,272.489552922,3.300852478,-40.982298896,-0.065864251,2016,7,184,2016,4,1,92
2016-04-02 12:00:00,0.006706713,0.000224897,0.004300000,-0.000034798,0.007966806,0.016890152,1.497960258,182.563770211,5.462449009,32.665907585,-0.118043076,2016,7,185,2016,4,2,93
2016-04-03 12:00:00,0.005375872,0.000220996,0.001900000,-0.000055931,0.005701754,0.016855306,1.514815564,43.492564241,8.240025686,19.464988754,-0.190126218,2016,7,186,2016,4,3,94
2016-04-04 12:00:00,0.001664332,0.000215510,-0.014400000,-0.000079008,0.014495861,0.016799308,1.531614872,302.735226272,11.764728018,-83.407087676,-0.269464876,2016,7,187,2016,4,4,95
2016-04-05 12:00:00,0.002692582,0.000209720,0.007100000,-0.000097307,0.007593418,0.016720233,1.548335106,31.328692868,15.944188098,69.231421278,-0.333445716,2016,7,188,2016,4,5,96
2016-04-06 12:00:00,0.000921954,0.000204698,-0.001700000,-0.000102540,0.001933908,0.016622872,1.564957978,102.528807709,20.419386071,-61.527865575,-0.353438731,2016,7,189,2016,4,6,97
2016-04-07 12:00:00,0.002415057,0.000196684,0.001500000,-0.000082567,0.002842974,0.016520242,1.581478220,242.904447506,26.828285719,31.844555110,-0.286361279,2016,7,190,2016,4,7,98
2016-04-08 12:00:00,0.002415057,0.000196684,0.001500000,-0.000082567,0.002842974,0.016437681,1.597915901,242.904447506,26.828285719,31.844555110,-0.287799589,2016,7,191,2016,4,8,99
2016-04-09 12:00:00,0.002308679,0.000188852,0.000100000,-0.000047022,0.002310844,0.016355028,1.614270928,72.349875780,33.496619145,2.480205377,-0.164728932,2016,7,192,2016,4,9,100
2016-04-10 12:00:00,0.001029563,0.000184527,-0.000900000,-0.000022314,0.001367479,0.016307960,1.630578888,60.945395901,37.576524042,-41.158566756,-0.078396615,2016,7,193,2016,4,10,101
2016-04-11 12:00:00,0.002683282,0.000180884,-0.001100000,-0.000004168,0.002900000,0.016285606,1.646864494,296.565051177,40.750097665,-22.290970375,-0.014662963,2016,7,194,2016,4,11,102
2016-04-12 12:00:00,0.003301515,0.000178321,0.003400000,0.000004814,0.004739198,0.016281411,1.663145904,144.865806943,42.864649880,45.841955897,0.016940531,2016,7,195,2016,4,12,103
2016-04-13 12:00:00,0.005714018,0.000177296,0.000100000,0.000010459,0.005714893,0.016286213,1.679432117,4.014175695,44.096414806,1.002620793,0.036793739,2016,7,196,2016,4,13,104
2016-04-14 12:00:00,0.003394113,0.000178764,-0.004600000,0.000013604,0.005716642,0.016296687,1.695728804,135.000000000,44.636425277,-53.578218219,0.047828444,2016,7,197,2016,4,14,105
2016-04-15 12:00:00,0.003059412,0.000182606,0.007000000,0.000010858,0.007639372,0.016310333,1.712039137,258.690067526,45.202288709,66.391842661,0.038142979,2016,7,198,2016,4,15,106
2016-04-16 12:00:00,0.001204159,0.000188273,-0.005100000,0.000006118,0.005240229,0.016321254,1.728360391,94.763641691,46.430035509,-76.715210226,0.021477739,2016,7,199,2016,4,16,107
2016-04-17 12:00:00,0.003037269,0.000198989,0.001900000,0.000001967,0.003582597,0.016327499,1.744687890,237.094757077,49.904092630,32.028535787,0.006903299,2016,7,200,2016,4,17,108
2016-04-18 12:00:00,0.003037269,0.000198989,0.001900000,0.000001967,0.003582597,0.016329466,1.761017357,237.094757077,49.904092630,32.028535787,0.006902467,2016,7,201,2016,4,18,109
2016-04-19 12:00:00,0.001392839,0.000211674,-0.010800000,0.000003348,0.010889444,0.016331593,1.777348949,248.962488975,54.461165637,-82.651323353,0.011744384,2016,7,202,2016,4,19,110
2016-04-20 12:00:00,0.008036168,0.000220323,0.004100000,-0.000000790,0.009021641,0.016335055,1.793684004,16.630953707,56.870179861,27.030374664,-0.002769708,2016,7,203,2016,4,20,111
2016-04-21 12:00:00,0.002561250,0.000226070,-0.006500000,-0.000012031,0.006986415,0.016334343,1.810018347,141.340191746,58.875442214,-68.493654550,-0.042200711,2016,7,204,2016,4,21,112
2016-04-22 12:00:00,0.002596151,0.000227821,0.010500000,-0.000024466,0.010816192,0.016322338,1.826340685,195.642246457,60.787906514,76.112013490,-0.085883611,2016,7,205,2016,4,22,113
2016-04-23 12:00:00,0.002954657,0.000226294,-0.000100000,-0.000032967,0.002956349,0.016297853,1.842638538,293.962488975,62.307268877,-1.938428419,-0.115897537,2016,7,206,2016,4,23,114
2016-04-24 12:00:00,0.001552417,0.000223282,0.006600000,-0.000034334,0.006780118,0.016264847,1.858903385,104.931417178,62.843861095,76.763788054,-0.120948108,2016,7,207,2016,4,24,115
2016-04-25 12:00:00,0.001334166,0.000220528,-0.001100000,-0.000025157,0.001729162,0.016230479,1.875133864,347.005383208,62.234308068,-39.505064632,-0.088808279,2016,7,208,2016,4,25,116
2016-04-26 12:00:00,0.002193171,0.000219208,0.002900000,-0.000002992,0.003635932,0.016205306,1.891339170,155.772254682,60.532512691,52.901025013,-0.010580302,2016,7,209,2016,4,26,117
2016-04-27 12:00:00,0.002051828,0.000220184,0.007400000,0.000022704,0.007679193,0.016202327,1.907541497,313.025065989,58.054270191,74.502683045,0.080286053,2016,7,210,2016,4,27,118
2016-04-28 12:00:00,0.003124100,0.000223690,-0.012800000,0.000045357,0.013175735,0.016225076,1.923766573,230.194428908,54.996291863,-76.283961511,0.160169963,2016,7,211,2016,4,28,119
2016-04-29 12:00:00,0.003701351,0.000228175,-0.006000000,0.000060949,0.007049823,0.016270491,1.940037064,51.581944655,51.452062119,-58.329902378,0.214630219,2016,7,212,2016,4,29,120
2016-04-30 12:00:00,0.002109502,0.000233220,-0.005200000,0.000066428,0.005611595,0.016331506,1.956368570,95.440332031,47.484130071,-67.918908158,0.233050945,2016,7,213,2016,4,30,121
2016-05-01 12:00:00,0.005000000,0.000240461,-0.004300000,0.000059070,0.006594695,0.016398032,1.972766602,343.739795292,43.305905732,-40.695531039,0.206393733,2016,8,214,2016,5,1,122
2016-05-02 12:00:00,0.002009975,0.000250125,0.013800000,0.000040468,0.013945609,0.016457239,1.989223842,264.289406863,39.060892478,81.713119947,0.140890261,2016,8,215,2016,5,2,123
2016-05-03 12:00:00,0.003736308,0.000261173,0.000300000,0.000020330,0.003748333,0.016497874,2.005721716,195.524110997,34.908827840,4.590610836,0.070605792,2016,8,216,2016,5,3,124
2016-05-04 12:00:00,0.001772005,0.000271747,-0.010500000,0.000003250,0.010648474,0.016518373,2.022240088,253.610459666,31.408070759,-80.420889922,0.011272273,2016,8,217,2016,5,4,125
2016-05-05 12:00:00,0.005434151,0.000278302,0.012500000,-0.000009407,0.013630114,0.016521731,2.038761820,192.757532161,28.996537960,66.503868151,-0.032623354,2016,8,218,2016,5,5,126
2016-05-06 12:00:00,0.006723095,0.000279698,-0.000900000,-0.000017584,0.006783067,0.016512349,2.055274168,30.379126011,27.674717193,-7.624679877,-0.061015761,2016,8,219,2016,5,6,127
2016-05-07 12:00:00,0.004695743,0.000277737,0.008800000,-0.000029600,0.009974467,0.016494734,2.071768902,153.434948823,26.852944863,61.915301040,-0.102817333,2016,8,220,2016,5,7,128
2016-05-08 12:00:00,0.005412024,0.000255207,-0.028200000,-0.000067706,0.028714630,0.016464774,2.088233676,332.487997376,32.826982194,-79.136131257,-0.235610694,2016,8,221,2016,5,8,129
2016-05-09 12:00:00,0.003220248,0.000278208,0.004500000,-0.000071784,0.005533534,0.016397450,2.104631125,25.769327624,24.834869636,54.412082520,-0.250828044,2016,8,222,2016,5,9,130
2016-05-10 12:00:00,0.006711930,0.000277321,0.002200000,-0.000081391,0.007063285,0.016325661,2.120956786,183.416588192,22.249485399,18.147829149,-0.285648033,2016,8,223,2016,5,10,131
2016-05-11 12:00:00,0.000223607,0.000277563,0.016700000,-0.000084992,0.016701497,0.016244286,2.137201072,333.434948823,19.247120848,89.232876633,-0.299778216,2016,8,224,2016,5,11,132
2016-05-12 12:00:00,0.003769615,0.000278507,0.016400000,-0.000078746,0.016827656,0.016159323,2.153360395,338.198590514,16.441889342,77.055148235,-0.279209285,2016,8,225,2016,5,12,133
2016-05-13 12:00:00,0.001920937,0.000278015,-0.007500000,-0.000062084,0.007742093,0.016080580,2.169440975,51.340191746,13.757750796,-75.633943824,-0.221208222,2016,8,226,2016,5,13,134
2016-05-14 12:00:00,0.003413210,0.000274750,-0.010600000,-0.000041985,0.011135978,0.016018449,2.185459424,354.957548931,10.949399377,-72.151394272,-0.150175726,2016,8,227,2016,5,14,135
2016-05-15 12:00:00,0.002137756,0.000270631,0.004400000,-0.000028991,0.004891830,0.015976400,2.201435824,280.784297868,8.161084186,64.087033979,-0.103970655,2016,8,228,2016,5,15,136
2016-05-16 12:00:00,0.003765634,0.000266724,-0.017000000,-0.000031316,0.017412065,0.015947347,2.217383171,10.713123023,5.726000348,-77.510200544,-0.112512096,2016,8,229,2016,5,16,137
2016-05-17 12:00:00,0.005001000,0.000264008,0.005200000,-0.000054104,0.007214569,0.015915990,2.233299161,191.534620654,3.904171846,46.117578662,-0.194770279,2016,8,230,2016,5,17,138
2016-05-18 12:00:00,0.001830983,0.000259727,-0.000150000,-0.000122444,0.001837117,0.015861822,2.249160983,214.992020199,2.602011176,-4.683394442,-0.442293459,2016,8,231,2016,5,18,139
2016-05-19 12:00:00,0.001830983,0.000259727,-0.000150000,-0.000122444,0.001837117,0.015739395,2.264900378,214.992020199,2.602011176,-4.683394442,-0.445733860,2016,8,232,2016,5,19,140
2016-05-20 12:00:00,0.004753946,0.000252124,-0.003600000,-0.000201345,0.005963221,0.015616844,2.280517222,14.620873989,3.086131044,-37.135397610,-0.738724249,2016,8,233,2016,5,20,141
2016-05-21 12:00:00,0.003255764,0.000243222,-0.001400000,-0.000248264,0.003544009,0.015415382,2.295932604,79.380344724,4.763993370,-23.268023071,-0.922786788,2016,8,234,2016,5,21,142
2016-05-22 12:00:00,0.003744329,0.000229955,0.020300000,-0.000286706,0.020642432,0.015166942,2.311099546,55.885527055,7.322523795,79.549270953,-1.083146837,2016,8,235,2016,5,22,143
2016-05-23 12:00:00,0.005798276,0.000212356,-0.007000000,-0.000321733,0.009089554,0.014880008,2.325979554,225.000000000,10.405260672,-50.364194928,-1.238936043,2016,8,236,2016,5,23,144
2016-05-24 12:00:00,0.001216553,0.000194631,0.018100000,-0.000352687,0.018140838,0.014558061,2.340537615,189.462322208,13.445632825,86.154771016,-1.388198108,2016,8,237,2016,5,24,145
2016-05-25 12:00:00,0.004548626,0.000179216,-0.019100000,-0.000376277,0.019634154,0.014205203,2.354742819,213.340707346,15.338393203,-76.604643225,-1.517866524,2016,8,238,2016,5,25,146
2016-05-26 12:00:00,0.008077747,0.000167053,-0.020000000,-0.000393256,0.021569655,0.013828805,2.368571623,21.801409486,15.304563491,-68.006840204,-1.629567463,2016,8,239,2016,5,26,147
2016-05-27 12:00:00,0.005632051,0.000159751,0.015300000,-0.000403544,0.016303681,0.013435489,2.382007112,6.115503566,13.559885692,69.790939293,-1.721175253,2016,8,240,2016,5,27,148
2016-05-28 12:00:00,0.005093133,0.000157142,-0.005100000,-0.000407719,0.007207635,0.013031943,2.395039055,136.591140271,10.742524341,-45.038601596,-1.792856521,2016,8,241,2016,5,28,149
2016-05-29 12:00:00,0.003413210,0.000157081,0.000100000,-0.000397710,0.003414674,0.012624254,2.407663309,301.827446577,7.840507339,1.678168072,-1.805323618,2016,8,242,2016,5,29,150
2016-05-30 12:00:00,0.005044799,0.000159460,0.001600000,-0.000369846,0.005292447,0.012226606,2.419889915,219.369317242,6.025246477,17.596856735,-1.733420609,2016,8,243,2016,5,30,151
2016-05-31 12:00:00,0.005608030,0.000165275,0.009300000,-0.000332880,0.010860018,0.011856872,2.431746787,140.063616853,5.770524546,58.909435832,-1.608783732,2016,8,244,2016,5,31,152
2016-06-01 12:00:00,0.000608276,0.000172578,-0.009900000,-0.000300217,0.009918669,0.011524132,2.443270920,99.462322208,6.514692527,-86.484050032,-1.492789036,2016,9,245,2016,6,1,153
2016-06-02 12:00:00,0.005220153,0.000179744,-0.002400000,-0.000275228,0.005745433,0.011224063,2.454494983,343.300755766,8.021924703,-24.690919735,-1.405105128,2016,9,246,2016,6,2,154
2016-06-03 12:00:00,0.001118034,0.000186976,-0.004600000,-0.000256415,0.004733920,0.010948992,2.465443974,243.434948823,10.604732511,-76.339099937,-1.341936693,2016,9,247,2016,6,3,155
2016-06-04 12:00:00,0.000640312,0.000191631,0.000700000,-0.000244245,0.000948683,0.010692697,2.476136672,321.340191746,13.978061162,47.549844457,-1.308878422,2016,9,248,2016,6,4,156
2016-06-05 12:00:00,0.001442221,0.000193170,-0.005200000,-0.000235348,0.005396295,0.010448521,2.486585192,213.690067526,17.328796297,-74.498640433,-1.290671116,2016,9,249,2016,6,5,157
2016-06-06 12:00:00,0.002716616,0.000192377,0.008500000,-0.000217095,0.008923564,0.010213198,2.496798391,173.659808254,20.412662771,72.276025207,-1.217990932,2016,9,250,2016,6,6,158
2016-06-07 12:00:00,0.001303840,0.000193013,-0.019700000,-0.000188900,0.019743100,0.009996155,2.506794546,212.471192291,23.332506271,-86.213413034,-1.082795314,2016,9,251,2016,6,7,159
2016-06-08 12:00:00,0.001910497,0.000198222,0.019200000,-0.000151093,0.019294818,0.009807395,2.516601941,132.878903603,25.937545302,84.317484948,-0.882734626,2016,9,252,2016,6,8,160
2016-06-09 12:00:00,0.008409518,0.000206503,0.006100000,-0.000104753,0.010388936,0.009656507,2.526258448,334.653824058,28.018728338,35.955949764,-0.621554892,2016,9,253,2016,6,9,161
2016-06-10 12:00:00,0.004640043,0.000215338,-0.009800000,-0.000047049,0.010842970,0.009551973,2.535810420,142.883139317,29.923224874,-64.663671857,-0.282215635,2016,9,254,2016,6,10,162
2016-06-11 12:00:00,0.009725225,0.000223410,0.002700000,0.000020165,0.010093067,0.009505122,2.545315543,355.872408297,31.441748638,15.516172514,0.121549590,2016,9,255,2016,6,11,163
2016-06-12 12:00:00,0.002505993,0.000230828,-0.000500000,0.000091731,0.002555386,0.009525458,2.554841001,118.610459666,32.125266718,-11.283580666,0.551770720,2016,9,256,2016,6,12,164
2016-06-13 12:00:00,0.003360060,0.000238638,0.008500000,0.000165326,0.009140022,0.009617353,2.564458354,143.471144633,31.287708404,68.431057260,0.984983104,2016,9,257,2016,6,13,165
2016-06-14 12:00:00,0.003026549,0.000248390,-0.003100000,0.000244830,0.004332436,0.009782871,2.574241225,277.594643369,29.309038651,-45.686882561,1.434056140,2016,9,258,2016,6,14,166
2016-06-15 12:00:00,0.004609772,0.000258721,-0.012900000,0.000328045,0.013698905,0.010027885,2.584269110,114.341089937,27.027964451,-70.335819260,1.874665957,2016,9,259,2016,6,15,167
2016-06-16 12:00:00,0.005692100,0.000266699,0.003400000,0.000412921,0.006630234,0.010356027,2.594625137,251.565051177,25.219703393,30.850679204,2.285133068,2016,9,260,2016,6,16,168
2016-06-17 12:00:00,0.003649658,0.000270707,0.012400000,0.000496904,0.012925943,0.010768916,2.605394053,350.537677792,24.475233147,73.599408712,2.644706388,2016,9,261,2016,6,17,169
2016-06-18 12:00:00,0.001800000,0.000270480,-0.007300000,0.000572181,0.007518643,0.011265665,2.616659718,270.000000000,24.886047772,-76.148580986,2.911293022,2016,9,262,2016,6,18,170
2016-06-19 12:00:00,0.005793962,0.000264829,-0.000500000,0.000632552,0.005815497,0.011837561,2.628497278,111.250505507,26.111940564,-4.932218951,3.063117652,2016,9,263,2016,6,19,171
2016-06-20 12:00:00,0.001897367,0.000255452,0.004600000,0.000678155,0.004975942,0.012469767,2.640967045,251.565051177,27.898254512,67.585272539,3.117508816,2016,9,264,2016,6,20,172
2016-06-21 12:00:00,0.006407027,0.000245692,0.007800000,0.000708873,0.010094058,0.013147601,2.654114646,325.813877514,30.038382457,50.599845783,3.090686533,2016,9,265,2016,6,21,173
2016-06-22 12:00:00,0.005249762,0.000237278,-0.014600000,0.000726457,0.015515154,0.013856210,2.667970856,162.255328375,32.164678232,-70.222798520,3.005297914,2016,9,266,2016,6,22,174
2016-06-23 12:00:00,0.003538361,0.000230612,-0.001600000,0.000730893,0.003883298,0.014582459,2.682553314,47.290610043,33.720132160,-24.331851857,2.872945816,2016,9,267,2016,6,23,175
2016-06-24 12:00:00,0.000984886,0.000226957,0.026900000,0.000730934,0.026918024,0.015313210,2.697866524,203.962488975,34.029255969,87.903174571,2.735897953,2016,9,268,2016,6,24,176
2016-06-25 12:00:00,0.006262587,0.000226865,-0.021000000,0.000731918,0.021913923,0.016044066,2.713910591,289.592281891,33.022043438,-73.394448998,2.614698699,2016,9,269,2016,6,25,177
2016-06-26 12:00:00,0.003405877,0.000232476,0.003900000,0.000727425,0.005177837,0.016775992,2.730686582,40.236358309,30.995233552,48.869226915,2.485184017,2016,9,270,2016,6,26,178
2016-06-27 12:00:00,0.006220129,0.000243536,-0.005500000,0.000713067,0.008303012,0.017503500,2.748190082,175.389350681,28.353968853,-41.483952931,2.334792891,2016,9,271,2016,6,27,179
2016-06-28 12:00:00,0.003190611,0.000257134,0.015400000,0.000693977,0.015727047,0.018216687,2.766406769,327.804266065,26.008334990,78.294918027,2.183250176,2016,9,272,2016,6,28,180
2016-06-29 12:00:00,0.005557877,0.000269735,0.001400000,0.000674024,0.005731492,0.018910773,2.785317542,81.724107173,24.252753348,14.138371977,2.042586658,2016,9,273,2016,6,29,181
2016-06-30 12:00:00,0.002039608,0.000279686,0.004900000,0.000659666,0.005307542,0.019584870,2.804902413,258.690067526,22.672438040,67.400651123,1.930224776,2016,9,274,2016,6,30,182
2016-07-01 12:00:00,0.001984943,0.000289324,-0.011200000,0.000654064,0.011374533,0.020244606,2.825147019,40.914383220,21.439850146,-79.949990763,1.851437952,2016,10,275,2016,7,1,183
2016-07-02 12:00:00,0.004753946,0.000298207,0.007800000,0.000645639,0.009134550,0.020898731,2.846045750,284.620873989,21.002597271,58.638518719,1.770359579,2016,10,276,2016,7,2,184
2016-07-03 12:00:00,0.005300943,0.000305248,0.005700000,0.000627922,0.007783958,0.021544404,2.867590154,178.919075813,21.604323627,47.077480316,1.670149102,2016,10,277,2016,7,3,185
2016-07-04 12:00:00,0.001518223,0.000324296,0.001800000,0.000482460,0.002354782,0.022172535,2.889762689,252.758540601,25.356522984,49.853807323,1.246816244,2016,10,278,2016,7,4,186
2016-07-05 12:00:00,0.001518223,0.000324296,0.001800000,0.000482460,0.002354782,0.022654944,2.912417634,252.758540601,25.356522984,49.853807323,1.220262775,2016,10,279,2016,7,5,187
2016-07-06 12:00:00,0.008102469,0.000312901,-0.022900000,0.000518323,0.024291151,0.023137199,2.935554832,12.835609486,27.937284461,-70.515222745,1.283657267,2016,10,280,2016,7,6,188
2016-07-07 12:00:00,0.005640035,0.000313934,0.007300000,0.000478039,0.009224966,0.023655489,2.959210321,142.926926683,29.458017414,52.310053101,1.157932232,2016,10,281,2016,7,7,189
2016-07-08 12:00:00,0.002668333,0.000313855,0.023000000,0.000432469,0.023154265,0.024133486,2.983343807,282.994616792,31.035047662,83.382444034,1.026789073,2016,10,282,2016,7,8,190
2016-07-09 12:00:00,0.003106445,0.000311892,-0.017200000,0.000383382,0.017478272,0.024565894,3.007909701,56.821488341,32.678196359,-79.762328210,0.894210851,2016,10,283,2016,7,9,191
2016-07-10 12:00:00,0.004103657,0.000309441,0.002300000,0.000334530,0.004704253,0.024949216,3.032858917,46.974934011,34.116063160,29.269571159,0.768269752,2016,10,284,2016,7,10,192
2016-07-11 12:00:00,0.004177320,0.000308210,-0.006300000,0.000284933,0.007559100,0.025283705,3.058142622,312.089162174,35.466088777,-56.452970351,0.645704900,2016,10,285,2016,7,11,193
2016-07-12 12:00:00,0.001811077,0.000307662,0.011100000,0.000231449,0.011246777,0.025568611,3.083711232,173.659808254,36.942681059,80.733270098,0.518652074,2016,10,286,2016,7,12,194
2016-07-13 12:00:00,0.002731300,0.000306369,0.001500000,0.000177139,0.003116087,0.025800027,3.109511260,156.250505507,38.751191283,28.775107237,0.393386288,2016,10,287,2016,7,13,195
2016-07-14 12:00:00,0.006296825,0.000306793,-0.014700000,0.000123412,0.015991873,0.025977159,3.135488418,313.069412559,40.968332119,-66.811866466,0.272200578,2016,10,288,2016,7,14,196
2016-07-15 12:00:00,0.002200000,0.000316423,-0.003600000,-0.000027503,0.004219005,0.026100677,3.161589095,90.000000000,56.188154455,-58.570434385,-0.060374706,2016,10,289,2016,7,15,197
2016-07-16 12:00:00,0.004609772,0.000316353,0.007500000,0.000021607,0.008803408,0.026073175,3.187662270,220.601294645,46.068866590,58.423606663,0.047480974,2016,10,290,2016,7,16,198
2016-07-17 12:00:00,0.001769181,0.000323215,0.003900000,-0.000029026,0.004282523,0.026094864,3.213757134,137.290610043,48.248132356,65.599242880,-0.063732415,2016,10,291,2016,7,17,199
2016-07-18 12:00:00,0.003612478,0.000327636,0.007300000,-0.000066142,0.008144937,0.026065895,3.239823029,48.366460663,50.274630439,63.671030769,-0.145386760,2016,10,292,2016,7,18,200
2016-07-19 12:00:00,0.005597321,0.000328815,0.002000000,-0.000088430,0.005943904,0.025999774,3.265822803,318.621484704,52.029943119,19.662510298,-0.194873959,2016,10,293,2016,7,19,201
2016-07-20 12:00:00,0.003052868,0.000328178,-0.018500000,-0.000098549,0.018750200,0.025911343,3.291734145,211.607502246,53.388279374,-80.629506886,-0.217915180,2016,10,294,2016,7,20,202
2016-07-21 12:00:00,0.001664332,0.000326891,0.005000000,-0.000102529,0.005269725,0.025812785,3.317546930,122.735226272,54.610963358,71.589135646,-0.227581243,2016,10,295,2016,7,21,203
2016-07-22 12:00:00,0.002163331,0.000326231,0.003100000,-0.000101832,0.003780212,0.025710256,3.343257186,236.309932474,55.857389760,55.090791089,-0.226935943,2016,10,296,2016,7,22,204
2016-07-23 12:00:00,0.005059644,0.000325345,-0.002700000,-0.000099831,0.005734980,0.025608420,3.368865606,18.434948823,56.854771537,-28.085913070,-0.223361490,2016,10,297,2016,7,23,205
2016-07-24 12:00:00,0.008000625,0.000303429,0.006400000,-0.000097985,0.010245487,0.025508327,3.394373932,179.283840055,56.429470961,38.657624915,-0.220089504,2016,10,298,2016,7,24,206
2016-07-25 12:00:00,0.002739069,0.000310541,-0.007350000,-0.000079383,0.007843787,0.025410435,3.419784367,338.587030525,57.444290023,-69.561463324,-0.178994525,2016,10,299,2016,7,25,207
2016-07-26 12:00:00,0.002739069,0.000310541,-0.007350000,-0.000079383,0.007843787,0.025331058,3.445115425,338.587030525,57.444290023,-69.561463324,-0.179555423,2016,10,300,2016,7,26,208
2016-07-27 12:00:00,0.002126029,0.000332610,0.012100000,-0.000097041,0.012285357,0.025251962,3.470367387,221.185925166,63.859466265,80.034572102,-0.220182509,2016,10,301,2016,7,27,209
2016-07-28 12:00:00,0.000707107,0.000295037,0.005000000,-0.000072826,0.005049752,0.025154461,3.495521847,45.000000000,60.182497729,81.950533024,-0.165880314,2016,10,302,2016,7,28,210
2016-07-29 12:00:00,0.001656050,0.000278957,-0.002700000,-0.000065022,0.003167412,0.025081456,3.520603303,61.113418233,59.270006312,-58.477059220,-0.148535138,2016,10,303,2016,7,29,211
2016-07-30 12:00:00,0.001656050,0.000278957,-0.002700000,-0.000065022,0.003167412,0.025016438,3.545619740,61.113418233,59.270006312,-58.477059220,-0.148921182,2016,10,304,2016,7,30,212
2016-07-31 12:00:00,0.003981206,0.000263716,-0.007500000,-0.000064647,0.008491172,0.024951254,3.570570995,258.407824590,56.962621182,-62.039410558,-0.148449983,2016,10,305,2016,7,31,213
2016-08-01 12:00:00,0.001004988,0.000256327,0.010700000,-0.000065183,0.010747093,0.024886534,3.595457528,185.710593137,54.970707345,84.634288465,-0.150069302,2016,11,306,2016,8,1,214
2016-08-02 12:00:00,0.002236068,0.000252070,-0.019800000,-0.000063555,0.019925863,0.024821311,3.620278839,333.434948823,52.877814519,-83.556730936,-0.146705904,2016,11,307,2016,8,2,215
2016-08-03 12:00:00,0.007922752,0.000252003,0.006900000,-0.000057975,0.010506189,0.024757758,3.645036597,355.656760048,50.861041426,41.052916059,-0.134169566,2016,11,308,2016,8,3,216
2016-08-04 12:00:00,0.006053098,0.000255427,0.004000000,-0.000049918,0.007255343,0.024699821,3.669736418,172.405356631,48.842021453,33.457469793,-0.115793178,2016,11,309,2016,8,4,217
2016-08-05 12:00:00,0.000873212,0.000263100,0.002450000,-0.000031149,0.002600961,0.024649987,3.694386405,156.370622269,45.931045794,70.383259079,-0.072400905,2016,11,310,2016,8,5,218
2016-08-06 12:00:00,0.000873212,0.000263100,0.002450000,-0.000031149,0.002600961,0.024618840,3.719005246,156.370622269,45.931045794,70.383259079,-0.072492504,2016,11,311,2016,8,6,219
2016-08-07 12:00:00,0.002418677,0.000268720,-0.000300000,-0.000004853,0.002437212,0.024587754,3.743593000,29.744881297,43.390239497,-7.070555117,-0.011309539,2016,11,312,2016,8,7,220
2016-08-08 12:00:00,0.002184033,0.000271845,-0.002400000,0.000006988,0.003244996,0.024582936,3.768175935,164.054604099,41.611714689,-47.697375122,0.016287395,2016,11,313,2016,8,8,221
2016-08-09 12:00:00,0.002267157,0.000274546,0.003000000,0.000008836,0.003760319,0.024589953,3.792765889,311.423665625,39.974941085,52.920967983,0.020588533,2016,11,314,2016,8,9,222
2016-08-10 12:00:00,0.001154340,0.000275935,0.000750000,-0.000003629,0.001376590,0.024598804,3.817364693,274.969740728,38.403091886,33.012673731,-0.008452191,2016,11,315,2016,8,10,223
2016-08-11 12:00:00,0.001154340,0.000275935,0.000750000,-0.000003629,0.001376590,0.024595176,3.841959869,274.969740728,38.403091886,33.012673731,-0.008453438,2016,11,316,2016,8,11,224
2016-08-12 12:00:00,0.004500000,0.000276063,-0.010600000,-0.000067862,0.011515642,0.024591549,3.866551418,53.130102354,41.027133877,-66.997403407,-0.158111856,2016,11,317,2016,8,12,225
2016-08-13 12:00:00,0.005200000,0.000274456,0.004300000,-0.000074460,0.006747592,0.024523673,3.891075090,202.619864948,39.259003148,39.588130848,-0.173965694,2016,11,318,2016,8,13,226
2016-08-14 12:00:00,0.006500000,0.000271643,0.009100000,-0.000095531,0.011183023,0.024449186,3.915524276,75.749967302,40.020695071,54.462322208,-0.223874701,2016,11,319,2016,8,14,227
2016-08-15 12:00:00,0.003559846,0.000269481,-0.000100000,-0.000133539,0.003561250,0.024353636,3.939877912,280.520784314,44.084206870,-1.609078701,-0.314172758,2016,11,320,2016,8,15,228
2016-08-16 12:00:00,0.003559846,0.000269481,-0.000100000,-0.000133539,0.003561250,0.024220106,3.964098018,280.520784314,44.084206870,-1.609078701,-0.315904876,2016,11,321,2016,8,16,229
2016-08-17 12:00:00,0.001984943,0.000275641,-0.007800000,-0.000178763,0.008048602,0.024086645,3.988184663,310.914383220,50.803210299,-75.722431045,-0.425234268,2016,11,322,2016,8,17,230
2016-08-18 12:00:00,0.003138471,0.000287512,-0.010700000,-0.000210397,0.011150785,0.023908033,4.012092696,120.650667957,56.517254533,-73.652793364,-0.504224062,2016,11,323,2016,8,18,231
2016-08-19 12:00:00,0.000860233,0.000307241,0.006300000,-0.000240298,0.006358459,0.023697899,4.035790596,234.462322208,62.786247156,82.224641249,-0.580992773,2016,11,324,2016,8,19,232
2016-08-20 12:00:00,0.004500000,0.000336014,0.022300000,-0.000268179,0.022749505,0.023458016,4.059248612,53.130102354,68.960932500,78.591281797,-0.655036260,2016,11,325,2016,8,20,233
2016-08-21 12:00:00,0.006648308,0.000276190,-0.014800000,-0.000144654,0.016224673,0.023189075,4.082437687,248.838740183,55.992746210,-65.809906932,-0.357415243,2016,11,326,2016,8,21,234
2016-08-22 12:00:00,0.005700877,0.000405477,0.000600000,-0.000341445,0.005732364,0.023046344,4.105484031,15.255118703,77.914120207,6.008088187,-0.848900293,2016,11,327,2016,8,22,235
2016-08-23 12:00:00,0.003807887,0.000457035,0.007200000,-0.000360973,0.008144937,0.022705932,4.128189963,256.328692868,81.911264109,62.126839563,-0.910911025,2016,11,328,2016,8,23,236
2016-08-24 12:00:00,0.003544009,0.000508285,-0.000500000,-0.000377577,0.003579106,0.022346141,4.150536104,106.389540334,84.744930010,-8.030468926,-0.968157512,2016,11,329,2016,8,24,237
2016-08-25 12:00:00,0.001334166,0.000555989,-0.012200000,-0.000393422,0.012272734,0.021969819,4.172505922,257.005383208,86.766174196,-83.759053707,-1.026072963,2016,11,330,2016,8,25,238
2016-08-26 12:00:00,0.002137756,0.000598545,0.009500000,-0.000410377,0.009737556,0.021577663,4.194083586,169.215702132,88.222904044,77.318147904,-1.089752043,2016,11,331,2016,8,26,239
2016-08-27 12:00:00,0.000707107,0.000637032,-0.018700000,-0.000432399,0.018713364,0.021168570,4.215252156,81.869897646,89.313763619,-87.834495124,-1.170431115,2016,11,332,2016,8,27,240
2016-08-28 12:00:00,0.003522783,0.000674190,0.007100000,-0.000464572,0.007925907,0.020737546,4.235989702,325.407711312,90.206643420,63.610927376,-1.283673522,2016,11,333,2016,8,28,241
2016-08-29 12:00:00,0.004031129,0.000708876,-0.002100000,-0.000503196,0.004545327,0.020274409,4.256264111,172.874983651,90.938278084,-27.517075085,-1.422185579,2016,11,334,2016,8,29,242
2016-08-30 12:00:00,0.003522783,0.000741585,0.011500000,-0.000541999,0.012027469,0.019772728,4.276036839,353.480198248,91.475232773,72.968656831,-1.570755636,2016,11,335,2016,8,30,243
2016-08-31 12:00:00,0.001720465,0.000773207,-0.011600000,-0.000577774,0.011726892,0.019232367,4.295269205,305.537677792,91.779525096,-81.563623191,-1.721525566,2016,11,336,2016,8,31,244
2016-09-01 12:00:00,0.001131371,0.000803714,-0.014900000,-0.000611360,0.014942891,0.018656363,4.313925568,315.000000000,91.920706643,-85.657810386,-1.877892067,2016,12,337,2016,9,1,245
2016-09-02 12:00:00,0.003140064,0.000833977,0.001900000,-0.000643978,0.003670150,0.018046963,4.331972531,189.162347046,92.072512546,31.177430597,-2.044944554,2016,12,338,2016,9,2,246
2016-09-03 12:00:00,0.001773415,0.000875291,0.009850000,-0.000682551,0.010008371,0.017405727,4.349378258,158.498565676,92.225699679,79.793689280,-2.247381411,2016,12,339,2016,9,3,247
2016-09-04 12:00:00,0.001773415,0.000875291,0.009850000,-0.000682551,0.010008371,0.016724075,4.366102334,158.498565676,92.225699679,79.793689280,-2.339031731,2016,12,340,2016,9,4,248
2016-09-05 12:00:00,0.007334848,0.000913924,-0.011800000,-0.000706947,0.013893884,0.016044654,4.382146987,258.996459148,92.128896770,-58.135026788,-2.525339805,2016,12,341,2016,9,5,249
2016-09-06 12:00:00,0.003744329,0.000832584,-0.005900000,-0.000744954,0.006987847,0.015334276,4.397481264,325.885527055,94.497991159,-57.599479465,-2.784581649,2016,12,342,2016,9,6,250
2016-09-07 12:00:00,0.000650000,0.000998220,0.005150000,-0.000747355,0.005190857,0.014600865,4.412082129,202.619864948,92.207130013,82.806529945,-2.934005692,2016,12,343,2016,9,7,251
2016-09-08 12:00:00,0.000650000,0.000998220,0.005150000,-0.000747355,0.005190857,0.013855353,4.425937481,202.619864948,92.207130013,82.806529945,-3.092024697,2016,12,344,2016,9,8,252
2016-09-09 12:00:00,0.000806226,0.001032783,0.002200000,-0.000723821,0.002343075,0.013112727,4.439050208,330.255118703,91.473511575,69.873818818,-3.164327142,2016,12,345,2016,9,9,253
2016-09-10 12:00:00,0.002545584,0.001051406,0.002700000,-0.000694364,0.003710795,0.012392852,4.451443060,225.000000000,90.920587925,46.686143342,-3.211928063,2016,12,346,2016,9,10,254
2016-09-11 12:00:00,0.002863564,0.001067234,-0.003700000,-0.000666177,0.004678675,0.011702573,4.463145633,347.905242923,90.376801795,-52.262412328,-3.263363379,2016,12,347,2016,9,11,255
2016-09-12 12:00:00,0.001081665,0.001075464,-0.001600000,-0.000642437,0.001931321,0.011040138,4.474185772,213.690067526,89.826396002,-55.939699668,-3.335982217,2016,12,348,2016,9,12,256
2016-09-13 12:00:00,0.003001666,0.001038905,-0.014000000,-0.000657077,0.014318170,0.010397229,4.484583001,299.981639369,85.753272487,-77.898723422,-3.623353454,2016,12,349,2016,9,13,257
2016-09-14 12:00:00,0.002334524,0.001051247,0.001700000,-0.000627932,0.002887906,0.009744986,4.494327986,226.735704589,88.884847667,36.062106903,-3.694494684,2016,12,350,2016,9,14,258
2016-09-15 12:00:00,0.002549510,0.001043557,0.005500000,-0.000622361,0.006062178,0.009120086,4.503448073,11.309932474,88.191393233,65.130049719,-3.912943579,2016,12,351,2016,9,15,259
2016-09-16 12:00:00,0.003413210,0.001029691,-0.002400000,-0.000626126,0.004172529,0.008500421,4.511948493,211.827446577,87.276802237,-35.112988185,-4.224134150,2016,12,352,2016,9,16,260
2016-09-17 12:00:00,0.002549510,0.001010519,-0.006600000,-0.000633580,0.007075309,0.007876787,4.519825281,258.690067526,86.084200381,-68.878984048,-4.613650374,2016,12,353,2016,9,17,261
2016-09-18 12:00:00,0.003716181,0.000988237,0.002600000,-0.000642618,0.004535416,0.007245826,4.527071107,246.194056482,84.635766817,34.978290932,-5.088137574,2016,12,354,2016,9,18,262
2016-09-19 12:00:00,0.004850773,0.000964922,0.006300000,-0.000646809,0.007951101,0.006606348,4.533677454,351.702855030,83.025306397,52.405024152,-5.618671197,2016,12,355,2016,9,19,263
2016-09-20 12:00:00,0.001077033,0.000942789,-0.002300000,-0.000647357,0.002539685,0.005963684,4.539641138,201.801409486,81.401272622,-64.907472543,-6.231725982,2016,12,356,2016,9,20,264
2016-09-21 12:00:00,0.003220248,0.000920922,0.000400000,-0.000644197,0.003244996,0.005321623,4.544962762,323.841814560,79.825838033,7.080671485,-6.952862282,2016,12,357,2016,9,21,265
2016-09-22 12:00:00,0.001331353,0.000885962,-0.002250000,-0.000624982,0.002614383,0.004681730,4.549644492,124.286876977,77.713550096,-59.386674605,-7.671536394,2016,12,358,2016,9,22,266
2016-09-23 12:00:00,0.001331353,0.000885962,-0.002250000,-0.000624982,0.002614383,0.004069759,4.553714251,124.286876977,77.713550096,-59.386674605,-8.833717779,2016,12,359,2016,9,23,267
2016-09-24 12:00:00,0.001140175,0.000849765,-0.001100000,-0.000589014,0.001584298,0.003453355,4.557167606,307.874983651,75.919424900,-43.972564588,-9.820541643,2016,12,360,2016,9,24,268
2016-09-25 12:00:00,0.003794733,0.000824656,0.002400000,-0.000564699,0.004489989,0.002878801,4.560046407,288.434948823,74.877509472,32.311533237,-11.312351059,2016,12,361,2016,9,25,269
2016-09-26 12:00:00,0.001860108,0.000797508,-0.005400000,-0.000549468,0.005711392,0.002333942,4.562380349,143.746162263,73.783062586,-70.992995946,-13.616669693,2016,12,362,2016,9,26,270
2016-09-27 12:00:00,0.000565685,0.000768070,0.003900000,-0.000544873,0.003940812,0.001814564,4.564194913,315.000000000,72.569053219,81.746944765,-17.474298525,2016,12,363,2016,9,27,271
2016-09-28 12:00:00,0.004148494,0.000737280,-0.005400000,-0.000545092,0.006809552,0.001323497,4.565518410,195.376251249,71.263001604,-52.467104341,-24.321555589,2016,12,364,2016,9,28,272
2016-09-29 12:00:00,0.002906888,0.000835654,0.001400000,-0.000546415,0.003226453,0.001002628,4.566521037,356.054813771,75.217508397,25.716147114,-33.023499670,2016,12,365,2016,9,29,273
2016-09-30 12:00:00,0.001063015,0.000663480,-0.003600000,-0.000522197,0.003753665,0.000663524,4.567184561,228.814074834,68.196949256,-73.549087090,-51.906608783,2016,12,366,2016,9,30,274
2016-10-01 12:00:00,0.000761577,0.000622612,-0.002400000,-0.000536551,0.002517936,0.000807740,4.567992301,113.198590514,66.437226102,-72.394524053,-41.625717515,2017,1,1,2016,10,1,275
2016-10-02 12:00:00,0.003573514,0.000582063,0.013700000,-0.000549839,0.014158390,0.001201534,4.569193835,342.072080238,64.522565145,75.380689821,-27.233269145,2017,1,2,2016,10,2,276
2016-10-03 12:00:00,0.003397058,0.000543676,-0.008400000,-0.000560981,0.009060905,0.001690771,4.570884606,222.614055970,62.447631501,-67.981020114,-19.377470086,2017,1,3,2016,10,3,277
2016-10-04 12:00:00,0.001700000,0.000493989,-0.000850000,-0.000573085,0.001900658,0.002217675,4.573102281,0.000000000,59.385561264,-26.565051177,-14.976162477,2017,1,4,2016,10,4,278
2016-10-05 12:00:00,0.001700000,0.000493989,-0.000850000,-0.000573085,0.001900658,0.002779295,4.575881576,0.000000000,59.385561264,-26.565051177,-11.899642279,2017,1,5,2016,10,5,279
2016-10-06 12:00:00,0.000781025,0.000452127,-0.004600000,-0.000576651,0.004665833,0.003338881,4.579220457,309.805571092,56.602812567,-80.363758594,-9.945298175,2017,1,6,2016,10,6,280
2016-10-07 12:00:00,0.003522783,0.000431326,0.014200000,-0.000569542,0.014630448,0.003908650,4.583129106,6.519801752,55.180381084,76.067161447,-8.378581565,2017,1,7,2016,10,7,281
2016-10-08 12:00:00,0.005028916,0.000416453,-0.012300000,-0.000553666,0.013288341,0.004473746,4.587602852,197.354024636,54.014769826,-67.762556580,-7.109086140,2017,1,8,2016,10,8,282
2016-10-09 12:00:00,0.001552417,0.000406473,0.005700000,-0.000525496,0.005907622,0.005024454,4.592627307,14.931417178,52.870129219,74.764792591,-6.003406293,2017,1,9,2016,10,9,283
2016-10-10 12:00:00,0.000353553,0.000396230,-0.001500000,-0.000470676,0.001541104,0.005547649,4.598174956,188.130102354,51.431942100,-76.737323992,-4.866961184,2017,1,10,2016,10,10,284
2016-10-11 12:00:00,0.000353553,0.000396230,-0.001500000,-0.000470676,0.001541104,0.006017217,4.604192173,188.130102354,51.431942100,-76.737323992,-4.486345163,2017,1,11,2016,10,11,285
2016-10-12 12:00:00,0.006868042,0.000387669,0.011200000,-0.000411832,0.013138112,0.006486428,4.610678601,16.059987307,50.442222622,58.482623548,-3.640237870,2017,1,12,2016,10,12,286
2016-10-13 12:00:00,0.007134424,0.000382140,-0.006200000,-0.000373400,0.009451984,0.006897260,4.617575861,211.239214888,49.710912111,-40.991491591,-3.103367996,2017,1,13,2016,10,13,287
2016-10-14 12:00:00,0.001442221,0.000376634,-0.016200000,-0.000338505,0.016264071,0.007269829,4.624845689,33.690067526,48.906484906,-84.912600351,-2.668829550,2017,1,14,2016,10,14,288
2016-10-15 12:00:00,0.000424264,0.000370118,-0.000500000,-0.000312442,0.000655744,0.007607580,4.632453269,225.000000000,48.413971458,-49.684457789,-2.353788831,2017,1,15,2016,10,15,289
2016-10-16 12:00:00,0.002059126,0.000326420,-0.010700000,-0.000179267,0.010896330,0.007917744,4.640371013,29.054604099,52.649516064,-79.107069715,-1.297356998,2017,1,16,2016,10,16,290
2016-10-17 12:00:00,0.001526434,0.000353786,0.007300000,-0.000275260,0.007457882,0.008098012,4.648469025,31.607502246,48.597999791,78.189589775,-1.947922825,2017,1,17,2016,10,17,291
2016-10-18 12:00:00,0.000943398,0.000340662,0.010500000,-0.000265275,0.010542296,0.008372474,4.656841499,237.994616792,48.852299032,84.865906407,-1.815670779,2017,1,18,2016,10,18,292
2016-10-19 12:00:00,0.002983287,0.000327273,-0.010900000,-0.000247701,0.011300885,0.008637018,4.665478517,230.440332031,49.345039747,-74.693230762,-1.643412386,2017,1,19,2016,10,19,293
2016-10-20 12:00:00,0.001200000,0.000315582,0.018600000,-0.000218048,0.018638669,0.008884123,4.674362640,90.000000000,49.815755398,86.308614014,-1.406381761,2017,1,20,2016,10,20,294
2016-10-21 12:00:00,0.001456022,0.000306373,-0.007300000,-0.000173380,0.007443789,0.009101722,4.683464362,344.054604099,50.028390672,-78.720092256,-1.091498939,2017,1,21,2016,10,21,295
2016-10-22 12:00:00,0.002420744,0.000299499,-0.005200000,-0.000116984,0.005735852,0.009274781,4.692739143,38.290163192,49.971132249,-65.036720859,-0.722698162,2017,1,22,2016,10,22,296
2016-10-23 12:00:00,0.014512064,0.000294861,-0.002500000,-0.000053502,0.014725828,0.009391558,4.702130700,29.744881297,49.778378084,-9.774431798,-0.326402626,2017,1,23,2016,10,23,297
2016-10-24 12:00:00,0.017202907,0.000292283,-0.003400000,0.000009346,0.017535678,0.009444953,4.711575653,198.645594122,49.656814414,-11.179912455,0.056693272,2017,1,24,2016,10,24,298
2016-10-25 12:00:00,0.003551056,0.000291016,0.005300000,0.000063147,0.006379655,0.009435573,4.721011225,279.727578551,49.734208505,56.177495608,0.383451021,2017,1,25,2016,10,25,299
2016-10-26 12:00:00,0.003220248,0.000290381,0.007600000,0.000104923,0.008254090,0.009372436,4.730383662,323.841814560,50.080833180,67.036805652,0.641430381,2017,1,26,2016,10,26,300
2016-10-27 12:00:00,0.002630589,0.000289377,-0.010300000,0.000135686,0.010630616,0.009267533,4.739651194,188.746162263,50.894316059,-75.673091561,0.838896602,2017,1,27,2016,10,27,301
2016-10-28 12:00:00,0.004455334,0.000287727,0.017500000,0.000152898,0.018058239,0.009131862,4.748783056,9.039482803,51.843734206,75.716480020,0.959366885,2017,1,28,2016,10,28,302
2016-10-29 12:00:00,0.004875449,0.000285885,-0.012800000,0.000159428,0.013697080,0.008978983,4.757762039,205.513870428,52.719934986,-69.148441591,1.017379848,2017,1,29,2016,10,29,303
2016-10-30 12:00:00,0.001063015,0.000283709,0.004100000,0.000152712,0.004235564,0.008819566,4.766581605,41.185925166,53.256751727,75.464869009,0.992132081,2017,1,30,2016,10,30,304
2016-10-31 12:00:00,0.002220360,0.000268139,0.002900000,0.000044633,0.003652396,0.008666439,4.775248045,352.234833982,50.984737636,52.560832657,0.295078015,2017,1,31,2016,10,31,305
2016-11-01 12:00:00,0.003244996,0.000276302,-0.003300000,0.000102946,0.004628175,0.008622086,4.783870131,33.690067526,52.111438314,-45.481499808,0.684114562,2017,2,32,2016,11,1,306
2016-11-02 12:00:00,0.002624881,0.000292391,0.004300000,0.000229840,0.005037857,0.008519731,4.792389862,252.255328375,55.074713063,58.598546406,1.545876515,2017,2,33,2016,11,2,307
2016-11-03 12:00:00,0.003584690,0.000275350,-0.013200000,0.000097712,0.013678085,0.008289447,4.800679308,157.011283198,50.993349177,-74.806754573,0.675391009,2017,2,34,2016,11,3,308
2016-11-04 12:00:00,0.000360555,0.000271325,0.011100000,0.000071723,0.011105854,0.008191655,4.808870963,56.309932474,49.753515222,88.139547198,0.501667128,2017,2,35,2016,11,4,309
2016-11-05 12:00:00,0.001104033,0.000258432,0.005400000,0.000012635,0.005511705,0.008119551,4.816990514,298.886581767,46.145915691,78.445088150,0.089162611,2017,2,36,2016,11,5,310
2016-11-06 12:00:00,0.001104033,0.000258432,0.005400000,0.000012635,0.005511705,0.008106922,4.825097435,298.886581767,46.145915691,78.445088150,0.089301510,2017,2,37,2016,11,6,311
2016-11-07 12:00:00,0.001104033,0.000258432,0.005400000,0.000012635,0.005511705,0.008094293,4.833191728,298.886581767,46.145915691,78.445088150,0.089440842,2017,2,38,2016,11,7,312
2016-11-08 12:00:00,0.003584690,0.000244491,-0.000500000,-0.000032234,0.003619392,0.008081230,4.841272958,30.141385552,42.181832526,-7.940504598,-0.228540287,2017,2,39,2016,11,8,313
2016-11-09 12:00:00,0.002236068,0.000236590,-0.004400000,-0.000046494,0.004935585,0.008113215,4.849386173,349.695153531,40.568818813,-63.060447060,-0.328346935,2017,2,40,2016,11,9,314
2016-11-10 12:00:00,0.004301163,0.000190973,-0.011000000,-0.000218437,0.011811012,0.008158495,4.857544667,181.332219854,36.286983693,-68.643766848,-1.534233256,2017,2,41,2016,11,10,315
2016-11-11 12:00:00,0.000447214,0.000210958,-0.004000000,-0.000065283,0.004024922,0.008377353,4.865922021,116.565051177,39.762375855,-83.620629792,-0.446501277,2017,2,42,2016,11,11,316
2016-11-12 12:00:00,0.001676305,0.000199261,0.004100000,-0.000078872,0.004429447,0.008442332,4.874364352,252.645975364,38.845312009,67.762556580,-0.535293430,2017,2,43,2016,11,12,317
2016-11-13 12:00:00,0.000901388,0.000185893,-0.003050000,-0.000113372,0.003180409,0.008520880,4.882885233,326.309932474,37.139739616,-73.535640816,-0.762353212,2017,2,44,2016,11,13,318
2016-11-14 12:00:00,0.000901388,0.000185893,-0.003050000,-0.000113372,0.003180409,0.008634226,4.891519458,326.309932474,37.139739616,-73.535640816,-0.752344892,2017,2,45,2016,11,14,319
2016-11-15 12:00:00,0.000854400,0.000176852,-0.005300000,-0.000157412,0.005368426,0.008747384,4.900266842,159.443954780,35.768368280,-80.842271499,-1.031110181,2017,2,46,2016,11,15,320
2016-11-16 12:00:00,0.002942788,0.000172943,0.010200000,-0.000190654,0.010616026,0.008904687,4.909171529,189.782407032,35.330173965,73.906694006,-1.226823433,2017,2,47,2016,11,16,321
2016-11-17 12:00:00,0.006350591,0.000171191,-0.003000000,-0.000225923,0.007023532,0.009095273,4.918266802,26.161566442,35.328949643,-25.285910462,-1.423353033,2017,2,48,2016,11,17,322
2016-11-18 12:00:00,0.001059481,0.000170102,-0.004450000,-0.000285105,0.004574385,0.009321137,4.927587939,340.709953781,35.993733011,-76.608023808,-1.752776117,2017,2,49,2016,11,18,323
2016-11-19 12:00:00,0.001059481,0.000170102,-0.004450000,-0.000285105,0.004574385,0.009606196,4.937194135,340.709953781,35.993733011,-76.608023808,-1.700747854,2017,2,50,2016,11,19,324
2016-11-20 12:00:00,0.005721888,0.000167303,0.010000000,-0.000349102,0.011521285,0.009891210,4.947085344,185.013113755,37.198965928,60.222294371,-2.022625472,2017,2,51,2016,11,20,325
2016-11-21 12:00:00,0.005882176,0.000164305,0.008000000,-0.000394853,0.009929753,0.010240215,4.957325559,342.181111085,38.148314987,53.673994418,-2.209821426,2017,2,52,2016,11,21,326
2016-11-22 12:00:00,0.007268081,0.000160988,-0.007550000,-0.000455238,0.010479862,0.010634969,4.967960528,25.683647180,38.579505773,-46.089940465,-2.453338417,2017,2,53,2016,11,22,327
2016-11-23 12:00:00,0.007268081,0.000160988,-0.007550000,-0.000455238,0.010479862,0.011090156,4.979050684,25.683647180,38.579505773,-46.089940465,-2.352585000,2017,2,54,2016,11,23,328
2016-11-24 12:00:00,0.019403093,0.000159389,0.004200000,-0.000502500,0.019852456,0.011545326,4.990596010,194.322719978,38.475731056,12.213830602,-2.494533829,2017,2,55,2016,11,24,329
2016-11-25 12:00:00,0.006378871,0.000159893,-0.004800000,-0.000517351,0.007983107,0.012047786,5.002643796,346.399457483,38.533349777,-36.960883394,-2.461127848,2017,2,56,2016,11,25,330
2016-11-26 12:00:00,0.006007495,0.000162204,0.008700000,-0.000518652,0.010572606,0.012565123,5.015208920,177.137594774,38.433072389,55.374273120,-2.365676096,2017,2,57,2016,11,26,331
2016-11-27 12:00:00,0.006935416,0.000167172,-0.005700000,-0.000503442,0.008977193,0.013083796,5.028292716,354.207203505,37.899577995,-39.415706935,-2.205188466,2017,2,58,2016,11,27,332
2016-11-28 12:00:00,0.003453983,0.000173565,-0.004300000,-0.000475725,0.005515433,0.013587279,5.041879995,157.890551656,37.055836132,-51.226761676,-2.006481059,2017,2,59,2016,11,28,333
2016-11-29 12:00:00,0.001200000,0.000159495,0.008100000,-0.000420542,0.008188406,0.014062800,5.055942795,180.000000000,33.002393324,81.573030979,-1.713662859,2017,2,60,2016,11,29,334
2016-11-30 12:00:00,0.005263079,0.000185361,0.021100000,-0.000417740,0.021746494,0.014483624,5.070426419,141.170175095,35.019472542,75.994227311,-1.652765542,2017,2,61,2016,11,30,335
2016-12-01 12:00:00,0.004327817,0.000189235,-0.024800000,-0.000390742,0.025174789,0.014901379,5.085327798,310.314100160,34.581258630,-80.101066943,-1.502575122,2017,3,62,2016,12,1,336
2016-12-02 12:00:00,0.001662077,0.000192575,0.002150000,-0.000355748,0.002717536,0.015292132,5.100619930,6.911227119,34.488321274,52.293858087,-1.333019298,2017,3,63,2016,12,2,337
2016-12-03 12:00:00,0.001662077,0.000192575,0.002150000,-0.000355748,0.002717536,0.015647853,5.116267783,6.911227119,34.488321273,52.293858087,-1.302710660,2017,3,64,2016,12,3,338
2016-12-04 12:00:00,0.003551056,0.000195886,-0.002200000,-0.000316282,0.004177320,0.016003615,5.132271398,350.272421449,34.170914919,-31.779622120,-1.132418271,2017,3,65,2016,12,4,339
2016-12-05 12:00:00,0.004031129,0.000197841,-0.006500000,-0.000286512,0.007648529,0.016319897,5.148591295,203.385221057,33.474202255,-58.193899981,-1.005935801,2017,3,66,2016,12,5,340
2016-12-06 12:00:00,0.002193171,0.000198548,0.003500000,-0.000253683,0.004130375,0.016606397,5.165197692,24.227745318,32.357579855,57.927904680,-0.875297978,2017,3,67,2016,12,6,341
2016-12-07 12:00:00,0.003361547,0.000198541,-0.011700000,-0.000216934,0.012173332,0.016860062,5.182057753,202.750976343,30.501880990,-73.970020622,-0.737230514,2017,3,68,2016,12,7,342
2016-12-08 12:00:00,0.002319483,0.000198691,0.005600000,-0.000181537,0.006061353,0.017076983,5.199134736,352.568592029,28.180676021,67.500989009,-0.609094122,2017,3,69,2016,12,8,343
2016-12-09 12:00:00,0.001104536,0.000199409,-0.004200000,-0.000152212,0.004342810,0.017258516,5.216393252,174.805571092,25.873862174,-75.265713569,-0.505326839,2017,3,70,2016,12,9,344
2016-12-10 12:00:00,0.002607681,0.000211303,0.006300000,-0.000320389,0.006818358,0.017410858,5.233804110,122.471192291,30.773853059,67.514474919,-1.054397025,2017,3,71,2016,12,10,345
2016-12-11 12:00:00,0.003466987,0.000203019,-0.015800000,-0.000108138,0.016175908,0.017731126,5.251535236,236.768288932,22.787100180,-77.623759736,-0.349434961,2017,3,72,2016,12,11,346
2016-12-12 12:00:00,0.004785394,0.000201987,0.003100000,-0.000092168,0.005701754,0.017839245,5.269374482,26.029592192,21.739120036,32.935347499,-0.296024250,2017,3,73,2016,12,12,347
2016-12-13 12:00:00,0.001415980,0.000201092,0.003200000,-0.000081111,0.003499286,0.017931397,5.287305879,312.137594774,21.075517208,66.130906016,-0.259173601,2017,3,74,2016,12,13,348
2016-12-14 12:00:00,0.001415980,0.000201092,0.003200000,-0.000081111,0.003499286,0.018012503,5.305318382,312.137594774,21.075517208,66.130906016,-0.258006595,2017,3,75,2016,12,14,349
2016-12-15 12:00:00,0.001486607,0.000203798,0.004900000,-0.000064997,0.005120547,0.018093640,5.323412022,137.726310994,20.696805326,73.122771485,-0.205821465,2017,3,76,2016,12,15,350
2016-12-16 12:00:00,0.004140048,0.000207755,0.009600000,-0.000045880,0.010454664,0.018158677,5.341570699,322.853313302,19.969070769,66.671635823,-0.144763130,2017,3,77,2016,12,16,351
2016-12-17 12:00:00,0.004024922,0.000211576,-0.020000000,-0.000019393,0.020400980,0.018204598,5.359775297,153.434948823,18.793575530,-78.621432756,-0.061036184,2017,3,78,2016,12,17,352
2016-12-18 12:00:00,0.005403702,0.000215523,0.018000000,0.000012218,0.018793616,0.018224036,5.377999333,2.121096397,16.979539541,73.289944254,0.038414116,2017,3,79,2016,12,18,353
2016-12-19 12:00:00,0.011503912,0.000218180,-0.002300000,0.000049753,0.011731581,0.018211850,5.396211183,178.505666409,14.697592672,-11.306185159,0.156527375,2017,3,80,2016,12,19,354
2016-12-20 12:00:00,0.011154371,0.000220030,-0.006300000,0.000087470,0.012810543,0.018162123,5.414373306,5.659481840,12.441768726,-29.457804351,0.275942158,2017,3,81,2016,12,20,355
2016-12-21 12:00:00,0.006378871,0.000221407,-0.000400000,0.000118352,0.006391400,0.018074676,5.432447982,193.600542517,10.502789832,-3.588149309,0.375172508,2017,3,82,2016,12,21,356
2016-12-22 12:00:00,0.003701351,0.000222642,-0.001500000,0.000142355,0.003993745,0.017956348,5.450404330,358.451842301,9.098272009,-22.060617098,0.454236271,2017,3,83,2016,12,22,357
2016-12-23 12:00:00,0.003001666,0.000225549,0.010000000,0.000239292,0.010440785,0.017814041,5.468218371,150.018360631,7.880992701,73.291997777,0.769665670,2017,3,84,2016,12,23,358
2016-12-24 12:00:00,0.002624881,0.000229484,0.011700000,0.000201912,0.011990830,0.017574819,5.485793189,310.364536573,5.881517215,77.355134663,0.658268210,2017,3,85,2016,12,24,359
2016-12-25 12:00:00,0.003140064,0.000221226,-0.010800000,0.000182652,0.011247222,0.017372817,5.503166006,80.837652954,5.346699474,-73.788388282,0.602400353,2017,3,86,2016,12,25,360
2016-12-26 12:00:00,0.002400000,0.000208518,-0.000700000,0.000152293,0.002500000,0.017190021,5.520356028,180.000000000,5.257578230,-16.260204708,0.507611819,2017,3,87,2016,12,26,361
2016-12-27 12:00:00,0.008115417,0.000192631,0.007900000,0.000113926,0.011325635,0.017037552,5.537393580,3.532294584,5.956692913,44.229382240,0.383126436,2017,3,88,2016,12,27,362
2016-12-28 12:00:00,0.006191123,0.000176572,-0.017400000,0.000076667,0.018468622,0.016923458,5.554317039,211.122470197,7.717744391,-70.413848976,0.259565028,2017,3,89,2016,12,28,363
2016-12-29 12:00:00,0.001442221,0.000162194,0.004800000,0.000041891,0.005011986,0.016846651,5.571163689,236.309932474,10.977664060,73.276441994,0.142472596,2017,3,90,2016,12,29,364
2016-12-30 12:00:00,0.006325346,0.000152517,-0.001500000,0.000011168,0.006500769,0.016804671,5.587968360,39.225674097,15.721988044,-13.340755936,0.038078105,2017,3,91,2016,12,30,365
2016-12-31 12:00:00,0.008495881,0.000150708,-0.001800000,-0.000015385,0.008684469,0.016793487,5.604761847,227.862405226,21.142302823,-11.962213635,-0.052489416,2017,3,92,2016,12,31,366
2017-01-01 12:00:00,0.003635932,0.000156500,-0.000200000,-0.000036545,0.003641428,0.016808924,5.621570771,31.504266719,25.966661731,-3.148469250,-0.124570630,2017,4,93,2017,1,1,1
2017-01-02 12:00:00,0.001526434,0.000166980,-0.002200000,-0.000054157,0.002677686,0.016845568,5.638416339,148.392497754,29.714795484,-55.245790239,-0.184199528,2017,4,94,2017,1,2,2
2017-01-03 12:00:00,0.005629387,0.000179285,0.004400000,-0.000072031,0.007144928,0.016899848,5.655316187,12.308015817,32.575858813,38.011631687,-0.244209599,2017,4,95,2017,1,3,3
2017-01-04 12:00:00,0.003667424,0.000191596,0.008400000,-0.000088047,0.009165697,0.016972010,5.672288197,154.133643206,34.447326582,66.414009087,-0.297239578,2017,4,96,2017,1,4,4
2017-01-05 12:00:00,0.002912044,0.000203201,-0.004200000,-0.000106705,0.005110773,0.017060186,5.689348383,285.945395901,35.479397151,-55.264735496,-0.358365867,2017,4,97,2017,1,5,5
2017-01-06 12:00:00,0.003041381,0.000213308,0.004100000,-0.000131465,0.005104900,0.017167006,5.706515389,62.592424562,35.765217312,53.431964593,-0.438775859,2017,4,98,2017,1,6,6
2017-01-07 12:00:00,0.001886796,0.000221665,-0.000700000,-0.000156889,0.002012461,0.017298566,5.723813955,147.994616792,35.385990643,-20.354816430,-0.519651295,2017,4,99,2017,1,7,7
2017-01-08 12:00:00,0.004219005,0.000226326,-0.011900000,-0.000183763,0.012625767,0.017455502,5.741269457,264.559667969,34.884739714,-70.478638786,-0.603194565,2017,4,100,2017,1,8,8
2017-01-09 12:00:00,0.002952965,0.000228090,-0.005800000,-0.000207372,0.006508456,0.017639273,5.758908731,151.699244234,34.382093461,-63.017907317,-0.673598548,2017,4,101,2017,1,9,9
2017-01-10 12:00:00,0.002780288,0.000227195,0.002800000,-0.000222214,0.003945884,0.017846616,5.776755347,307.694240467,33.973273028,45.202395253,-0.713426561,2017,4,102,2017,1,10,10
2017-01-11 12:00:00,0.004440721,0.000225070,-0.003100000,-0.000227802,0.005415718,0.018068786,5.794824133,82.234833982,33.330389784,-34.918311200,-0.722375101,2017,4,103,2017,1,11,11
2017-01-12 12:00:00,0.001923538,0.000222282,0.019200000,-0.000225043,0.019296114,0.018296536,5.813120670,261.027373385,32.416231673,84.278952446,-0.704740956,2017,4,104,2017,1,12,12
2017-01-13 12:00:00,0.002256103,0.000219421,0.000100000,-0.000216563,0.002258318,0.018521529,5.831642198,257.195733935,31.423783156,2.537929611,-0.669946147,2017,4,105,2017,1,13,13
2017-01-14 12:00:00,0.000360555,0.000215828,-0.011500000,-0.000204745,0.011505651,0.018738035,5.850380233,33.690067526,30.673474806,-88.204215466,-0.626068023,2017,4,106,2017,1,14,14
2017-01-15 12:00:00,0.000640312,0.000212360,0.009700000,-0.000189844,0.009721111,0.018942728,5.869322960,308.659808254,30.571446298,86.223293833,-0.574227719,2017,4,107,2017,1,15,15
2017-01-16 12:00:00,0.001627882,0.000209334,-0.006500000,-0.000172291,0.006700746,0.019132526,5.888455487,317.489552922,31.055136401,-75.939848823,-0.515963688,2017,4,108,2017,1,16,16
2017-01-17 12:00:00,0.001421267,0.000205498,-0.001500000,-0.000152057,0.002066398,0.019304766,5.907760253,140.710593137,32.170502923,-46.543841916,-0.451302425,2017,4,109,2017,1,17,17
2017-01-18 12:00:00,0.002600000,0.000202467,0.001200000,-0.000127017,0.002863564,0.019456782,5.927217035,0.000000000,33.372406990,24.775140569,-0.374039377,2017,4,110,2017,1,18,18
2017-01-19 12:00:00,0.000894427,0.000200334,-0.001300000,-0.000095966,0.001577973,0.019583771,5.946800806,333.434948823,34.487054625,-55.471214959,-0.280767547,2017,4,111,2017,1,19,19
2017-01-20 12:00:00,0.001720465,0.000199057,0.000900000,-0.000059079,0.001941649,0.019679719,5.966480525,125.537677792,35.491494663,27.614712615,-0.172003416,2017,4,112,2017,1,20,20
2017-01-21 12:00:00,0.002580698,0.000198063,-0.002600000,-0.000017876,0.003663332,0.019738785,5.986219310,234.462322208,35.809692205,-45.213473583,-0.051889650,2017,4,113,2017,1,21,21
2017-01-22 12:00:00,0.002267157,0.000196763,0.001900000,0.000022675,0.002958040,0.019756648,6.005975958,41.423665625,35.512972681,39.964827593,0.065760543,2017,4,114,2017,1,22,22
2017-01-23 12:00:00,0.001345362,0.000195702,-0.007000000,0.000060246,0.007128113,0.019733963,6.025709920,318.012787504,34.524885928,-79.120720084,0.174918144,2017,4,115,2017,1,23,23
2017-01-24 12:00:00,0.001910497,0.000194128,-0.004000000,0.000088365,0.004432832,0.019673704,6.045383625,6.009005957,33.270221945,-64.469724019,0.257346479,2017,4,116,2017,1,24,24
2017-01-25 12:00:00,0.002941088,0.000191870,0.007300000,0.000103730,0.007870197,0.019585321,6.064968946,17.818888915,31.827407275,68.056046594,0.303458187,2017,4,117,2017,1,25,25
2017-01-26 12:00:00,0.006303174,0.000187576,-0.000400000,0.000110383,0.006315853,0.019481554,6.084450501,181.818302964,30.406993401,-3.631126354,0.324639983,2017,4,118,2017,1,26,26
2017-01-27 12:00:00,0.002280351,0.000180878,0.002900000,0.000110965,0.003689173,0.019371113,6.103821614,344.744881297,29.349302527,51.821042856,0.328213590,2017,4,119,2017,1,27,27
2017-01-28 12:00:00,0.000565685,0.000173313,-0.002400000,0.000108558,0.002465766,0.019260084,6.123081698,315.000000000,28.018305834,-76.737323992,0.322945081,2017,4,120,2017,1,28,28
2017-01-29 12:00:00,0.000921954,0.000165172,-0.003700000,0.000108693,0.003813135,0.019151458,6.142233156,192.528807709,25.903448814,-76.008152379,0.325179356,2017,4,121,2017,1,29,29
2017-01-30 12:00:00,0.002137756,0.000156928,0.004000000,0.000115847,0.004535416,0.019042700,6.161275855,10.784297868,23.161483859,61.878216613,0.348561995,2017,4,122,2017,1,30,30
2017-01-31 12:00:00,0.002088061,0.000149545,0.005000000,0.000127801,0.005418487,0.018926797,6.180202653,163.300755766,20.456701110,67.333986602,0.386886041,2017,4,123,2017,1,31,31
2017-02-01 12:00:00,0.001104536,0.000143995,0.001500000,0.000140756,0.001862794,0.018798957,6.199001610,174.805571092,18.774435973,53.633651474,0.429002817,2017,5,124,2017,2,1,32
2017-02-02 12:00:00,0.001272792,0.000140981,0.000800000,0.000152971,0.001503330,0.018658182,6.217659792,315.000000000,17.858624875,32.150978134,0.469751506,2017,5,125,2017,2,2,33
2017-02-03 12:00:00,0.001886796,0.000141060,-0.000700000,0.000160380,0.002012461,0.018505216,6.236165008,57.994616792,17.555300877,-20.354816430,0.496573812,2017,5,126,2017,2,3,34
2017-02-04 12:00:00,0.004588028,0.000142925,0.007600000,0.000163522,0.008877500,0.018344855,6.254509863,200.409882834,17.771564825,58.881128544,0.510728967,2017,5,127,2017,2,4,35
2017-02-05 12:00:00,0.005777543,0.000145172,-0.012500000,0.000156449,0.013770621,0.018181356,6.272691219,336.540975919,18.826766296,-65.193458751,0.493029813,2017,5,128,2017,2,5,36
2017-02-06 12:00:00,0.003889730,0.000147848,0.012200000,0.000137191,0.012805077,0.018024934,6.290716153,162.030860260,20.411230721,72.316140870,0.436092926,2017,5,129,2017,2,6,37
2017-02-07 12:00:00,0.002915476,0.000152610,-0.007400000,0.000110918,0.007953616,0.017887788,6.308603941,354.093858886,22.345185725,-68.496391195,0.355279630,2017,5,130,2017,2,7,38
2017-02-08 12:00:00,0.001726268,0.000159417,0.000400000,0.000079155,0.001772005,0.017776934,6.326380874,190.007979801,24.195471957,13.045988414,0.255119565,2017,5,131,2017,2,8,39
2017-02-09 12:00:00,0.000640312,0.000168839,-0.007800000,0.000045800,0.007826238,0.017697869,6.344078744,308.659808254,25.318777160,-85.307035955,0.148275097,2017,5,132,2017,2,9,40
2017-02-10 12:00:00,0.003801316,0.000180761,0.010100000,0.000010662,0.010791663,0.017652190,6.361730933,35.362461887,25.513242200,69.375274597,0.034608170,2017,5,133,2017,2,10,41
2017-02-11 12:00:00,0.002154066,0.000193710,-0.004200000,-0.000030986,0.004720169,0.017641665,6.379372598,201.801409486,24.994832196,-62.847944566,-0.100636521,2017,5,134,2017,2,11,42
2017-02-12 12:00:00,0.001431782,0.000204360,0.001200000,-0.000081731,0.001868154,0.017672770,6.397045368,24.775140569,24.606279211,39.966923740,-0.264976474,2017,5,135,2017,2,12,43
2017-02-13 12:00:00,0.001389244,0.000210049,0.005400000,-0.000137754,0.005575841,0.017754562,6.414799930,210.256437164,24.783620614,75.572529497,-0.444551262,2017,5,136,2017,2,13,44
2017-02-14 12:00:00,0.000608276,0.000208945,-0.002800000,-0.000187961,0.002865310,0.017892294,6.432692224,189.462322208,25.362569514,-77.743421321,-0.601909563,2017,5,137,2017,2,14,45
2017-02-15 12:00:00,0.005883026,0.000203276,-0.005100000,-0.000225212,0.007785885,0.018080177,6.450772400,31.798912824,26.207021763,-40.922041317,-0.713711502,2017,5,138,2017,2,15,46
2017-02-16 12:00:00,0.002500000,0.000181821,-0.003100000,-0.000261889,0.003982462,0.018305149,6.469077549,196.260204708,35.385346068,-51.115503566,-0.819750573,2017,5,139,2017,2,16,47
2017-02-17 12:00:00,0.010100495,0.000192322,0.005600000,-0.000204580,0.011549026,0.018567131,6.487644681,0.567266410,29.049353114,29.005225005,-0.631321396,2017,5,140,2017,2,17,48
2017-02-18 12:00:00,0.009363760,0.000192432,-0.005700000,-0.000197242,0.010962208,0.018771702,6.506416382,199.983106522,29.455841830,-31.330121737,-0.602042862,2017,5,141,2017,2,18,49
2017-02-19 12:00:00,0.001615549,0.000191639,-0.009300000,-0.000182244,0.009439280,0.018968926,6.525385309,248.198590514,30.402631011,-80.145207702,-0.550478477,2017,5,142,2017,2,19,50
2017-02-20 12:00:00,0.004220190,0.000192009,0.029500000,-0.000165146,0.029800336,0.019151165,6.544536473,76.293038996,31.441603171,81.858660651,-0.494082909,2017,5,143,2017,2,20,51
2017-02-21 12:00:00,0.003805260,0.000194344,-0.030000000,-0.000151313,0.030240370,0.019316325,6.563852799,273.012787504,32.219536539,-82.771093072,-0.448826609,2017,5,144,2017,2,21,52
2017-02-22 12:00:00,0.003580503,0.000199146,0.015400000,-0.000144368,0.015810756,0.019467679,6.583320478,125.909723079,32.490532369,76.911257475,-0.424897961,2017,5,145,2017,2,22,53
2017-02-23 12:00:00,0.003710795,0.000206616,-0.006900000,-0.000147049,0.007834539,0.019612118,6.602932596,255.963756532,32.446437755,-61.728796762,-0.429601046,2017,5,146,2017,2,23,54
2017-02-24 12:00:00,0.014534442,0.000215951,-0.006100000,-0.000163010,0.015762614,0.019759259,6.622691854,10.304846469,32.120962498,-22.767440114,-0.472684253,2017,5,147,2017,2,24,55
2017-02-25 12:00:00,0.005948109,0.000225287,0.015800000,-0.000189387,0.016882535,0.019922362,6.642614217,206.995838394,31.727448328,69.370521365,-0.544677132,2017,5,148,2017,2,25,56
2017-02-26 12:00:00,0.007009280,0.000232780,-0.006300000,-0.000214629,0.009424436,0.020111823,6.662726040,165.963756532,31.665207898,-41.949472830,-0.611460495,2017,5,149,2017,2,26,57
2017-02-27 12:00:00,0.006020797,0.000237154,0.004700000,-0.000231833,0.007638063,0.020326489,6.683052528,4.763641691,31.668060517,37.976577786,-0.653499149,2017,5,150,2017,2,27,58
2017-02-28 12:00:00,0.002893527,0.000239286,-0.007300000,-0.000249926,0.007852547,0.020558331,6.703610859,189.950626688,31.233302620,-68.377932795,-0.696556037,2017,5,151,2017,2,28,59
2017-03-01 12:00:00,0.002893527,0.000239286,-0.007300000,-0.000249926,0.007852547,0.020808239,6.724419098,189.950626688,31.233302620,-68.377932795,-0.688189933,2017,6,152,2017,3,1,60
2017-03-02 12:00:00,0.001868154,0.000236547,0.000100000,-0.000269951,0.001870829,0.021058118,6.745477216,195.524110997,30.864830485,3.064048491,-0.734513853,2017,6,153,2017,3,2,61
2017-03-03 12:00:00,0.002668333,0.000231021,-0.005400000,-0.000282875,0.006023288,0.021327991,6.766805208,282.994616792,31.098289566,-63.704378280,-0.759939911,2017,6,154,2017,3,3,62
2017-03-04 12:00:00,0.005805170,0.000223317,0.022900000,-0.000294508,0.023624352,0.021610769,6.788415976,100.922804720,31.745527064,75.775126203,-0.780840359,2017,6,155,2017,3,4,63
2017-03-05 12:00:00,0.003080584,0.000215881,0.001600000,-0.000302375,0.003471311,0.021905186,6.810321162,305.753887254,32.179224811,27.446551448,-0.790926300,2017,6,156,2017,3,5,64
2017-03-06 12:00:00,0.005024938,0.000210441,-0.004700000,-0.000308977,0.006880407,0.022207495,6.832528657,328.840695492,32.047388670,-43.086297124,-0.797191275,2017,6,157,2017,3,6,65
2017-03-07 12:00:00,0.002147091,0.000208169,0.002100000,-0.000318168,0.003003331,0.022516436,6.855045093,152.241459399,31.130355331,44.364739741,-0.809644641,2017,6,158,2017,3,7,66
2017-03-08 12:00:00,0.001916377,0.000207402,0.002650000,-0.000342182,0.003270321,0.022834584,6.877879678,172.504142360,29.389886290,54.127011291,-0.858624414,2017,6,159,2017,3,8,67
2017-03-09 12:00:00,0.001916377,0.000207402,0.002650000,-0.000342182,0.003270321,0.023176753,6.901056431,172.504142360,29.389886290,54.127011291,-0.845947246,2017,6,160,2017,3,9,68
2017-03-10 12:00:00,0.004517743,0.000206860,-0.015600000,-0.000376347,0.016240998,0.023518917,6.924575347,275.079607860,28.135842809,-73.849041936,-0.916879597,2017,6,161,2017,3,10,69
2017-03-11 12:00:00,0.008323461,0.000207125,-0.003700000,-0.000408809,0.009108787,0.023895252,6.948470599,35.217592968,27.363402620,-23.966421088,-0.980286657,2017,6,162,2017,3,11,70
2017-03-12 12:00:00,0.001118034,0.000206455,0.000700000,-0.000444164,0.001319091,0.024304040,6.972774639,190.304846469,26.677152868,32.050642635,-1.047157883,2017,6,163,2017,3,12,71
2017-03-13 12:00:00,0.001964688,0.000203859,0.004500000,-0.000479742,0.004910193,0.024748168,6.997522807,75.256437164,26.302959901,66.414043801,-1.110745300,2017,6,164,2017,3,13,72
2017-03-14 12:00:00,0.003805260,0.000199557,-0.004000000,-0.000518952,0.005520869,0.025227859,7.022750666,266.987212496,26.384593067,-46.429227730,-1.178690255,2017,6,165,2017,3,14,73
2017-03-15 12:00:00,0.003522783,0.000195387,-0.006500000,-0.000557713,0.007393240,0.025746763,7.048497429,34.592288688,26.399860017,-61.543785835,-1.241207858,2017,6,166,2017,3,15,74
2017-03-16 12:00:00,0.003067572,0.000193358,-0.000500000,-0.000593965,0.003108054,0.026304445,7.074801874,160.974393962,25.985778877,-9.257534905,-1.293872402,2017,6,167,2017,3,16,75
2017-03-17 12:00:00,0.005326350,0.000192313,0.014700000,-0.000619309,0.015635217,0.026898387,7.101700261,230.332158882,25.140752195,70.082689125,-1.319295589,2017,6,168,2017,3,17,76
2017-03-18 12:00:00,0.005341348,0.000190081,-0.003700000,-0.000631156,0.006497692,0.027517665,7.129217926,38.157226587,24.610590020,-34.710694535,-1.314274759,2017,6,169,2017,3,18,77
2017-03-19 12:00:00,0.001500000,0.000184912,-0.002700000,-0.000637424,0.003088689,0.028148772,7.157366698,90.000000000,24.441653417,-60.945395901,-1.297564128,2017,6,170,2017,3,19,78
2017-03-20 12:00:00,0.004188078,0.000177268,-0.015900000,-0.000641323,0.016442323,0.028786135,7.186152833,303.310630825,24.648267867,-75.243403020,-1.276591546,2017,6,171,2017,3,20,79
2017-03-21 12:00:00,0.008609297,0.000200515,0.004000000,-0.000756092,0.009493155,0.029427595,7.215580428,177.336999234,20.533083027,24.920240391,-1.472280207,2017,6,172,2017,3,21,80
2017-03-22 12:00:00,0.003996248,0.000145288,0.002300000,-0.000647817,0.004610857,0.030183354,7.245763781,328.298570330,29.864858427,29.922140762,-1.229818407,2017,6,173,2017,3,22,81
2017-03-23 12:00:00,0.001702939,0.000133608,0.002400000,-0.000610266,0.002942788,0.030831111,7.276594892,86.633539337,31.876265171,54.642097750,-1.134176670,2017,6,174,2017,3,23,82
2017-03-24 12:00:00,0.003931921,0.000123225,0.002700000,-0.000565005,0.004769696,0.031441328,7.308036221,7.305759533,33.856361947,34.476891990,-1.029669249,2017,6,175,2017,3,24,83
2017-03-25 12:00:00,0.000600000,0.000114874,-0.001600000,-0.000521523,0.001708801,0.032006299,7.340042519,180.000000000,36.387907925,-69.443954780,-0.933640192,2017,6,176,2017,3,25,84
2017-03-26 12:00:00,0.001711724,0.000108389,0.003100000,-0.000483964,0.003541186,0.032527796,7.372570315,6.709836808,39.219815242,61.093875995,-0.852505644,2017,6,177,2017,3,26,85
2017-03-27 12:00:00,0.004866210,0.000102555,-0.009900000,-0.000454302,0.011031319,0.033011739,7.405582054,189.462322208,41.964805674,-63.824205065,-0.788519574,2017,6,178,2017,3,27,86
2017-03-28 12:00:00,0.002195450,0.000097110,0.001800000,-0.000429586,0.002839014,0.033466022,7.439048076,30.068582822,44.034278425,39.347556723,-0.735497111,2017,6,179,2017,3,28,87
2017-03-29 12:00:00,0.002012461,0.000092872,-0.006300000,-0.000406494,0.006613622,0.033895595,7.472943670,206.565051177,44.797405372,-72.284527656,-0.687138608,2017,6,180,2017,3,29,88
2017-03-30 12:00:00,0.003138471,0.000091732,-0.005700000,-0.000384457,0.006506919,0.034302085,7.507245755,22.479434397,42.421331545,-61.162426377,-0.642183535,2017,6,181,2017,3,30,89
2017-03-31 12:00:00,0.005470832,0.000093942,0.011500000,-0.000359713,0.012734991,0.034686546,7.541932301,251.896236965,37.701623682,64.558422335,-0.594190357,2017,6,182,2017,3,31,90
2017-04-01 12:00:00,0.002102380,0.000097136,0.004600000,-0.000334734,0.005057667,0.035046267,7.576978568,115.346175942,33.878026422,65.437748751,-0.547251407,2017,7,183,2017,4,1,91
2017-04-02 12:00:00,0.002184033,0.000100168,-0.000400000,-0.000312211,0.002220360,0.035381008,7.612359576,74.054604099,31.141065478,-10.378551734,-0.505598475,2017,7,184,2017,4,2,92
2017-04-03 12:00:00,0.004100000,0.000103448,-0.008900000,-0.000292329,0.009798980,0.035693226,7.648052802,0.000000000,28.450474052,-65.265697471,-0.469259815,2017,7,185,2017,4,3,93
2017-04-04 12:00:00,0.000500000,0.000106675,0.003500000,-0.000273905,0.003535534,0.035985563,7.684038365,53.130102354,25.634744857,81.869897646,-0.436112442,2017,7,186,2017,4,4,94
2017-04-05 12:00:00,0.002507987,0.000108617,0.009400000,-0.000250748,0.009728823,0.036259473,7.720297838,184.573921260,24.062547510,75.061068188,-0.396225892,2017,7,187,2017,4,5,95
2017-04-06 12:00:00,0.002745906,0.000107613,0.002000000,-0.000191862,0.003397058,0.036510217,7.756808056,259.508522988,24.596176698,36.067986575,-0.301092617,2017,7,188,2017,4,6,96
2017-04-07 12:00:00,0.002121320,0.000104375,-0.015100000,-0.000205387,0.015248279,0.036702070,7.793510125,81.869897646,25.528027229,-82.003148898,-0.320632290,2017,7,189,2017,4,7,97
2017-04-08 12:00:00,0.002332381,0.000102875,-0.004700000,-0.000177227,0.005246904,0.036907452,7.830417577,59.036243468,26.618323983,-63.607037539,-0.275130937,2017,7,190,2017,4,8,98
2017-04-09 12:00:00,0.003301515,0.000101510,0.004500000,-0.000142043,0.005581219,0.037084674,7.867502251,324.865806943,29.650785673,53.733622098,-0.219456540,2017,7,191,2017,4,9,99
2017-04-10 12:00:00,0.004440721,0.000100209,0.002100000,0.000015685,0.004912230,0.037226713,7.904728963,172.234833982,46.789580775,25.309289836,0.024140990,2017,7,192,2017,4,10,100
2017-04-11 12:00:00,0.002267157,0.000103561,0.004100000,-0.000011615,0.004685083,0.037211037,7.941940000,221.423665625,40.801368524,61.058938631,-0.017883463,2017,7,193,2017,4,11,101
2017-04-12 12:00:00,0.000943398,0.000105956,-0.000300000,0.000053191,0.000989949,0.037222658,7.979162658,32.005383208,44.685067754,-17.640630914,0.081876047,2017,7,194,2017,4,12,102
2017-04-13 12:00:00,0.003832754,0.000109497,-0.001500000,0.000124668,0.004115823,0.037169477,8.016332135,344.875992692,47.502629465,-21.373563217,0.192172681,2017,7,195,2017,4,13,103
2017-04-14 12:00:00,0.000282843,0.000113298,-0.006000000,0.000196936,0.006006663,0.037044821,8.053376956,135.000000000,49.520260561,-87.301049091,0.304594494,2017,7,196,2017,4,14,104
2017-04-15 12:00:00,0.004494441,0.000117922,0.009500000,0.000261227,0.010509519,0.036847901,8.090224856,110.854458040,51.338799149,64.681213178,0.406191752,2017,7,197,2017,4,15,105
2017-04-16 12:00:00,0.004229657,0.000123444,-0.005200000,0.000306520,0.006702984,0.036586693,8.126811550,263.211025426,52.933010897,-50.875244952,0.480024158,2017,7,198,2017,4,16,106
2017-04-17 12:00:00,0.005107837,0.000129740,0.002100000,0.000324598,0.005522681,0.036280197,8.163091747,23.051300916,54.309907607,22.349177353,0.512630322,2017,7,199,2017,4,17,107
2017-04-18 12:00:00,0.002459675,0.000136383,0.002200000,0.000312136,0.003300000,0.035955626,8.199047374,243.434948823,56.061562168,41.810314896,0.497398541,2017,7,200,2017,4,18,108
2017-04-19 12:00:00,0.006228965,0.000143738,-0.016800000,0.000277453,0.017917589,0.035643522,8.234690895,185.527540152,58.185384992,-69.656644960,0.446000894,2017,7,201,2017,4,19,109
2017-04-20 12:00:00,0.003310589,0.000151430,-0.005900000,0.000233154,0.006765353,0.035366103,8.270056999,25.016893478,60.622050381,-60.702485334,0.377729902,2017,7,202,2017,4,20,110
2017-04-21 12:00:00,0.004681880,0.000158151,0.018700000,0.000192602,0.019277189,0.035132981,8.305189980,19.983106522,62.957504981,75.943918405,0.314101864,2017,7,203,2017,4,21,111
2017-04-22 12:00:00,0.002441311,0.000163477,-0.010300000,0.000158478,0.010585367,0.034940406,8.340130386,214.992020199,65.082729669,-76.665790901,0.259875845,2017,7,204,2017,4,22,112
2017-04-23 12:00:00,0.004500000,0.000167807,0.015100000,0.000129379,0.015756269,0.034781950,8.374912335,216.869897646,66.670873600,73.405246433,0.213125070,2017,7,205,2017,4,23,113
2017-04-24 12:00:00,0.002707397,0.000171095,-0.000600000,0.000104596,0.002773085,0.034652588,8.409564923,94.236394799,67.215536561,-12.495652503,0.172942574,2017,7,206,2017,4,24,114
2017-04-25 12:00:00,0.001405149,0.000174201,0.004766667,0.000077574,0.004969462,0.034548009,8.444112932,292.306205055,64.593144298,73.575191689,0.128651079,2017,7,207,2017,4,25,115
2017-04-26 12:00:00,0.001405149,0.000174201,0.004766667,0.000077574,0.004969462,0.034470436,8.478583369,292.306205055,64.593144298,73.575191689,0.128940597,2017,7,208,2017,4,26,116
2017-04-27 12:00:00,0.001405149,0.000174201,0.004766667,0.000077574,0.004969462,0.034392864,8.512976233,292.306205055,64.593144298,73.575191689,0.129231421,2017,7,209,2017,4,27,117
2017-04-28 12:00:00,0.002109502,0.000175755,-0.001400000,0.000061124,0.002531798,0.034315299,8.547291532,31.429565615,59.970733671,-33.570783719,0.102058182,2017,7,210,2017,4,28,118
2017-04-29 12:00:00,0.000538516,0.000176594,-0.001200000,0.000058649,0.001315295,0.034254180,8.581545712,158.198590514,56.636857678,-65.831186564,0.098100372,2017,7,211,2017,4,29,119
2017-04-30 12:00:00,0.000806226,0.000180356,0.001400000,0.000071097,0.001615549,0.034195552,8.615741264,29.744881297,49.841894871,60.063411708,0.119124716,2017,7,212,2017,4,30,120
2017-05-01 12:00:00,0.000806226,0.000180356,0.001400000,0.000071097,0.001615549,0.034124456,8.649865720,29.744881297,49.841894871,60.063411708,0.119372903,2017,8,213,2017,5,1,121
2017-05-02 12:00:00,0.000806226,0.000180356,0.001400000,0.000071097,0.001615549,0.034053361,8.683919081,29.744881297,49.841894871,60.063411708,0.119622127,2017,8,214,2017,5,2,122
2017-05-03 12:00:00,0.002500000,0.000187084,-0.015300000,0.000094505,0.015502903,0.033982301,8.717901382,196.260204708,43.536100505,-80.719954312,0.159339748,2017,8,215,2017,5,3,123
2017-05-04 12:00:00,0.000500000,0.000192331,0.005000000,0.000099537,0.005024938,0.033887827,8.751789209,126.869897646,40.205619807,84.289406863,0.168292584,2017,8,216,2017,5,4,124
2017-05-05 12:00:00,0.004071855,0.000198339,-0.002000000,0.000093367,0.004536518,0.033788327,8.785577536,294.676863170,37.003098964,-26.159193991,0.158325606,2017,8,217,2017,5,5,125
2017-05-06 12:00:00,0.002594224,0.000203689,-0.005400000,0.000075180,0.005990826,0.033694993,8.819272529,62.447188423,33.824205765,-64.339815585,0.127838259,2017,8,218,2017,5,6,126
2017-05-07 12:00:00,0.000761577,0.000208421,0.001300000,0.000045440,0.001506652,0.033619843,8.852892372,203.198590514,30.700580969,59.637003785,0.077439678,2017,8,219,2017,5,7,127
2017-05-08 12:00:00,0.004219005,0.000212142,-0.007000000,0.000003571,0.008173127,0.033574427,8.886466799,211.429565615,27.910758172,-58.922001817,0.006093829,2017,8,220,2017,5,8,128
2017-05-09 12:00:00,0.002601922,0.000212848,0.007300000,-0.000043138,0.007749839,0.033570861,8.920037660,357.797401838,25.360493030,70.382523333,-0.073623620,2017,8,221,2017,5,9,129
2017-05-10 12:00:00,0.000141421,0.000209256,0.000800000,-0.000089222,0.000812404,0.033613975,8.953651635,225.000000000,23.068466024,79.975012138,-0.152081000,2017,8,222,2017,5,10,130
2017-05-11 12:00:00,0.002596151,0.000202041,0.004100000,-0.000130144,0.004852834,0.033703151,8.987354787,105.642246457,20.703406022,57.657700043,-0.221247746,2017,8,223,2017,5,11,131
2017-05-12 12:00:00,0.000905539,0.000193631,-0.011500000,-0.000158531,0.011535597,0.033833244,9.021188031,276.340191746,18.098391064,-85.497678288,-0.268469223,2017,8,224,2017,5,12,132
2017-05-13 12:00:00,0.001941649,0.000183845,-0.010800000,-0.000172790,0.010973149,0.033991718,9.055179750,304.508522988,15.694422843,-79.808108865,-0.291253188,2017,8,225,2017,5,13,133
2017-05-14 12:00:00,0.002701851,0.000172609,0.009200000,-0.000173342,0.009588535,0.034164448,9.089344197,51.009005957,13.815932752,73.633568706,-0.290706442,2017,8,226,2017,5,14,134
2017-05-15 12:00:00,0.003860052,0.000162401,0.011200000,-0.000159771,0.011846518,0.034337738,9.123681935,36.573030979,11.941244380,70.983616996,-0.266594781,2017,8,227,2017,5,15,135
2017-05-16 12:00:00,0.002202272,0.000155295,-0.009600000,-0.000136051,0.009849365,0.034497475,9.158179410,267.397437798,9.791670460,-77.079711119,-0.225962685,2017,8,228,2017,5,16,136
2017-05-17 12:00:00,0.003522783,0.000181422,-0.007700000,-0.000179938,0.008467585,0.034633651,9.192813061,186.519801752,12.103637548,-65.415702309,-0.297679549,2017,8,229,2017,5,17,137
2017-05-18 12:00:00,0.006661081,0.000151278,0.013800000,-0.000066432,0.015323511,0.034813442,9.227626503,7.765166018,4.799141294,64.233999107,-0.109334010,2017,8,230,2017,5,18,138
2017-05-19 12:00:00,0.003201562,0.000152333,0.008000000,-0.000040133,0.008616844,0.034879879,9.262506382,194.470294100,2.990718639,68.188946464,-0.065924631,2017,8,231,2017,5,19,139
2017-05-20 12:00:00,0.001252996,0.000155952,-0.016300000,-0.000010534,0.016348089,0.034920027,9.297426409,118.610459666,2.155820269,-85.604264008,-0.017283869,2017,8,232,2017,5,20,140
2017-05-21 12:00:00,0.000632456,0.000195348,0.003300000,-0.000013337,0.003360060,0.034930759,9.332357168,198.434948823,358.184467944,79.150640083,-0.021876513,2017,8,233,2017,5,21,141
2017-05-22 12:00:00,0.002126029,0.000163391,0.016300000,0.000070225,0.016438066,0.034943932,9.367301100,311.185925166,359.735777146,82.568791781,0.115143821,2017,8,234,2017,5,22,142
2017-05-23 12:00:00,0.004104875,0.000165413,0.001000000,0.000120676,0.004224926,0.034873718,9.402174818,124.077195280,2.860342912,13.691294951,0.198264769,2017,8,235,2017,5,23,143
2017-05-24 12:00:00,0.004318565,0.000167226,-0.000200000,0.000168407,0.004323193,0.034753052,9.436927870,264.685454330,7.153656483,-2.651569474,0.277646381,2017,8,236,2017,5,24,144
2017-05-25 12:00:00,0.001726268,0.000170017,-0.002800000,0.000214558,0.003289377,0.034584660,9.471512530,280.007979801,12.365913841,-58.345164746,0.355457080,2017,8,237,2017,5,25,145
2017-05-26 12:00:00,0.005682429,0.000173602,-0.005300000,0.000261365,0.007770457,0.034370123,9.505882653,61.630953707,17.745233815,-43.005657864,0.435706090,2017,8,238,2017,5,26,146
2017-05-27 12:00:00,0.002531798,0.000177224,-0.003700000,0.000310496,0.004483302,0.034108779,9.539991432,260.909723079,22.734265202,-55.617347186,0.521577533,2017,8,239,2017,5,27,147
2017-05-28 12:00:00,0.004606517,0.000180984,-0.019200000,0.000360225,0.019744873,0.033798307,9.573789739,207.121303404,27.358439710,-76.508450923,0.610674508,2017,8,240,2017,5,28,148
2017-05-29 12:00:00,0.003512834,0.000184550,0.016000000,0.000404805,0.016381087,0.033438107,9.607227846,94.899092454,31.685639897,77.617061766,0.693645142,2017,8,241,2017,5,29,149
2017-05-30 12:00:00,0.002400000,0.000188990,-0.003900000,0.000431616,0.004579301,0.033033333,9.640261179,0.000000000,35.640416314,-58.392497754,0.748652700,2017,8,242,2017,5,30,150
2017-05-31 12:00:00,0.001029563,0.000196207,-0.005600000,0.000438467,0.005693856,0.032601767,9.672862946,150.945395901,38.910705026,-79.582474790,0.770604858,2017,8,243,2017,5,31,151
2017-06-01 12:00:00,0.003601389,0.000207025,0.015000000,0.000434784,0.015426276,0.032163375,9.705026321,358.408859729,41.198506464,76.499251562,0.774546989,2017,9,244,2017,6,1,152
2017-06-02 12:00:00,0.001702939,0.000219731,-0.000500000,0.000433749,0.001774824,0.031728686,9.736755007,139.763641691,42.033889926,-16.362772179,0.783290629,2017,9,245,2017,6,2,153
2017-06-03 12:00:00,0.005586591,0.000232451,-0.006900000,0.000440662,0.008878063,0.031295039,9.768050046,225.725224299,41.722246419,-51.004607862,0.806801494,2017,9,246,2017,6,3,154
2017-06-04 12:00:00,0.007569016,0.000246335,0.013000000,0.000448349,0.015042939,0.030854497,9.798904544,43.393997011,40.892708462,59.790667202,0.832598965,2017,9,247,2017,6,4,155
2017-06-05 12:00:00,0.003448188,0.000261622,0.000100000,0.000451270,0.003449638,0.030406290,9.829310834,240.461217740,39.743738191,1.661154381,0.850378104,2017,9,248,2017,6,5,156
2017-06-06 12:00:00,0.005803447,0.000276895,-0.015600000,0.000453378,0.016644519,0.029955174,9.859266008,268.025065989,38.219432836,-69.594001248,0.867217107,2017,9,249,2017,6,6,157
2017-06-07 12:00:00,0.003905125,0.000292735,0.003900000,0.000456225,0.005519058,0.029501969,9.888767977,39.805571092,36.327467724,44.962379648,0.886070643,2017,9,250,2017,6,7,158
2017-06-08 12:00:00,0.002816026,0.000308473,0.025200000,0.000454034,0.025356853,0.029045929,9.917813906,96.115503566,34.471978704,83.623818712,0.895660646,2017,9,251,2017,6,8,159
2017-06-09 12:00:00,0.001992486,0.000321332,-0.016000000,0.000448074,0.016123585,0.028592063,9.946405969,252.474431626,33.056617628,-82.901479156,0.897933569,2017,9,252,2017,6,9,160
2017-06-10 12:00:00,0.002061553,0.000330034,0.001100000,0.000443865,0.002336664,0.028144119,9.974550087,247.166345822,32.363187049,28.083416509,0.903656997,2017,9,253,2017,6,10,161
2017-06-11 12:00:00,0.007500000,0.000334680,-0.011100000,0.000445465,0.013396268,0.027700341,10.002250428,73.739795292,32.315096131,-55.954062643,0.921446634,2017,9,254,2017,6,11,162
2017-06-12 12:00:00,0.006356099,0.000337839,0.025100000,0.000448009,0.025892277,0.027254947,10.029505375,282.724355685,32.744458368,75.789653471,0.941854948,2017,9,255,2017,6,12,163
2017-06-13 12:00:00,0.001708801,0.000340824,-0.005300000,0.000448824,0.005568662,0.026807011,10.056312386,20.556045220,33.580252734,-72.129887846,0.959334721,2017,9,256,2017,6,13,164
2017-06-14 12:00:00,0.002758623,0.000341462,0.005900000,0.000442431,0.006513064,0.026358232,10.082670618,133.531199286,34.738244628,64.940939893,0.961773150,2017,9,257,2017,6,14,165
2017-06-15 12:00:00,0.003201562,0.000337949,-0.002000000,0.000420784,0.003774917,0.025915793,10.108586411,268.210089392,36.485333596,-31.992817000,0.930329505,2017,9,258,2017,6,15,166
2017-06-16 12:00:00,0.005491812,0.000331930,-0.006300000,0.000380125,0.008357631,0.025494966,10.134081376,190.491477012,38.984275068,-48.920809900,0.854300634,2017,9,259,2017,6,16,167
2017-06-17 12:00:00,0.004651881,0.000325472,-0.024200000,0.000320949,0.024643052,0.025114789,10.159196165,334.536654938,41.821820692,-79.118958993,0.732219653,2017,9,260,2017,6,17,168
2017-06-18 12:00:00,0.001769181,0.000320287,0.017500000,0.000250614,0.017589201,0.024793799,10.183989964,42.709389957,44.689633689,84.227237254,0.579151363,2017,9,261,2017,6,18,169
2017-06-19 12:00:00,0.001726268,0.000317338,0.012100000,0.000182075,0.012222520,0.024543168,10.208533132,259.992020199,47.549490022,81.880588579,0.425055197,2017,9,262,2017,6,19,170
2017-06-20 12:00:00,0.004396590,0.000316352,-0.001100000,0.000116404,0.004532108,0.024361096,10.232894228,72.801458780,49.888087295,-14.046700414,0.273776700,2017,9,263,2017,6,20,171
2017-06-21 12:00:00,0.001004988,0.000316252,0.007200000,0.000046867,0.007269801,0.024244700,10.257138929,185.710593137,51.414529864,82.053902351,0.110758516,2017,9,264,2017,6,21,172
2017-06-22 12:00:00,0.004882622,0.000317198,-0.017800000,-0.000027740,0.018457519,0.024197849,10.281336778,325.007979801,52.123815752,-74.660796407,-0.065682392,2017,9,265,2017,6,22,173
2017-06-23 12:00:00,0.002302173,0.000317901,-0.000100000,-0.000099886,0.002304344,0.024225596,10.305562374,34.380344724,52.072873480,-2.487206130,-0.236239868,2017,9,266,2017,6,23,174
2017-06-24 12:00:00,0.005385165,0.000317937,0.002800000,-0.000167386,0.006069596,0.024325474,10.329887847,158.198590514,51.270198473,27.472038848,-0.394260620,2017,9,267,2017,6,24,175
2017-06-25 12:00:00,0.002927456,0.000315778,0.002600000,-0.000226828,0.003915354,0.024492817,10.354380664,352.146686698,50.029660956,41.609659726,-0.530624525,2017,9,268,2017,6,25,176
2017-06-26 12:00:00,0.002009975,0.000312104,-0.009100000,-0.000277995,0.009319335,0.024719580,10.379100245,275.710593137,48.284099276,-77.544695124,-0.644359273,2017,9,269,2017,6,26,177
2017-06-27 12:00:00,0.006140033,0.000306747,-0.011200000,-0.000317632,0.012772627,0.024997487,10.404097732,173.453709217,46.638766400,-61.267689289,-0.728050924,2017,9,270,2017,6,27,178
2017-06-28 12:00:00,0.001442221,0.000299235,0.011600000,-0.000343655,0.011689311,0.025315005,10.429412737,303.690067526,45.658598477,82.912820779,-0.777822403,2017,9,271,2017,6,28,179
2017-06-29 12:00:00,0.002236068,0.000290659,0.019200000,-0.000358211,0.019329770,0.025658538,10.455071275,26.565051177,45.135482369,83.357151427,-0.799914801,2017,9,272,2017,6,29,180
2017-06-30 12:00:00,0.008549269,0.000282329,-0.005000000,-0.000354576,0.009904040,0.026016635,10.481087910,335.833370157,44.740765187,-30.321031077,-0.780897767,2017,9,273,2017,6,30,181
2017-07-01 12:00:00,0.003020348,0.000275524,0.005250000,-0.000323880,0.006056814,0.026371118,10.507459028,186.654425046,44.366648604,60.087996225,-0.703701716,2017,10,274,2017,7,1,182
2017-07-02 12:00:00,0.003020348,0.000275524,0.005250000,-0.000323880,0.006056814,0.026694980,10.534154008,186.654425046,44.366648604,60.087996225,-0.695164021,2017,10,275,2017,7,2,183
2017-07-03 12:00:00,0.003373426,0.000273786,-0.018800000,-0.000286085,0.019100262,0.027018825,10.561172833,191.976132444,44.576517569,-79.827245119,-0.606680093,2017,10,276,2017,7,3,184
2017-07-04 12:00:00,0.004936598,0.000274961,-0.006500000,-0.000271307,0.008162108,0.027304907,10.588477740,353.018942593,45.399496471,-52.784179155,-0.569311802,2017,10,277,2017,7,4,185
2017-07-05 12:00:00,0.000316228,0.000277941,-0.004700000,-0.000265032,0.004710626,0.027576231,10.616053971,341.565051177,46.306533639,-86.150797887,-0.550671498,2017,10,278,2017,7,5,186
2017-07-06 12:00:00,0.002828427,0.000281672,0.007400000,-0.000257143,0.007922121,0.027841287,10.643895258,225.000000000,46.608113061,69.082149908,-0.529192713,2017,10,279,2017,7,6,187
2017-07-07 12:00:00,0.002789265,0.000284546,0.014100000,-0.000239047,0.014373239,0.028098446,10.671993703,104.534455081,46.056682846,78.810206225,-0.487448816,2017,10,280,2017,7,7,188
2017-07-08 12:00:00,0.005300000,0.000285467,-0.015600000,-0.000213210,0.016475740,0.028337490,10.700331193,31.890791802,44.857492410,-71.235136707,-0.431094914,2017,10,281,2017,7,8,189
2017-07-09 12:00:00,0.004167733,0.000283506,-0.009700000,-0.000189187,0.010557462,0.028550669,10.728881862,120.256437164,43.046784858,-66.748582345,-0.379665035,2017,10,282,2017,7,9,190
2017-07-10 12:00:00,0.008292768,0.000277480,0.006500000,-0.000175361,0.010536603,0.028739788,10.757621651,303.690067526,40.717204001,38.089898355,-0.349602733,2017,10,283,2017,7,10,191
2017-07-11 12:00:00,0.005636488,0.000267491,0.011400000,-0.000167398,0.012717311,0.028915047,10.786536698,154.798876355,38.353806291,63.690882673,-0.331704928,2017,10,284,2017,7,11,192
2017-07-12 12:00:00,0.004841487,0.000252810,-0.013200000,-0.000158950,0.014059872,0.029082307,10.815619005,321.709836808,36.096626248,-69.858005815,-0.313153136,2017,10,285,2017,7,12,193
2017-07-13 12:00:00,0.005824946,0.000233802,0.014700000,-0.000141910,0.015812021,0.029241093,10.844860097,124.508522988,33.702739682,68.383812750,-0.278062391,2017,10,286,2017,7,13,194
2017-07-14 12:00:00,0.004427189,0.000214871,-0.012900000,-0.000117552,0.013638548,0.029382853,10.874242951,18.434948823,31.474719191,-71.058142159,-0.229224394,2017,10,287,2017,7,14,195
2017-07-15 12:00:00,0.009794386,0.000200052,0.000800000,-0.000090408,0.009827004,0.029500298,10.903743249,237.932608397,30.053412647,4.669521451,-0.175592354,2017,10,288,2017,7,15,196
2017-07-16 12:00:00,0.002024846,0.000190773,0.007000000,-0.000060576,0.007286975,0.029590643,10.933333892,122.905242923,30.065073174,73.866764556,-0.117293021,2017,10,289,2017,7,16,197
2017-07-17 12:00:00,0.004560702,0.000188225,-0.003300000,-0.000021569,0.005629387,0.029651202,10.962985094,37.874983651,31.705686984,-35.888478621,-0.041679144,2017,10,290,2017,7,17,198
2017-07-18 12:00:00,0.001208305,0.000193275,0.004000000,0.000024075,0.004178516,0.029672804,10.992657898,245.556045220,34.393063419,73.191685567,0.046486723,2017,10,291,2017,7,18,199
2017-07-19 12:00:00,0.003448188,0.000204432,-0.022000000,0.000064163,0.022268588,0.029648804,11.022306701,330.461217740,37.477286648,-81.092171089,0.123993020,2017,10,292,2017,7,19,200
2017-07-20 12:00:00,0.001676305,0.000217848,0.022100000,0.000093975,0.022163483,0.029584739,11.051891440,17.354024636,40.828891060,85.662368009,0.181999157,2017,10,293,2017,7,20,201
2017-07-21 12:00:00,0.002842534,0.000230012,-0.009100000,0.000116696,0.009533625,0.029490858,11.081382298,39.289406863,44.160030078,-72.652950234,0.226722054,2017,10,294,2017,7,21,202
2017-07-22 12:00:00,0.005714018,0.000240643,-0.002400000,0.000132293,0.006197580,0.029374251,11.110756549,212.855721950,47.236693457,-22.783364658,0.258044136,2017,10,295,2017,7,22,203
2017-07-23 12:00:00,0.005277310,0.000249976,0.004000000,0.000138578,0.006621933,0.029242040,11.139998590,80.180699361,49.666567476,37.160741913,0.271525736,2017,10,296,2017,7,23,204
2017-07-24 12:00:00,0.003275668,0.000257692,0.014500000,0.000139041,0.014865396,0.029103535,11.169102124,301.263731694,51.447000665,77.270101382,0.273729331,2017,10,297,2017,7,24,205
2017-07-25 12:00:00,0.008973851,0.000264075,-0.002100000,0.000134699,0.009216290,0.028964557,11.198066681,165.808903451,53.194870840,-13.170961566,0.266453237,2017,10,298,2017,7,25,206
2017-07-26 12:00:00,0.005597321,0.000270449,-0.017200000,0.000126941,0.018087841,0.028829923,11.226896604,288.758650348,55.237048889,-71.973784271,0.252280357,2017,10,299,2017,7,26,207
2017-07-27 12:00:00,0.003584690,0.000280850,0.004500000,0.000111049,0.005753260,0.028703087,11.255599691,22.988716802,57.245255553,51.459253341,0.221671303,2017,10,300,2017,7,27,208
2017-07-28 12:00:00,0.004441846,0.000295446,0.001600000,0.000084524,0.004721229,0.028592190,11.284191881,148.815025341,59.216726140,19.809555680,0.169377464,2017,10,301,2017,7,28,209
2017-07-29 12:00:00,0.004134005,0.000312135,0.014900000,0.000056387,0.015462859,0.028507849,11.312699730,327.847704859,61.329206674,74.493324319,0.113328040,2017,10,302,2017,7,29,210
2017-07-30 12:00:00,0.000989949,0.000328848,-0.010700000,0.000034139,0.010745697,0.028451654,11.341151384,315.000000000,63.397720566,-84.714119734,0.068748324,2017,10,303,2017,7,30,211
2017-07-31 12:00:00,0.004201190,0.000343848,0.002100000,0.000012400,0.004696807,0.028417695,11.369569078,38.233825177,65.342696948,26.558557450,0.025000494,2017,10,304,2017,7,31,212
2017-08-01 12:00:00,0.005578530,0.000359218,-0.007100000,-0.000012930,0.009029396,0.028405486,11.397974564,284.534455081,67.126201510,-51.842978764,-0.026080579,2017,11,305,2017,8,1,213
2017-08-02 12:00:00,0.002596151,0.000378892,0.003800000,-0.000041554,0.004602173,0.028418670,11.426393235,195.642246457,68.966187903,55.659203191,-0.083778261,2017,11,306,2017,8,2,214
2017-08-03 12:00:00,0.002051828,0.000405421,-0.001700000,-0.000070261,0.002664583,0.028460586,11.454853821,46.974934011,70.513007838,-39.642743848,-0.141447517,2017,11,307,2017,8,3,215
2017-08-04 12:00:00,0.009518929,0.000441759,0.010600000,-0.000096436,0.014246754,0.028531380,11.483385201,340.994015804,71.694308294,48.075776216,-0.193659147,2017,11,308,2017,8,4,216
2017-08-05 12:00:00,0.011227199,0.000486864,0.011900000,-0.000121227,0.016360318,0.028628535,11.512013736,160.758121722,72.294380246,46.666340215,-0.242619399,2017,11,309,2017,8,5,217
2017-08-06 12:00:00,0.001811077,0.000541062,-0.027500000,-0.000149945,0.027559572,0.028750714,11.540764450,6.340191746,72.465314840,-86.232093088,-0.298819673,2017,11,310,2017,8,6,218
2017-08-07 12:00:00,0.003298485,0.000605149,0.015300000,-0.000186119,0.015651517,0.028901904,11.569666355,194.036243468,72.645369217,77.833964897,-0.368968549,2017,11,311,2017,8,7,219
2017-08-08 12:00:00,0.002102380,0.000674696,-0.001900000,-0.000224623,0.002833725,0.029089512,11.598755867,357.273689006,73.024316425,-42.105314589,-0.442430972,2017,11,312,2017,8,8,220
2017-08-09 12:00:00,0.009408507,0.000740944,-0.010000000,-0.000257975,0.013730259,0.029315675,11.628071542,92.436648247,73.625086965,-46.745604575,-0.504204434,2017,11,313,2017,8,9,221
2017-08-10 12:00:00,0.008125269,0.000798049,0.001100000,-0.000286070,0.008199390,0.029575055,11.657646597,283.523160650,74.358429453,7.709836674,-0.554211763,2017,11,314,2017,8,10,222
2017-08-11 12:00:00,0.003067572,0.000845878,0.005900000,-0.000311833,0.006649812,0.029862338,11.687508935,250.974393962,75.107561978,62.528837651,-0.598312885,2017,11,315,2017,8,11,223
2017-08-12 12:00:00,0.003413210,0.000882710,-0.013000000,-0.000341545,0.013440610,0.030175102,11.717684037,275.042451069,75.611518815,-75.288770145,-0.648532448,2017,11,316,2017,8,12,224
2017-08-13 12:00:00,0.002418677,0.000915989,0.011900000,-0.000379978,0.012143311,0.030517483,11.748201520,172.874983651,75.863887416,78.511119885,-0.713417356,2017,11,317,2017,8,13,225
2017-08-14 12:00:00,0.007060453,0.000949368,-0.003800000,-0.000429363,0.008018105,0.030898300,11.779099820,344.389011466,75.807029964,-28.289540764,-0.796208749,2017,11,318,2017,8,14,226
2017-08-15 12:00:00,0.004242641,0.000983501,-0.009700000,-0.000483101,0.010587256,0.031328516,11.810428337,171.869897646,75.333484241,-66.376122277,-0.883563247,2017,11,319,2017,8,15,227
2017-08-16 12:00:00,0.000608276,0.001021187,0.005800000,-0.000534048,0.005831809,0.031812570,11.842240907,80.537677792,74.507644099,84.012978772,-0.961887676,2017,11,320,2017,8,16,228
2017-08-17 12:00:00,0.001300000,0.001065283,0.006100000,-0.000580346,0.006236986,0.032347769,11.874588676,112.619864948,73.475819415,77.969403903,-1.027988965,2017,11,321,2017,8,17,229
2017-08-18 12:00:00,0.001746425,0.001117948,-0.008900000,-0.000628356,0.009069730,0.032929552,11.907518228,293.629377731,72.412170761,-78.898051381,-1.093374161,2017,11,322,2017,8,18,230
2017-08-19 12:00:00,0.001081665,0.001178558,0.004600000,-0.000682549,0.004725463,0.033559626,11.941077853,236.309932474,71.475411461,76.767595055,-1.165385056,2017,11,323,2017,8,19,231
2017-08-20 12:00:00,0.008146779,0.001248130,-0.011400000,-0.000734365,0.014011781,0.034244228,11.975322081,221.516728531,70.882345822,-54.449274075,-1.228797581,2017,11,324,2017,8,20,232
2017-08-21 12:00:00,0.010163661,0.001326786,0.025000000,-0.000779512,0.026987034,0.034981010,12.010303091,13.079123780,70.665200788,67.875974935,-1.276876690,2017,11,325,2017,8,21,233
2017-08-22 12:00:00,0.005614268,0.001406620,-0.016800000,-0.000809920,0.017713272,0.035763024,12.046066115,274.085616780,70.703865211,-71.521269317,-1.297679886,2017,11,326,2017,8,22,234
2017-08-23 12:00:00,0.003522783,0.001483229,0.001700000,-0.000829559,0.003911521,0.036575357,12.082641472,173.480198248,70.920905440,25.760702433,-1.299625942,2017,11,327,2017,8,23,235
2017-08-24 12:00:00,0.003982462,0.001555593,-0.001600000,-0.000842151,0.004291853,0.037407188,12.120048660,321.115503566,71.241846546,-21.888365612,-1.290013770,2017,11,328,2017,8,24,236
2017-08-25 12:00:00,0.003701351,0.001623737,-0.014300000,-0.000856824,0.014771256,0.038251459,12.158300119,268.451842301,71.499064829,-75.488284726,-1.283519205,2017,11,329,2017,8,25,237
2017-08-26 12:00:00,0.001303840,0.001684985,0.014200000,-0.000873423,0.014259734,0.039110118,12.197410237,237.528807709,71.696952807,84.753825988,-1.279658362,2017,11,330,2017,8,26,238
2017-08-27 12:00:00,0.000921954,0.001731459,0.008200000,-0.000884636,0.008251666,0.039984733,12.237394970,192.528807709,71.759433580,83.584977602,-1.267735048,2017,11,331,2017,8,27,239
2017-08-28 12:00:00,0.001969772,0.001754829,-0.000300000,-0.000890296,0.001992486,0.040869554,12.278264524,336.037511025,71.554376401,-8.659710185,-1.248220707,2017,11,332,2017,8,28,240
2017-08-29 12:00:00,0.006462971,0.001754460,-0.018000000,-0.000892117,0.019125114,0.041759031,12.320023555,278.004728857,71.090556706,-70.249122834,-1.224128918,2017,11,333,2017,8,29,241
2017-08-30 12:00:00,0.006606815,0.001734825,-0.006800000,-0.000892445,0.009481034,0.042649573,12.362673128,50.527540152,70.405178263,-45.825545719,-1.199004995,2017,11,334,2017,8,30,242
2017-08-31 12:00:00,0.004669047,0.001699864,0.009300000,-0.000897724,0.010406248,0.043539916,12.406213044,279.865806943,69.588492992,63.341149328,-1.181431282,2017,11,335,2017,8,31,243
2017-09-01 12:00:00,0.007424958,0.001661669,-0.002800000,-0.000910996,0.007935364,0.044435524,12.450648568,295.529697991,68.801861892,-20.661786138,-1.174732961,2017,12,336,2017,9,1,244
2017-09-02 12:00:00,0.006382006,0.001622052,0.002800000,-0.000928392,0.006969218,0.045344461,12.495993028,234.566685990,68.023476175,23.688672393,-1.173167382,2017,12,337,2017,9,2,245
2017-09-03 12:00:00,0.004903060,0.001582245,-0.007900000,-0.000947514,0.009297849,0.046270892,12.542263921,11.768288932,67.248727818,-58.174584914,-1.173358892,2017,12,338,2017,9,3,246
2017-09-04 12:00:00,0.002529822,0.001542290,0.005200000,-0.000963401,0.005782733,0.047216541,12.589480462,251.565051177,66.527202162,64.056881269,-1.169137758,2017,12,339,2017,9,4,247
2017-09-05 12:00:00,0.004244997,0.001505178,-0.019000000,-0.000973926,0.019468436,0.048178265,12.637658727,226.909152433,65.893381476,-77.405761840,-1.158315918,2017,12,340,2017,9,5,248
2017-09-06 12:00:00,0.006989278,0.001474413,0.006900000,-0.000984445,0.009821405,0.049150792,12.686809519,340.787328183,65.457455555,44.631719244,-1.147658498,2017,12,341,2017,9,6,249
2017-09-07 12:00:00,0.013761177,0.001451738,-0.022500000,-0.000993222,0.026374609,0.050134141,12.736943660,171.222182614,65.243501966,-58.549715563,-1.135177193,2017,12,342,2017,9,7,250
2017-09-08 12:00:00,0.009818350,0.001437235,0.024700000,-0.000995425,0.026579880,0.051126545,12.788070205,356.496468355,65.206890536,68.321978498,-1.115609000,2017,12,343,2017,9,8,251
2017-09-09 12:00:00,0.004229657,0.001429875,0.013700000,-0.000989812,0.014338061,0.052121381,12.840191586,263.211025426,65.325827352,72.842759011,-1.088141593,2017,12,344,2017,9,9,252
2017-09-10 12:00:00,0.000860233,0.001428316,-0.015800000,-0.000978204,0.015823400,0.053110785,12.893302372,305.537677792,65.696137560,-86.883602597,-1.055343275,2017,12,345,2017,9,10,253
2017-09-11 12:00:00,0.001000000,0.001426673,0.005600000,-0.000968346,0.005688585,0.054088598,12.947390970,36.869897646,66.303972321,79.875328345,-1.025819071,2017,12,346,2017,9,11,254
2017-09-12 12:00:00,0.007021396,0.001419453,-0.012100000,-0.000956643,0.013989639,0.055056427,13.002447397,333.799885159,66.984867037,-59.874235917,-0.995603624,2017,12,347,2017,9,12,255
2017-09-13 12:00:00,0.005470832,0.001394006,0.005500000,-0.000940363,0.007757577,0.056012118,13.058459515,149.215853474,67.448211187,45.152332468,-0.961959019,2017,12,348,2017,9,13,256
2017-09-14 12:00:00,0.001700000,0.001332384,0.002000000,-0.000913617,0.002624881,0.056950720,13.115410235,331.927513064,67.362967293,49.635463427,-0.919192043,2017,12,349,2017,9,14,257
2017-09-15 12:00:00,0.001627882,0.001223027,0.012600000,-0.000874997,0.012704724,0.057861676,13.173271911,317.489552922,66.269439061,82.638337024,-0.866472176,2017,12,350,2017,9,15,258
2017-09-16 12:00:00,0.002549510,0.001071548,-0.011800000,-0.000837496,0.012072282,0.058733521,13.232005433,258.690067526,63.732523255,-77.808074184,-0.817022807,2017,12,351,2017,9,16,259
2017-09-17 12:00:00,0.001824829,0.000901308,-0.004100000,-0.000807743,0.004487761,0.059568061,13.291573494,350.537677792,59.378343905,-66.007101235,-0.776954785,2017,12,352,2017,9,17,260
2017-09-18 12:00:00,0.003920459,0.000743633,-0.006000000,-0.000782167,0.007167287,0.060373565,13.351947059,142.253194613,53.095395361,-56.839003271,-0.742313924,2017,12,353,2017,9,18,261
2017-09-19 12:00:00,0.003492850,0.000622077,-0.001000000,-0.000751182,0.003633180,0.061154317,13.413101375,246.370622269,45.654982500,-15.976373200,-0.703803897,2017,12,354,2017,9,19,262
2017-09-20 12:00:00,0.005916925,0.000543592,0.002000000,-0.000713229,0.006245799,0.061904721,13.475006097,30.465544919,39.022983490,18.675943212,-0.660142285,2017,12,355,2017,9,20,263
2017-09-21 12:00:00,0.001802776,0.000500803,0.004600000,-0.000671991,0.004940648,0.062617566,13.537623663,289.440034828,35.305975008,68.599402367,-0.614891484,2017,12,356,2017,9,21,264
2017-09-22 12:00:00,0.000670820,0.000474284,-0.001100000,-0.000633496,0.001288410,0.063289332,13.600912996,63.434948823,33.898936799,-58.623627593,-0.573512810,2017,12,357,2017,9,22,265
2017-09-23 12:00:00,0.001315295,0.000455170,-0.004300000,-0.000597305,0.004496665,0.063922672,13.664835667,351.253837737,33.570809055,-72.992046634,-0.535390305,2017,12,358,2017,9,23,266
2017-09-24 12:00:00,0.003104835,0.000440126,-0.008300000,-0.000563411,0.008861715,0.064519858,13.729355525,194.931417178,34.241240722,-69.490358099,-0.500333851,2017,12,359,2017,9,24,267
2017-09-25 12:00:00,0.001711724,0.000426618,0.008700000,-0.000531571,0.008866792,0.065083165,13.794438690,353.290163192,35.591914559,78.869232814,-0.467972601,2017,12,360,2017,9,25,268
2017-09-26 12:00:00,0.003765634,0.000414362,-0.005000000,-0.000495797,0.006259393,0.065614647,13.860053337,10.713123023,37.269153985,-53.015616209,-0.432942177,2017,12,361,2017,9,26,269
2017-09-27 12:00:00,0.000509902,0.000402081,0.003300000,-0.000455016,0.003339162,0.066110358,13.926163695,348.690067526,39.240046025,81.216363934,-0.394351079,2017,12,362,2017,9,27,270
2017-09-28 12:00:00,0.001513275,0.000389584,-0.006900000,-0.000410210,0.007063993,0.066565291,13.992728987,187.594643369,41.489276777,-77.630013894,-0.353088545,2017,12,363,2017,9,28,271
2017-09-29 12:00:00,0.002088061,0.000376757,-0.004800000,-0.000366436,0.005234501,0.066975421,14.059704408,163.300755766,43.723794948,-66.490344474,-0.313478215,2017,12,364,2017,9,29,272
2017-09-30 12:00:00,0.002707397,0.000364265,0.009200000,-0.000327145,0.009590099,0.067341782,14.127046190,4.236394799,45.728848660,73.601776588,-0.278343133,2017,12,365,2017,9,30,273
2017-10-01 12:00:00,0.002140093,0.000352170,-0.001200000,-0.000291901,0.002453569,0.067668859,14.194715049,232.594643369,47.659153745,-29.280359658,-0.247156045,2018,1,1,2017,10,1,274
2017-10-02 12:00:00,0.000948683,0.000339700,0.005400000,-0.000257246,0.005482700,0.067960693,14.262675742,108.434948823,49.775643806,80.035839175,-0.216877620,2018,1,2,2017,10,2,275
2017-10-03 12:00:00,0.002906888,0.000325491,-0.000400000,-0.000213898,0.002934280,0.068217867,14.330893608,356.054813771,52.281725135,-7.834934925,-0.179651909,2018,1,3,2017,10,3,276
2017-10-04 12:00:00,0.002900000,0.000310537,-0.009800000,-0.000162952,0.010220078,0.068431693,14.399325301,226.397181027,55.038897793,-73.515546810,-0.136435189,2018,1,4,2017,10,4,277
2017-10-05 12:00:00,0.006082763,0.000296037,0.031100000,-0.000112913,0.031689273,0.068594579,14.467919880,99.462322208,57.765728163,78.933381863,-0.094313833,2018,1,5,2017,10,5,278
2017-10-06 12:00:00,0.006694027,0.000283109,-0.027200000,-0.000070445,0.028011605,0.068707436,14.536627316,283.828650972,60.121422161,-76.174045072,-0.058744688,2018,1,6,2017,10,6,279
2017-10-07 12:00:00,0.002416609,0.000272931,0.008000000,-0.000032566,0.008357033,0.068777839,14.605405156,245.556045220,61.741855377,73.191685567,-0.027129488,2018,1,7,2017,10,7,280
2017-10-08 12:00:00,0.001664332,0.000266494,-0.007600000,0.000007233,0.007780103,0.068810380,14.674215536,32.735226272,62.415907979,-77.647734973,0.006022570,2018,1,8,2017,10,8,281
2017-10-09 12:00:00,0.000921954,0.000263498,0.012800000,0.000050558,0.012833160,0.068803136,14.743018672,77.471192291,61.762641783,85.880231900,0.042102348,2018,1,9,2017,10,9,282
2017-10-10 12:00:00,0.002545584,0.000263029,-0.023900000,0.000095413,0.024035183,0.068752576,14.811771248,225.000000000,60.032313107,-83.920358224,0.079513185,2018,1,10,2017,10,10,283
2017-10-11 12:00:00,0.004753946,0.000264732,0.016300000,0.000130963,0.016979105,0.068657171,14.880428418,14.620873989,57.955966894,73.740511019,0.109291441,2018,1,11,2017,10,11,284
2017-10-12 12:00:00,0.003448188,0.000266746,-0.007400000,0.000148550,0.008163945,0.068526216,14.948954635,196.858398768,55.489102225,-65.015829889,0.124204795,2018,1,12,2017,10,12,285
2017-10-13 12:00:00,0.003220248,0.000267542,0.002000000,0.000146099,0.003790778,0.068377671,15.017332306,216.158185440,52.729968771,31.843179287,0.122421011,2018,1,13,2017,10,13,286
2017-10-14 12:00:00,0.003301515,0.000266493,0.002800000,0.000130574,0.004328972,0.068231569,15.085563874,358.264295411,49.945301984,40.301128864,0.109646390,2018,1,14,2017,10,14,287
2017-10-15 12:00:00,0.002236068,0.000264979,0.002700000,0.000108076,0.003505710,0.068100990,15.153664864,79.695153531,46.815900238,50.369352290,0.090928270,2018,1,15,2017,10,15,288
2017-10-16 12:00:00,0.002163331,0.000262821,0.000500000,0.000078562,0.002220360,0.067992906,15.221657771,213.690067526,43.350245961,13.013973150,0.066201799,2018,1,16,2017,10,16,289
2017-10-17 12:00:00,0.001897367,0.000259136,-0.005300000,0.000047348,0.005629387,0.067914331,15.289572102,108.434948823,39.920531730,-70.302952700,0.039945013,2018,1,17,2017,10,17,290
2017-10-18 12:00:00,0.004386342,0.000253625,0.001700000,0.000018053,0.004704253,0.067866963,15.357439064,316.847610266,36.841834615,21.184669126,0.015241219,2018,1,18,2017,10,18,291
2017-10-19 12:00:00,0.002828427,0.000247049,-0.008000000,-0.000005240,0.008485281,0.067848885,15.425287949,171.869897646,33.802299799,-70.528779366,-0.004424665,2018,1,19,2017,10,19,292
2017-10-20 12:00:00,0.001081665,0.000239568,0.006400000,-0.000021447,0.006490763,0.067854098,15.493142047,33.690067526,30.886827845,80.407081229,-0.018110188,2018,1,20,2017,10,20,293
2017-10-21 12:00:00,0.001700000,0.000230349,0.016500000,-0.000029998,0.016587345,0.067875513,15.561017561,90.000000000,28.392000570,84.117554410,-0.025321940,2018,1,21,2017,10,21,294
2017-10-22 12:00:00,0.003538361,0.000220086,-0.004600000,-0.000033335,0.005803447,0.067905477,15.628923038,132.709389957,26.321060230,-52.432193135,-0.028126424,2018,1,22,2017,10,22,295
2017-10-23 12:00:00,0.006762396,0.000209754,-0.009600000,-0.000035196,0.011742657,0.067938779,15.696861816,336.467651439,24.808199182,-54.838511340,-0.029682715,2018,1,23,2017,10,23,296
2017-10-24 12:00:00,0.001612452,0.000199781,-0.007800000,-0.000030757,0.007964923,0.067973945,15.764835761,299.744881297,23.589681131,-78.320081162,-0.025925038,2018,1,24,2017,10,24,297
2017-10-25 12:00:00,0.000282843,0.000191636,0.010500000,-0.000016608,0.010503809,0.068004678,15.832840439,225.000000000,22.362998402,88.456973747,-0.013992359,2018,1,25,2017,10,25,298
2017-10-26 12:00:00,0.001600000,0.000185821,0.009200000,0.000001247,0.009338094,0.068021269,15.900861709,270.000000000,21.142243164,80.134193057,0.001050724,2018,1,26,2017,10,26,299
2017-10-27 12:00:00,0.004130375,0.000181159,-0.008900000,0.000015437,0.009811728,0.068020009,15.968881718,83.047042532,20.438656414,-65.104593129,0.013003314,2018,1,27,2017,10,27,300
2017-10-28 12:00:00,0.002692582,0.000176505,0.012500000,0.000018430,0.012786712,0.068004560,16.036886278,105.068488159,20.614388011,77.843854949,0.015528126,2018,1,28,2017,10,28,301
2017-10-29 12:00:00,0.009998500,0.000170748,-0.018000000,0.000012449,0.020590532,0.067986115,16.104872393,261.950938298,21.970049015,-60.949044856,0.010491718,2018,1,29,2017,10,29,302
2017-10-30 12:00:00,0.005353504,0.000164198,-0.003400000,-0.000001740,0.006341924,0.067973650,16.172846043,57.200468727,24.622168423,-32.419553351,-0.001466741,2018,1,30,2017,10,30,303
2017-10-31 12:00:00,0.001063015,0.000158490,-0.008300000,-0.000020091,0.008367795,0.067975376,16.240821419,138.814074834,28.249979826,-82.701629600,-0.016934285,2018,1,31,2017,10,31,304
2017-11-01 12:00:00,0.003996248,0.000153632,0.013500000,-0.000041175,0.014079062,0.067995456,16.308816875,211.701429670,33.017130586,73.510277606,-0.034695901,2018,2,32,2017,11,1,305
2017-11-02 12:00:00,0.005514526,0.000148831,0.001000000,-0.000059336,0.005604463,0.068036620,16.376853495,355.840357706,38.410128183,10.278280979,-0.049969010,2018,2,33,2017,11,2,306
2017-11-03 12:00:00,0.001726268,0.000144466,-0.004200000,-0.000074736,0.004540925,0.068095947,16.444949442,100.007979801,43.799377281,-67.656548152,-0.062882493,2018,2,34,2017,11,3,307
2017-11-04 12:00:00,0.001208305,0.000140223,0.005300000,-0.000092008,0.005435991,0.068170674,16.513120116,155.556045220,49.743275127,77.157097545,-0.077330568,2018,2,35,2017,11,4,308
2017-11-05 12:00:00,0.004243819,0.000137399,-0.002300000,-0.000111789,0.004827007,0.068262676,16.581382791,214.438989309,56.179114059,-28.456128252,-0.093828923,2018,2,36,2017,11,5,309
2017-11-06 12:00:00,0.005672742,0.000135718,-0.001900000,-0.000128917,0.005982474,0.068374461,16.649757252,49.289153329,62.361118174,-18.517502885,-0.108028966,2018,2,37,2017,11,6,310
2017-11-07 12:00:00,0.003280244,0.000134438,-0.001100000,-0.000135815,0.003459769,0.068503375,16.718260627,232.431407971,68.259470175,-18.538409938,-0.113595052,2018,2,38,2017,11,7,311
2017-11-08 12:00:00,0.002404163,0.000131841,0.007400000,-0.000128659,0.007780745,0.068639185,16.786899813,196.927513064,73.640393308,72.001699693,-0.107396621,2018,2,39,2017,11,8,312
2017-11-09 12:00:00,0.002039608,0.000127747,-0.005800000,-0.000104386,0.006148170,0.068767836,16.855667649,11.309932474,77.964712214,-70.625443817,-0.086972277,2018,2,40,2017,11,9,313
2017-11-10 12:00:00,0.001004988,0.000122809,-0.002400000,-0.000068732,0.002601922,0.068872213,16.924539862,264.289406862,80.628788781,-67.278754480,-0.057178782,2018,2,41,2017,11,10,314
2017-11-11 12:00:00,0.003395585,0.000118901,0.014200000,-0.000030047,0.014600342,0.068940938,16.993480800,76.373005140,80.670561223,76.551639919,-0.024971943,2018,2,42,2017,11,11,315
2017-11-12 12:00:00,0.002376973,0.000116957,-0.001700000,0.000007903,0.002922328,0.068970982,17.062451782,292.249023657,77.892845394,-35.572174661,0.006565524,2018,2,43,2017,11,12,316
2017-11-13 12:00:00,0.000100000,0.000116587,-0.005900000,0.000045246,0.005900847,0.068963078,17.131414860,270.000000000,72.936644657,-89.028978069,0.037591527,2018,2,44,2017,11,13,317
2017-11-14 12:00:00,0.002163331,0.000118004,-0.006600000,0.000077210,0.006945502,0.068917834,17.200332694,213.690067526,67.078168102,-71.852026068,0.064189630,2018,2,45,2017,11,14,318
2017-11-15 12:00:00,0.002500000,0.000120293,-0.004200000,0.000095861,0.004887740,0.068840628,17.269173322,253.739795292,61.755817089,-59.237280466,0.079784675,2018,2,46,2017,11,15,319
2017-11-16 12:00:00,0.003026549,0.000122963,0.009500000,0.000097433,0.009970456,0.068744772,17.337918094,82.405356631,57.477767259,72.328946804,0.081206431,2018,2,47,2017,11,16,320
2017-11-17 12:00:00,0.000316228,0.000126370,0.001700000,0.000083307,0.001729162,0.068647345,17.406565439,341.565051177,54.981607856,79.462487543,0.069531137,2018,2,48,2017,11,17,321
2017-11-18 12:00:00,0.003471311,0.000130507,-0.008000000,0.000056735,0.008720665,0.068564046,17.475129485,348.366366001,53.519376902,-66.543309125,0.047410558,2018,2,49,2017,11,18,322
2017-11-19 12:00:00,0.002061553,0.000135209,0.004600000,0.000027099,0.005040833,0.068507321,17.543636805,292.833654178,51.344365431,65.859811515,0.022664443,2018,2,50,2017,11,19,323
2017-11-20 12:00:00,0.006624198,0.000140265,0.002300000,-0.000023367,0.007012132,0.068480232,17.612117037,151.113418233,39.500470650,19.147606612,-0.019550297,2018,2,51,2017,11,20,324
2017-11-21 12:00:00,0.005385165,0.000142834,-0.001100000,-0.000046490,0.005496362,0.068503603,17.680620640,344.931511841,37.264742396,-11.544699347,-0.038883875,2018,2,52,2017,11,21,325
2017-11-22 12:00:00,0.004103657,0.000143571,-0.007600000,-0.000031356,0.008637129,0.068550095,17.749170735,226.974934011,44.180728008,-61.632956346,-0.026208005,2018,2,53,2017,11,22,326
2017-11-23 12:00:00,0.002376973,0.000147981,0.001000000,-0.000037862,0.002578759,0.068581460,17.817752195,22.249023657,41.671263681,22.816644164,-0.031631177,2018,2,54,2017,11,23,327
2017-11-24 12:00:00,0.002600000,0.000150414,0.005000000,-0.000036884,0.005635601,0.068619327,17.886371522,112.619864948,38.673194025,62.525568374,-0.030797440,2018,2,55,2017,11,24,328
2017-11-25 12:00:00,0.003748333,0.000151434,0.003600000,-0.000026134,0.005197115,0.068656213,17.955027735,226.080924187,34.859953730,43.843588239,-0.021809275,2018,2,56,2017,11,25,329
2017-11-26 12:00:00,0.003041381,0.000152974,-0.001700000,-0.000005091,0.003484250,0.068682350,18.023710085,43.667780146,30.483152411,-29.203293844,-0.004246903,2018,2,57,2017,11,26,330
2017-11-27 12:00:00,0.016514842,0.000157034,0.007400000,0.000023532,0.018096961,0.068687450,18.092397536,20.190591625,26.209033256,24.136282718,0.019628982,2018,2,58,2017,11,27,331
2017-11-28 12:00:00,0.006824954,0.000163307,-0.000800000,0.000053321,0.006871681,0.068663933,18.161061469,219.053136946,23.066211547,-6.685525982,0.044493410,2018,2,59,2017,11,28,332
2017-11-29 12:00:00,0.007308215,0.000171244,-0.003200000,0.000080460,0.007978095,0.068610631,18.229672100,196.699244234,21.552082042,-23.646853773,0.067191004,2018,2,60,2017,11,29,333
2017-11-30 12:00:00,0.001565248,0.000181382,-0.008400000,0.000096321,0.008544589,0.068530198,18.298202297,206.565051177,21.273424269,-79.444619534,0.080530882,2018,2,61,2017,11,30,334
2017-12-01 12:00:00,0.002404163,0.000192761,0.005700000,0.000095262,0.006186275,0.068433908,18.366636205,45.000000000,21.476872925,67.130810126,0.079757182,2018,3,62,2017,12,1,335
2017-12-02 12:00:00,0.003255764,0.000204658,-0.003800000,0.000078275,0.005003998,0.068338681,18.434974886,227.489552922,21.826948541,-49.410691396,0.065626138,2018,3,63,2017,12,2,336
2017-12-03 12:00:00,0.003935734,0.000215781,0.003200000,0.000050145,0.005072475,0.068260441,18.503235328,152.783888443,21.860290085,39.113288554,0.042090532,2018,3,64,2017,12,3,337
2017-12-04 12:00:00,0.003500000,0.000224702,-0.002800000,0.000012811,0.004482187,0.068210325,18.571445653,0.000000000,21.691942692,-38.659808254,0.010761446,2018,3,65,2017,12,4,338
2017-12-05 12:00:00,0.002830194,0.000229841,-0.003500000,-0.000028473,0.004501111,0.068197531,18.639643183,212.005383208,21.303688368,-51.040062367,-0.023921831,2018,3,66,2017,12,5,339
2017-12-06 12:00:00,0.002100000,0.000230457,0.000800000,-0.000068571,0.002247221,0.068226006,18.707869189,0.000000000,20.699473300,20.854458040,-0.057585677,2018,3,67,2017,12,6,340
2017-12-07 12:00:00,0.006519202,0.000228577,0.004500000,-0.000099202,0.007921490,0.068294570,18.776163760,41.268603001,19.785918874,34.616095856,-0.083225634,2018,3,68,2017,12,7,341
2017-12-08 12:00:00,0.004675468,0.000226508,-0.001500000,-0.000116001,0.004910193,0.068393765,18.844557525,228.468229259,18.726734530,-17.787462011,-0.097178345,2018,3,69,2017,12,8,342
2017-12-09 12:00:00,0.000263059,0.000226237,0.002560000,-0.000112789,0.002573480,0.068509765,18.913067290,98.746162263,18.647497772,84.133027131,-0.094327317,2018,3,70,2017,12,9,343
2017-12-10 12:00:00,0.000263059,0.000226237,0.002560000,-0.000112789,0.002573480,0.068622553,18.981689843,98.746162263,18.647497772,84.133027131,-0.094172280,2018,3,71,2017,12,10,344
2017-12-11 12:00:00,0.000263059,0.000226237,0.002560000,-0.000112789,0.002573480,0.068735342,19.050425185,98.746162263,18.647497772,84.133027131,-0.094017752,2018,3,72,2017,12,11,345
2017-12-12 12:00:00,0.000263059,0.000226237,0.002560000,-0.000112789,0.002573480,0.068848130,19.119273315,98.746162263,18.647497772,84.133027131,-0.093863730,2018,3,73,2017,12,12,346
2017-12-13 12:00:00,0.000263059,0.000226237,0.002560000,-0.000112789,0.002573480,0.068960919,19.188234234,98.746162263,18.647497772,84.133027131,-0.093710212,2018,3,74,2017,12,13,347
2017-12-14 12:00:00,0.001992486,0.000227915,-0.009600000,-0.000079018,0.009804591,0.069073713,19.257307947,252.474431626,20.880044834,-78.274698853,-0.065544107,2018,3,75,2017,12,14,348
2017-12-15 12:00:00,0.006578754,0.000228332,0.004700000,-0.000049486,0.008085172,0.069152731,19.326460679,19.536654938,21.313815611,35.542811328,-0.041001444,2018,3,76,2017,12,15,349
2017-12-16 12:00:00,0.003858756,0.000228926,-0.005300000,-0.000010517,0.006555913,0.069202220,19.395662898,211.218402764,21.217719855,-53.942864545,-0.008707112,2018,3,77,2017,12,16,350
2017-12-17 12:00:00,0.001931321,0.000230482,0.003600000,0.000029629,0.004085340,0.069212741,19.464875639,291.250505507,20.889614902,61.787420840,0.024527462,2018,3,78,2017,12,17,351
2017-12-18 12:00:00,0.003041381,0.000233778,-0.011600000,0.000066021,0.011992081,0.069183123,19.534058763,207.407575438,20.347391353,-75.308419133,0.054677138,2018,3,79,2017,12,18,352
2017-12-19 12:00:00,0.002801785,0.000237356,0.013000000,0.000094963,0.013298496,0.069117115,19.603175877,34.824489157,20.190795255,77.837539534,0.078721074,2018,3,80,2017,12,19,353
2017-12-20 12:00:00,0.003138471,0.000239855,-0.013100000,0.000111198,0.013470709,0.069022161,19.672198038,329.349332043,20.732339496,-76.527134330,0.092306666,2018,3,81,2017,12,20,354
2017-12-21 12:00:00,0.003584690,0.000239872,0.000700000,0.000113902,0.003652396,0.068910963,19.741109002,112.988716802,21.947747830,11.049383145,0.094703530,2018,3,82,2017,12,21,355
2017-12-22 12:00:00,0.004070626,0.000236542,-0.006800000,0.000107049,0.007925276,0.068797050,19.809906052,297.824096384,23.484106355,-59.094352176,0.089152711,2018,3,83,2017,12,22,356
2017-12-23 12:00:00,0.004589118,0.000231514,0.011400000,0.000096975,0.012289019,0.068689985,19.878596038,78.690067526,25.112692296,68.072543730,0.080888538,2018,3,84,2017,12,23,357
2017-12-24 12:00:00,0.002906888,0.000226710,-0.006900000,0.000084336,0.007487323,0.068592995,19.947189033,229.184916125,26.568464238,-67.154883688,0.070445623,2018,3,85,2017,12,24,358
2017-12-25 12:00:00,0.001835756,0.000224278,0.006800000,0.000069780,0.007043437,0.068508652,20.015697685,119.357753543,27.361832116,74.892341306,0.058359187,2018,3,86,2017,12,25,359
2017-12-26 12:00:00,0.003634556,0.000224632,-0.005100000,0.000052237,0.006262587,0.068438873,20.084136558,172.092837297,27.544388410,-54.524119534,0.043732147,2018,3,87,2017,12,26,360
2017-12-27 12:00:00,0.002823119,0.000226666,0.008800000,0.000033180,0.009241753,0.068386643,20.152523201,337.067899562,27.367235385,72.213293660,0.027799312,2018,3,88,2017,12,27,361
2017-12-28 12:00:00,0.001204159,0.000229659,0.006700000,0.000015663,0.006807349,0.068353473,20.220876674,274.763641691,26.796542801,79.811272646,0.013129011,2018,3,89,2017,12,28,362
2017-12-29 12:00:00,0.003189044,0.000232225,-0.009300000,-0.000003282,0.009831582,0.068337819,20.289214493,318.814074834,26.289736493,-71.072751844,-0.002751578,2018,3,90,2017,12,29,363
2017-12-30 12:00:00,0.001264911,0.000232401,0.007600000,-0.000024869,0.007704544,0.068341101,20.357555594,108.434948823,26.270257275,80.550555907,-0.020849520,2018,3,91,2017,12,30,364
2017-12-31 12:00:00,0.002912044,0.000209673,-0.013800000,0.000024327,0.014103900,0.068365896,20.425921490,164.054604099,25.342727551,-78.084386476,0.020387870,2018,3,92,2017,12,31,365
2018-01-01 12:00:00,0.008702299,0.000196010,0.010000000,0.000085953,0.013256319,0.068341529,20.494263019,358.683087594,24.412168950,48.969235839,0.072060406,2018,4,93,2018,1,1,1
2018-01-02 12:00:00,0.014579781,0.000221624,-0.025800000,0.000009135,0.029634608,0.068255655,20.562518675,197.565014687,26.709610742,-60.528871249,0.007668320,2018,4,94,2018,1,2,2
2018-01-03 12:00:00,0.006929646,0.000218638,0.034200000,0.000005148,0.034894985,0.068246510,20.630765185,45.000000000,28.197213947,78.545730908,0.004322023,2018,4,95,2018,1,3,3
2018-01-04 12:00:00,0.009741663,0.000216686,0.004900000,0.000000660,0.010904586,0.068241356,20.699006541,17.318938432,29.991690351,26.702130574,0.000554171,2018,4,96,2018,1,4,4
2018-01-05 12:00:00,0.004527693,0.000215301,-0.010600000,-0.000014695,0.011526491,0.068240692,20.767247233,210.529705900,31.944092644,-66.870694589,-0.012338049,2018,4,97,2018,1,5,5
2018-01-06 12:00:00,0.002801785,0.000215177,-0.009700000,-0.000045906,0.010096534,0.068255386,20.835502619,214.824489157,33.281465572,-73.888964649,-0.038534675,2018,4,98,2018,1,6,6
2018-01-07 12:00:00,0.003324154,0.000215396,0.007100000,-0.000091076,0.007839643,0.068301292,20.903803911,15.708637829,33.539240107,64.911443094,-0.076400703,2018,4,99,2018,1,7,7
2018-01-08 12:00:00,0.006802941,0.000216780,0.002400000,-0.000141695,0.007213876,0.068392372,20.972196283,204.304549266,32.458056101,19.432261791,-0.118705414,2018,4,100,2018,1,8,8
2018-01-09 12:00:00,0.002886174,0.000217938,-0.006900000,-0.000197089,0.007479305,0.068534070,21.040730353,14.036243468,30.637564068,-67.301120754,-0.164770237,2018,4,101,2018,1,9,9
2018-01-10 12:00:00,0.001746425,0.000216722,0.002800000,-0.000251465,0.003300000,0.068731154,21.109461508,336.370622269,28.841712331,58.047253600,-0.209627216,2018,4,102,2018,1,10,10
2018-01-11 12:00:00,0.002662705,0.000212524,-0.003100000,-0.000305417,0.004086563,0.068982605,21.178444113,34.286876977,27.597212206,-49.339491174,-0.253675052,2018,4,103,2018,1,11,11
2018-01-12 12:00:00,0.002418677,0.000204773,0.008400000,-0.000359744,0.008741281,0.069287997,21.247732110,299.744881297,26.863958405,73.936891593,-0.297481504,2018,4,104,2018,1,12,12
2018-01-13 12:00:00,0.001702939,0.000193762,-0.007300000,-0.000409110,0.007495999,0.069647708,21.317379818,93.366460663,26.931237817,-76.868915646,-0.336557140,2018,4,105,2018,1,13,13
2018-01-14 12:00:00,0.002501999,0.000181130,-0.001600000,-0.000444054,0.002969848,0.070056783,21.387436601,2.290610043,27.931496035,-32.598452005,-0.363170609,2018,4,106,2018,1,14,14
2018-01-15 12:00:00,0.004504442,0.000169048,-0.006600000,-0.000461476,0.007990620,0.070500805,21.457937407,182.544804380,30.024882489,-55.686805504,-0.375043095,2018,4,107,2018,1,15,15
2018-01-16 12:00:00,0.002408319,0.000159381,-0.011900000,-0.000461557,0.012141252,0.070962258,21.528899665,274.763641691,32.863630946,-78.559022817,-0.372669597,2018,4,108,2018,1,16,16
2018-01-17 12:00:00,0.007280110,0.000152035,0.021500000,-0.000450656,0.022699119,0.071423798,21.600323463,74.054604099,35.975849749,71.293397825,-0.361516420,2018,4,109,2018,1,17,17
2018-01-18 12:00:00,0.006239391,0.000146100,-0.014700000,-0.000434153,0.015969346,0.071874441,21.672197904,263.558399901,39.126457718,-67.001284075,-0.346093548,2018,4,110,2018,1,18,18
2018-01-19 12:00:00,0.003324154,0.000141051,0.002900000,-0.000411836,0.004411349,0.072308583,21.744506487,164.291362171,42.028076657,41.101523091,-0.326331997,2018,4,111,2018,1,19,19
2018-01-20 12:00:00,0.002863564,0.000137552,0.014600000,-0.000382808,0.014878172,0.072720412,21.817226899,347.905242923,43.804387404,78.903181525,-0.301612351,2018,4,112,2018,1,20,20
2018-01-21 12:00:00,0.003214032,0.000135607,0.002200000,-0.000348429,0.003894868,0.073103215,21.890330114,174.644174957,44.326552615,34.391582861,-0.273087491,2018,4,113,2018,1,21,21
2018-01-22 12:00:00,0.001092016,0.000132427,-0.007150000,-0.000289507,0.007232911,0.073451638,21.963781752,15.945395901,43.088852277,-81.316344087,-0.225829799,2018,4,114,2018,1,22,22
2018-01-23 12:00:00,0.001092016,0.000132427,-0.007150000,-0.000289507,0.007232911,0.073741144,22.037522896,15.945395901,43.088852277,-81.316344087,-0.224943191,2018,4,115,2018,1,23,23
2018-01-24 12:00:00,0.004004997,0.000129671,-0.002600000,-0.000227021,0.004774935,0.074030646,22.111553542,2.862405226,41.192912354,-32.991190624,-0.175702718,2018,4,116,2018,1,24,24
2018-01-25 12:00:00,0.003705401,0.000128410,0.002800000,-0.000191099,0.004644351,0.074257665,22.185811207,176.905941941,41.138239894,37.076649672,-0.147448538,2018,4,117,2018,1,25,25
2018-01-26 12:00:00,0.003612478,0.000128681,0.005600000,-0.000159292,0.006664083,0.074448764,22.260259970,355.236358309,41.714611449,57.174527603,-0.122591201,2018,4,118,2018,1,26,26
2018-01-27 12:00:00,0.001216553,0.000131413,-0.007600000,-0.000128320,0.007696753,0.074608060,22.334868031,189.462322208,41.893959696,-80.905661797,-0.098544321,2018,4,119,2018,1,27,27
2018-01-28 12:00:00,0.002731300,0.000136826,0.002700000,-0.000102759,0.003840573,0.074736390,22.409604421,203.749494493,41.184259615,44.669813621,-0.078778734,2018,4,120,2018,1,28,28
2018-01-29 12:00:00,0.001300000,0.000145585,-0.009300000,-0.000082351,0.009390421,0.074839165,22.484443586,202.619864948,38.769420154,-82.042474773,-0.063046744,2018,4,121,2018,1,29,29
2018-01-30 12:00:00,0.003956008,0.000158265,0.000100000,-0.000068226,0.003957272,0.074921541,22.559365127,16.144338780,35.173775853,1.448014749,-0.052175751,2018,4,122,2018,1,30,30
2018-01-31 12:00:00,0.001897367,0.000174673,0.008300000,-0.000064427,0.008514106,0.074989804,22.634354931,161.565051177,31.327968184,77.123530641,-0.049225274,2018,4,123,2018,1,31,31
2018-02-01 12:00:00,0.002100000,0.000192311,0.011200000,-0.000070963,0.011395174,0.075054274,22.709409206,270.000000000,28.074268321,79.380344724,-0.054172899,2018,5,124,2018,2,1,32
2018-02-02 12:00:00,0.001019804,0.000208176,-0.004700000,-0.000087768,0.004809366,0.075125280,22.784534485,168.690067526,25.870165973,-77.757755165,-0.066937845,2018,5,125,2018,2,2,33
2018-02-03 12:00:00,0.002308679,0.000221140,0.000100000,-0.000105357,0.002310844,0.075213084,22.859747569,17.650124220,24.694549450,2.480205377,-0.080258897,2018,5,126,2018,2,3,34
2018-02-04 12:00:00,0.000360555,0.000231079,-0.004400000,-0.000118408,0.004414748,0.075318471,22.935066040,326.309932474,24.438110106,-85.315401542,-0.090074954,2018,5,127,2018,2,4,35
2018-02-05 12:00:00,0.002483948,0.000239801,-0.003400000,-0.000123951,0.004210701,0.075436906,23.010502946,229.899092454,24.612426330,-53.849141501,-0.094143326,2018,5,128,2018,2,5,36
2018-02-06 12:00:00,0.001334166,0.000246389,0.000900000,-0.000122484,0.001609348,0.075560877,23.086063823,347.005383208,24.847706645,34.002756609,-0.092876203,2018,5,129,2018,2,6,37
2018-02-07 12:00:00,0.007655717,0.000250261,0.018100000,-0.000117269,0.019652481,0.075683373,23.161747196,23.886499922,25.140210578,67.073203815,-0.088777689,2018,5,130,2018,2,7,38
2018-02-08 12:00:00,0.006239391,0.000263014,-0.025600000,-0.000172419,0.026349383,0.075800684,23.237547881,201.630886837,21.434411760,-76.302569581,-0.130327393,2018,5,131,2018,2,8,39
2018-02-09 12:00:00,0.003453983,0.000247906,0.012700000,-0.000108931,0.013161307,0.075973052,23.313520932,22.109448344,24.607874248,74.785424119,-0.082151102,2018,5,132,2018,2,9,40
2018-02-10 12:00:00,0.003921734,0.000248895,0.005700000,-0.000104238,0.006918815,0.076081985,23.389602917,199.358994176,23.863662304,55.471112022,-0.078499341,2018,5,133,2018,2,10,41
2018-02-11 12:00:00,0.001702939,0.000249224,-0.001900000,-0.000106151,0.002551470,0.076186223,23.465789141,183.366460663,22.852701492,-48.130651652,-0.079830683,2018,5,134,2018,2,11,42
2018-02-12 12:00:00,0.002901724,0.000248515,-0.012900000,-0.000114580,0.013222330,0.076292371,23.542081512,1.974934011,21.703161709,-77.322898685,-0.086049936,2018,5,135,2018,2,12,43
2018-02-13 12:00:00,0.000360555,0.000246434,0.001000000,-0.000124593,0.001063015,0.076406944,23.618488456,303.690067526,20.604419570,70.172971347,-0.093429745,2018,5,136,2018,2,13,44
2018-02-14 12:00:00,0.001523155,0.000241896,0.005500000,-0.000129605,0.005707013,0.076531522,23.695019979,66.801409486,19.739166554,74.520610074,-0.097029528,2018,5,137,2018,2,14,45
2018-02-15 12:00:00,0.001627882,0.000233769,-0.004500000,-0.000125609,0.004785394,0.076661101,23.771681080,349.380344724,19.321754947,-70.112329887,-0.093878791,2018,5,138,2018,2,15,46
2018-02-16 12:00:00,0.001118034,0.000223472,0.006800000,-0.000115508,0.006891299,0.076786679,23.848467759,79.695153531,19.448977655,80.663149298,-0.086188402,2018,5,139,2018,2,16,47
2018-02-17 12:00:00,0.005360037,0.000213439,-0.007600000,-0.000101437,0.009300000,0.076902158,23.925369917,345.963756532,19.934995044,-54.805904900,-0.075575065,2018,5,140,2018,2,17,48
2018-02-18 12:00:00,0.002720294,0.000205720,-0.010700000,-0.000086761,0.011040380,0.077003573,24.002373489,216.027373385,20.433243557,-75.735713439,-0.064555874,2018,5,141,2018,2,18,49
2018-02-19 12:00:00,0.003264966,0.000200601,0.011000000,-0.000070264,0.011474319,0.077090320,24.079463809,139.969740728,20.744032566,73.468318895,-0.052222329,2018,5,142,2018,2,19,50
2018-02-20 12:00:00,0.004601087,0.000195522,-0.005600000,-0.000048037,0.007247758,0.077160571,24.156624380,222.357454706,21.106848253,-50.592700294,-0.035669691,2018,5,143,2018,2,20,51
2018-02-21 12:00:00,0.003140064,0.000189877,0.016300000,-0.000017862,0.016599699,0.077208593,24.233832973,37.234833982,21.650275184,79.096005854,-0.013255234,2018,5,144,2018,2,21,52
2018-02-22 12:00:00,0.002617250,0.000184249,-0.009100000,0.000014258,0.009468896,0.077226441,24.311059415,226.548157699,22.352928035,-73.954238608,0.010578055,2018,5,145,2018,2,22,53
2018-02-23 12:00:00,0.005903389,0.000177928,-0.001700000,0.000041833,0.006143289,0.077212169,24.388271584,1.941486391,23.367437715,-16.064823255,0.031042693,2018,5,146,2018,2,23,54
2018-02-24 12:00:00,0.004393177,0.000170702,0.001900000,0.000064282,0.004786439,0.077170319,24.465441903,138.691385986,24.884119122,23.387945741,0.047726727,2018,5,147,2018,2,24,55
2018-02-25 12:00:00,0.001513275,0.000161997,-0.001300000,0.000083498,0.001994994,0.077106019,24.542547922,262.405356631,27.286281359,-40.664694459,0.062045223,2018,5,148,2018,2,25,56
2018-02-26 12:00:00,0.000360555,0.000152405,0.004000000,0.000103478,0.004016217,0.077022502,24.619570424,33.690067526,30.553606925,84.849347814,0.076975367,2018,5,149,2018,2,26,57
2018-02-27 12:00:00,0.000800000,0.000142384,-0.013000000,0.000122763,0.013024592,0.076919005,24.696489429,0.000000000,34.553403568,-86.478546623,0.091443987,2018,5,150,2018,2,27,58
2018-02-28 12:00:00,0.000268742,0.000122017,0.004833333,0.000150067,0.004840799,0.076796208,24.773285637,240.255118703,47.000708450,86.817529709,0.111961659,2018,5,151,2018,2,28,59
2018-03-01 12:00:00,0.000268742,0.000122017,0.004833333,0.000150067,0.004840799,0.076646141,24.849931778,240.255118703,47.000708450,86.817529709,0.112180872,2018,6,152,2018,3,1,60
2018-03-02 12:00:00,0.000268742,0.000122017,0.004833333,0.000150067,0.004840799,0.076496073,24.926427851,240.255118703,47.000708450,86.817529709,0.112400944,2018,6,153,2018,3,2,61
2018-03-03 12:00:00,0.001700000,0.000111641,-0.003900000,0.000166464,0.004254409,0.076345990,25.002773842,180.000000000,64.215202556,-66.447736327,0.124927165,2018,6,154,2018,3,3,62
2018-03-04 12:00:00,0.002012461,0.000111430,0.001200000,0.000165841,0.002343075,0.076179526,25.078953368,333.434948823,70.495077696,30.806981117,0.124731853,2018,6,155,2018,3,4,63
2018-03-05 12:00:00,0.001000000,0.000112331,0.002800000,0.000159600,0.002973214,0.076013687,25.154967055,90.000000000,73.667687706,70.346175942,0.120299795,2018,6,156,2018,3,5,64
2018-03-06 12:00:00,0.001746425,0.000113393,0.005800000,0.000152920,0.006057227,0.075854088,25.230821143,193.240519915,74.241680952,73.242545001,0.115507093,2018,6,157,2018,3,6,65
2018-03-07 12:00:00,0.001360147,0.000114599,-0.009700000,0.000146883,0.009794897,0.075701170,25.306522312,306.027373385,72.485663927,-82.017951616,0.111170835,2018,6,158,2018,3,7,66
2018-03-08 12:00:00,0.005742822,0.000116566,0.005500000,0.000135685,0.007951729,0.075554290,25.382076603,7.001267557,69.004606039,43.762722471,0.102895671,2018,6,159,2018,3,8,67
2018-03-09 12:00:00,0.002118962,0.000119207,-0.010900000,0.000118188,0.011104053,0.075418609,25.457495212,19.290046219,65.122392851,-78.998902695,0.089787764,2018,6,160,2018,3,9,68
2018-03-10 12:00:00,0.006296825,0.000122126,0.029100000,0.000095753,0.029773478,0.075300426,25.532795638,110.449547611,62.029327972,77.790253221,0.072858422,2018,6,161,2018,3,10,69
2018-03-11 12:00:00,0.008982761,0.000124385,-0.023200000,0.000076691,0.024878304,0.075204677,25.608000315,226.353191954,60.669008592,-68.834195328,0.058428110,2018,6,162,2018,3,11,70
2018-03-12 12:00:00,0.004197618,0.000125995,0.012900000,0.000064293,0.013565766,0.075127988,25.683128303,12.380756929,61.108655127,71.975279191,0.049032767,2018,6,163,2018,3,12,71
2018-03-13 12:00:00,0.001345362,0.000128513,-0.012000000,0.000054437,0.012075181,0.075063699,25.758192003,221.987212496,62.819665832,-83.603080351,0.041551501,2018,6,164,2018,3,13,72
2018-03-14 12:00:00,0.002879236,0.000131624,0.000700000,0.000043132,0.002963106,0.075009268,25.833201271,200.323136830,65.283852896,13.664642741,0.032946152,2018,6,165,2018,3,14,73
2018-03-15 12:00:00,0.001019804,0.000134198,0.000800000,0.000026165,0.001296148,0.074966141,25.908167412,11.309932474,68.723062289,38.112926501,0.019997883,2018,6,166,2018,3,15,74
2018-03-16 12:00:00,0.001627882,0.000135815,-0.000200000,0.000012353,0.001640122,0.074939978,25.983107390,222.510447078,73.059708588,-7.004202982,0.009444562,2018,6,167,2018,3,16,75
2018-03-17 12:00:00,0.001526434,0.000138670,0.007100000,0.000008111,0.007262231,0.074927631,26.058035021,31.607502246,78.596935062,77.866630818,0.006202593,2018,6,168,2018,3,17,76
2018-03-18 12:00:00,0.001118034,0.000145341,-0.010400000,0.000016791,0.010459924,0.074919532,26.132954553,206.565051177,84.531869045,-83.864081548,0.012841527,2018,6,169,2018,3,18,77
2018-03-19 12:00:00,0.000565685,0.000155529,0.003200000,0.000038815,0.003249615,0.074902761,26.207857314,45.000000000,90.094431847,79.975012138,0.029691218,2018,6,170,2018,3,19,78
2018-03-20 12:00:00,0.002024846,0.000167458,-0.005500000,0.000070341,0.005860887,0.074863972,26.282721285,237.094757077,94.843885002,-69.788626242,0.053834198,2018,6,171,2018,3,20,79
2018-03-21 12:00:00,0.003047950,0.000151438,0.002300000,-0.000018958,0.003818377,0.074793597,26.357514882,311.009086902,91.231130864,37.038405915,-0.014523030,2018,6,172,2018,3,21,80
2018-03-22 12:00:00,0.003996248,0.000192364,0.007200000,0.000128087,0.008234683,0.074812649,26.432327531,58.298570330,102.544750041,60.968215097,0.098096102,2018,6,173,2018,3,22,81
2018-03-23 12:00:00,0.000721110,0.000203674,-0.006500000,0.000181310,0.006539878,0.074684593,26.507012123,146.309932474,104.033900259,-83.669490599,0.139096083,2018,6,174,2018,3,23,82
2018-03-24 12:00:00,0.000565685,0.000212789,-0.002500000,0.000235097,0.002563201,0.074503308,26.581515432,225.000000000,103.834622219,-77.250148705,0.180798468,2018,6,175,2018,3,24,83
2018-03-25 12:00:00,0.000948683,0.000220345,0.002200000,0.000285406,0.002395830,0.074268234,26.655783666,251.565051177,102.462306352,66.673343694,0.220183105,2018,6,176,2018,3,25,84
2018-03-26 12:00:00,0.002080865,0.000226224,0.009000000,0.000331118,0.009237424,0.073982847,26.729766513,35.217592968,100.306897238,76.981558049,0.256434515,2018,6,177,2018,3,26,85
2018-03-27 12:00:00,0.002051828,0.000230952,-0.012700000,0.000374175,0.012864680,0.073651745,26.803418258,46.974934011,97.776620719,-80.822521646,0.291082893,2018,6,178,2018,3,27,86
2018-03-28 12:00:00,0.003201562,0.000234857,0.001300000,0.000418593,0.003455431,0.073277584,26.876695842,181.789910608,95.681391098,22.099699398,0.327299865,2018,6,179,2018,3,28,87
2018-03-29 12:00:00,0.001389244,0.000239304,0.003900000,0.000467409,0.004140048,0.072859007,26.949554850,59.743562836,94.772049580,70.393261351,0.367569814,2018,6,180,2018,3,29,88
2018-03-30 12:00:00,0.005119570,0.000245819,0.005900000,0.000524868,0.007811530,0.072391622,27.021946472,257.592581473,95.253054707,49.051046512,0.415420679,2018,6,181,2018,3,30,89
2018-03-31 12:00:00,0.001118034,0.000256131,0.000500000,0.000591226,0.001224745,0.071866794,27.093813265,243.434948823,97.007872826,24.094842552,0.471360330,2018,6,182,2018,3,31,90
2018-04-01 12:00:00,0.001802776,0.000270531,-0.006800000,0.000661224,0.007034913,0.071275624,27.165088890,236.309932474,99.220233149,-75.151666542,0.531540423,2018,7,183,2018,4,1,91
2018-04-02 12:00:00,0.001920937,0.000284646,0.002300000,0.000719826,0.002996665,0.070614461,27.235703350,128.659808254,99.504690233,50.131701081,0.584068710,2018,7,184,2018,4,2,92
2018-04-03 12:00:00,0.006888396,0.000289398,-0.012800000,0.000718025,0.014535818,0.069894660,27.305598011,117.681061568,95.625587095,-61.712819819,0.588607575,2018,7,185,2018,4,3,93
2018-04-04 12:00:00,0.005021952,0.000281898,0.022100000,0.000603471,0.022663407,0.069176611,27.374774621,347.347443499,85.377604701,77.197645641,0.499833409,2018,7,186,2018,4,4,94
2018-04-05 12:00:00,0.006912308,0.000277758,-0.002500000,0.000373914,0.007350510,0.068573128,27.443347749,284.237280466,68.171895602,-19.883725043,0.312422309,2018,7,187,2018,4,5,95
2018-04-06 12:00:00,0.001802776,0.000294758,0.014700000,0.000082022,0.014810132,0.068199289,27.511547037,176.820169880,49.356716260,83.008284124,0.068908847,2018,7,188,2018,4,6,96
2018-04-07 12:00:00,0.001843909,0.000315978,-0.005100000,-0.000201642,0.005423099,0.068117362,27.579664400,167.471192291,36.615108032,-70.122504462,-0.169608446,2018,7,189,2018,4,7,97
2018-04-08 12:00:00,0.002418677,0.000318501,-0.012700000,-0.000421891,0.012928264,0.068319014,27.647983414,29.744881297,29.981752734,-79.217314229,-0.353821405,2018,7,190,2018,4,8,98
2018-04-09 12:00:00,0.003157531,0.000306323,0.005300000,-0.000557112,0.006169279,0.068740845,27.716724259,169.045937357,26.929086309,59.215184281,-0.464360041,2018,7,191,2018,4,9,99
2018-04-10 12:00:00,0.007066116,0.000292055,0.007400000,-0.000607438,0.010231813,0.069297890,27.786022149,333.072322149,25.181414910,46.322174441,-0.502238537,2018,7,192,2018,4,10,100
2018-04-11 12:00:00,0.011763078,0.000284300,0.023400000,-0.000605076,0.026190265,0.069905290,27.855927439,345.727486616,23.055180803,63.311523351,-0.495938523,2018,7,193,2018,4,11,101
2018-04-12 12:00:00,0.001345362,0.000282001,-0.007500000,-0.000578917,0.007619711,0.070510352,27.926437792,138.012787504,20.265093382,-79.830346730,-0.470425320,2018,7,194,2018,4,12,102
2018-04-13 12:00:00,0.004301163,0.000284589,0.002900000,-0.000543687,0.005187485,0.071089275,27.997527066,252.407575438,16.830146711,33.989279048,-0.438199564,2018,7,195,2018,4,13,103
2018-04-14 12:00:00,0.002088061,0.000294249,-0.002800000,-0.000502864,0.003492850,0.071632997,28.069160063,73.300755766,13.078530080,-53.286773933,-0.402219929,2018,7,196,2018,4,14,104
2018-04-15 12:00:00,0.002647640,0.000308760,0.001800000,-0.000474191,0.003201562,0.072135917,28.141295980,280.885527055,9.840755181,34.209849013,-0.376640540,2018,7,197,2018,4,15,105
2018-04-16 12:00:00,0.001081665,0.000326886,-0.001100000,-0.000463343,0.001542725,0.072610182,28.213906162,123.690067526,7.387807391,-45.481499808,-0.365620744,2018,7,198,2018,4,16,106
2018-04-17 12:00:00,0.002385372,0.000345130,0.000200000,-0.000471160,0.002393742,0.073073605,28.286979767,326.976132444,5.654045895,4.792718294,-0.369430874,2018,7,199,2018,4,17,107
2018-04-18 12:00:00,0.000412311,0.000362405,-0.013000000,-0.000495655,0.013006537,0.073544842,28.360524609,165.963756532,4.409004179,-88.183404714,-0.386147207,2018,7,200,2018,4,18,108
2018-04-19 12:00:00,0.005531727,0.000375255,-0.006100000,-0.000541885,0.008234683,0.074040555,28.434565164,77.471192291,3.517769513,-47.796987588,-0.419337619,2018,7,201,2018,4,19,109
2018-04-20 12:00:00,0.007302739,0.000383518,0.004200000,-0.000613279,0.008424369,0.074582475,28.509147639,178.430645195,2.747938407,29.904355361,-0.471138699,2018,7,202,2018,4,20,110
2018-04-21 12:00:00,0.005385165,0.000387455,-0.022500000,-0.000706285,0.023135471,0.075195766,28.584343405,158.198590514,1.744512647,-76.539992094,-0.538164869,2018,7,203,2018,4,21,111
2018-04-22 12:00:00,0.002061553,0.000388516,-0.004300000,-0.000803402,0.004768648,0.075902047,28.660245452,75.963756532,0.134097877,-64.385501839,-0.606471341,2018,7,204,2018,4,22,112
2018-04-23 12:00:00,0.001992486,0.000391344,-0.008200000,-0.000878638,0.008438602,0.076705453,28.736950905,287.525568374,357.948067441,-76.342604777,-0.656320230,2018,7,205,2018,4,23,113
2018-04-24 12:00:00,0.003765634,0.000398996,-0.001300000,-0.000900498,0.003983717,0.077584118,28.814535024,10.713123023,355.111554054,-19.046075925,-0.665031512,2018,7,206,2018,4,24,114
2018-04-25 12:00:00,0.003546830,0.000404408,0.005800000,-0.000853010,0.006798529,0.078484632,28.893019656,201.501434324,351.842383404,58.553282516,-0.622730987,2018,7,207,2018,4,25,115
2018-04-26 12:00:00,0.002662705,0.000402694,-0.006700000,-0.000745873,0.007209716,0.079337622,28.972357278,55.713123023,348.542773156,-68.326201070,-0.538659912,2018,7,208,2018,4,26,116
2018-04-27 12:00:00,0.002830194,0.000396495,0.011300000,-0.000616826,0.011649034,0.080083454,29.052440732,327.994616792,345.946736308,75.938970980,-0.441312968,2018,7,209,2018,4,27,117
2018-04-28 12:00:00,0.001711724,0.000386769,0.004600000,-0.000497857,0.004908156,0.080700225,29.133140958,83.290163192,344.707438207,69.589062808,-0.353472113,2018,7,210,2018,4,28,118
2018-04-29 12:00:00,0.003067572,0.000373302,-0.013000000,-0.000407228,0.013357021,0.081198014,29.214338971,19.025606038,344.847199079,-76.722949167,-0.287353819,2018,7,211,2018,4,29,119
2018-04-30 12:00:00,0.004301163,0.000358823,0.007200000,-0.000350350,0.008386895,0.081605173,29.295944144,197.592424562,345.986356245,59.146593497,-0.245985201,2018,7,212,2018,4,30,120
2018-05-01 12:00:00,0.000316228,0.000343670,-0.004500000,-0.000310573,0.004511097,0.081955455,29.377899599,108.434948823,347.358685381,-85.980271178,-0.217125115,2018,8,213,2018,5,1,121
2018-05-02 12:00:00,0.007414850,0.000330453,0.017500000,-0.000265417,0.019006052,0.082265971,29.460165570,349.902495616,348.624328489,67.037349081,-0.184855111,2018,8,214,2018,5,2,122
2018-05-03 12:00:00,0.008640602,0.000319375,-0.019100000,-0.000210540,0.020963540,0.082531342,29.542696912,203.895161415,349.834203792,-65.658597198,-0.146163337,2018,8,215,2018,5,3,123
2018-05-04 12:00:00,0.006894926,0.000310108,0.014500000,-0.000147578,0.016055840,0.082741845,29.625438758,19.486129572,350.980813440,64.568346172,-0.102192347,2018,8,216,2018,5,4,124
2018-05-05 12:00:00,0.005249762,0.000302199,-0.013300000,-0.000081736,0.014298601,0.082889393,29.708328151,162.255328375,352.092297508,-68.459911534,-0.056498618,2018,8,217,2018,5,5,125
2018-05-06 12:00:00,0.006338770,0.000294699,0.020700000,-0.000016994,0.021648787,0.082971101,29.791299252,6.340191746,353.473658903,72.974324694,-0.011735238,2018,8,218,2018,5,6,126
2018-05-07 12:00:00,0.006989278,0.000287494,-0.018200000,0.000046085,0.019495897,0.082988070,29.874287322,213.917430537,355.147138415,-68.991900523,0.031817366,2018,8,219,2018,5,7,127
2018-05-08 12:00:00,0.005522681,0.000279784,0.011000000,0.000100551,0.012308534,0.082941959,29.957229281,31.675468738,357.181825811,63.340517887,0.069460343,2018,8,220,2018,5,8,128
2018-05-09 12:00:00,0.000141421,0.000269643,-0.005800000,0.000134732,0.005801724,0.082841375,30.040070656,45.000000000,359.377909892,-88.603234203,0.093184801,2018,8,221,2018,5,9,129
2018-05-10 12:00:00,0.003224903,0.000255725,-0.008300000,0.000147173,0.008904493,0.082706600,30.122777255,82.874983651,1.297174932,-68.766733839,0.101955881,2018,8,222,2018,5,10,130
2018-05-11 12:00:00,0.004517743,0.000238493,0.002600000,0.000143149,0.005212485,0.082559375,30.205336631,207.699472808,2.946077790,29.920798571,0.099344803,2018,8,223,2018,5,11,131
2018-05-12 12:00:00,0.001300000,0.000222454,-0.011000000,0.000126662,0.011076552,0.082416182,30.287752812,202.619864948,4.846556681,-83.259943902,0.088055654,2018,8,224,2018,5,12,132
2018-05-13 12:00:00,0.004936598,0.000209359,0.018100000,0.000101593,0.018761130,0.082289486,30.370042298,353.018942593,7.293703225,74.744190724,0.070735964,2018,8,225,2018,5,13,133
2018-05-14 12:00:00,0.002531798,0.000198252,-0.006600000,0.000073741,0.007068946,0.082187866,30.452230164,170.909723079,9.912925640,-69.012900488,0.051407047,2018,8,226,2018,5,14,134
2018-05-15 12:00:00,0.001941649,0.000186963,0.002100000,0.000047034,0.002860070,0.082114099,30.534344263,55.491477012,12.349663613,47.243692774,0.032818692,2018,8,227,2018,5,15,135
2018-05-16 12:00:00,0.002607681,0.000175783,-0.004300000,0.000025038,0.005028916,0.082067040,30.616411303,265.601294645,14.544551344,-58.765809303,0.017480769,2018,8,228,2018,5,16,136
2018-05-17 12:00:00,0.002720294,0.000163864,0.002000000,0.000013895,0.003376389,0.082041977,30.698453280,36.027373385,16.786372605,36.323869466,0.009703564,2018,8,229,2018,5,17,137
2018-05-18 12:00:00,0.002807134,0.000151115,0.009000000,0.000011853,0.009427619,0.082028058,30.780481338,274.085616780,19.621491192,72.677103762,0.008278918,2018,8,230,2018,5,18,138
2018-05-19 12:00:00,0.003701351,0.000140350,-0.006500000,0.000021311,0.007479973,0.082016186,30.862497524,141.581944655,23.294330461,-60.341142268,0.014887361,2018,8,231,2018,5,19,139
2018-05-20 12:00:00,0.003220248,0.000133468,0.010100000,0.000045886,0.010600943,0.081994864,30.944492388,25.769327624,27.406937787,72.315821247,0.032064147,2018,8,232,2018,5,20,140
2018-05-21 12:00:00,0.002720294,0.000133358,-0.009800000,0.000079957,0.010170546,0.081948978,31.026441366,233.972626615,30.644798329,-74.486354801,0.055903097,2018,8,233,2018,5,21,141
2018-05-22 12:00:00,0.003080584,0.000138425,0.008800000,0.000116651,0.009323626,0.081869029,31.108310395,54.246112746,32.340068325,70.706564362,0.081637664,2018,8,234,2018,5,22,142
2018-05-23 12:00:00,0.002332381,0.000146760,-0.013000000,0.000148484,0.013207574,0.081752393,31.190062788,239.036243468,32.455987200,-79.828556527,0.104064367,2018,8,235,2018,5,23,143
2018-05-24 12:00:00,0.002844293,0.000158370,0.003800000,0.000181389,0.004746578,0.081603931,31.271666719,280.124671655,31.770240973,53.185218099,0.127356805,2018,8,236,2018,5,24,144
2018-05-25 12:00:00,0.002961419,0.000172062,0.007100000,0.000215803,0.007692854,0.081422570,31.353089289,78.310630825,31.121842308,67.358923971,0.151857212,2018,8,237,2018,5,25,145
2018-05-26 12:00:00,0.002154066,0.000188091,-0.002200000,0.000252611,0.003078961,0.081206804,31.434296093,291.801409486,30.591014844,-45.604430703,0.178231122,2018,8,238,2018,5,26,146
2018-05-27 12:00:00,0.006700746,0.000203617,-0.009100000,0.000286591,0.011300885,0.080954231,31.515250324,180.855097396,30.456774885,-53.634084733,0.202836840,2018,8,239,2018,5,27,147
2018-05-28 12:00:00,0.005692100,0.000217255,0.011300000,0.000318037,0.012652668,0.080667676,31.595918000,18.434948823,30.182011828,63.264432454,0.225892398,2018,8,240,2018,5,28,148
2018-05-29 12:00:00,0.001264911,0.000227896,-0.000400000,0.000342799,0.001326650,0.080349670,31.676267670,198.434948823,30.015643034,-17.548400614,0.244444210,2018,8,241,2018,5,29,149
2018-05-30 12:00:00,0.006603030,0.000236234,-0.008900000,0.000358331,0.011081967,0.080006896,31.756274566,324.865806943,30.182926553,-53.427783671,0.256614604,2018,8,242,2018,5,30,150
2018-05-31 12:00:00,0.002109502,0.000243528,-0.005000000,0.000365946,0.005426785,0.079648588,31.835923154,185.440332031,30.451214391,-67.125096363,0.263246779,2018,8,243,2018,5,31,151
2018-06-01 12:00:00,0.003498571,0.000250349,0.002300000,0.000364404,0.004186884,0.079282665,31.915205819,120.963756532,30.163970105,33.321369120,0.263347198,2018,9,244,2018,6,1,152
2018-06-02 12:00:00,0.003580503,0.000254677,0.005500000,0.000358630,0.006562774,0.078918277,31.994124097,144.090276921,29.248965320,56.935852440,0.260371364,2018,9,245,2018,6,2,153
2018-06-03 12:00:00,0.002600000,0.000255626,-0.000600000,0.000351353,0.002668333,0.078559652,32.072683749,292.619864948,27.866110519,-12.994616792,0.256252192,2018,9,246,2018,6,3,154
2018-06-04 12:00:00,0.005360037,0.000256542,0.014600000,0.000347242,0.015552813,0.078208305,32.150892054,104.036243468,26.103124255,69.840509026,0.254392007,2018,9,247,2018,6,4,155
2018-06-05 12:00:00,0.005885576,0.000259118,-0.011700000,0.000351549,0.013096946,0.077861073,32.228753126,279.782407032,23.866237902,-63.295745342,0.258695765,2018,9,248,2018,6,5,156
2018-06-06 12:00:00,0.006675328,0.000264453,0.005200000,0.000363451,0.008461678,0.077509544,32.306262671,8.615648184,21.113750338,37.918161900,0.268667056,2018,9,249,2018,6,6,157
2018-06-07 12:00:00,0.002906888,0.000272758,0.000900000,0.000380941,0.003043025,0.077146125,32.383408795,176.054813771,18.047320409,17.203016978,0.282922982,2018,9,250,2018,6,7,158
2018-06-08 12:00:00,0.004780167,0.000283768,-0.005500000,0.000392896,0.007286975,0.076765226,32.460174021,344.219246690,15.055248870,-49.005398237,0.293249595,2018,9,251,2018,6,8,159
2018-06-09 12:00:00,0.004396590,0.000297681,0.002000000,0.000394855,0.004830114,0.076372386,32.536546407,162.801458780,12.585913290,24.460695178,0.296227777,2018,9,252,2018,6,9,160
2018-06-10 12:00:00,0.002600000,0.000310904,-0.009900000,0.000383730,0.010235722,0.075977587,32.612523993,0.000000000,11.158252204,-75.284928349,0.289377820,2018,9,253,2018,6,10,161
2018-06-11 12:00:00,0.003935734,0.000321292,0.025900000,0.000369184,0.026197328,0.075593903,32.688117896,242.783888443,10.794265807,81.359502960,0.279821479,2018,9,254,2018,6,11,162
2018-06-12 12:00:00,0.001208305,0.000327796,-0.007600000,0.000358817,0.007695453,0.075224750,32.763342646,65.556045220,11.457741779,-80.966298897,0.273297856,2018,9,255,2018,6,12,163
2018-06-13 12:00:00,0.004300000,0.000330719,0.000600000,0.000348193,0.004341659,0.074865949,32.838208595,0.000000000,12.831923317,7.943471811,0.266476923,2018,9,256,2018,6,13,164
2018-06-14 12:00:00,0.004866210,0.000330909,-0.002600000,0.000332453,0.005517246,0.074517761,32.912726356,189.462322208,14.658465906,-28.115443456,0.255620201,2018,9,257,2018,6,14,165
2018-06-15 12:00:00,0.003471311,0.000331056,0.011600000,0.000312552,0.012108262,0.074185311,32.986911667,41.496468355,16.926781245,73.340137773,0.241394880,2018,9,258,2018,6,15,166
2018-06-16 12:00:00,0.001341641,0.000333001,-0.011700000,0.000290149,0.011776672,0.073872771,33.060784438,243.434948823,19.335840940,-83.458456481,0.225040500,2018,9,259,2018,6,16,167
2018-06-17 12:00:00,0.001802776,0.000335767,-0.006700000,0.000262375,0.006938300,0.073582638,33.134367076,303.690067526,21.707338955,-74.940048091,0.204301115,2018,9,260,2018,6,17,168
2018-06-18 12:00:00,0.002100000,0.000336213,0.005100000,0.000227033,0.005515433,0.073320267,33.207687343,90.000000000,24.105644201,67.619864948,0.177414533,2018,9,261,2018,6,18,169
2018-06-19 12:00:00,0.002594224,0.000332445,-0.007700000,0.000185937,0.008125269,0.073093219,33.280780562,27.552811577,26.308486176,-71.380698415,0.145750761,2018,9,262,2018,6,19,170
2018-06-20 12:00:00,0.004104875,0.000324106,0.046500000,0.000145344,0.046680831,0.072907247,33.353687809,182.792702366,28.087486508,84.955184369,0.114221729,2018,9,263,2018,6,20,171
2018-06-21 12:00:00,0.002500000,0.000313612,-0.009000000,0.000110428,0.009340771,0.072761858,33.426449667,73.739795292,29.391196130,-74.475889003,0.086956067,2018,9,264,2018,6,21,172
2018-06-22 12:00:00,0.006243397,0.000303101,-0.032400000,0.000084409,0.032996060,0.072651386,33.499101054,301.908106936,30.273887795,-79.092940928,0.066567960,2018,9,265,2018,6,22,173
2018-06-23 12:00:00,0.007392564,0.000293542,0.011300000,0.000061511,0.013503333,0.072566939,33.571667993,30.033280436,30.810860997,56.806919734,0.048566570,2018,9,266,2018,6,23,174
2018-06-24 12:00:00,0.005903389,0.000286213,-0.008000000,0.000038363,0.009942334,0.072505399,33.644173393,206.131000545,31.017025628,-53.575508162,0.030315139,2018,9,267,2018,6,24,175
2018-06-25 12:00:00,0.002459675,0.000281540,0.011700000,0.000009447,0.011955752,0.072467019,33.716640412,63.434948823,31.086846698,78.127676130,0.007469117,2018,9,268,2018,6,25,176
2018-06-26 12:00:00,0.004022437,0.000278477,-0.020000000,-0.000018878,0.020400490,0.072457560,33.789097972,235.124671655,30.999501609,-78.628275615,-0.014927457,2018,9,269,2018,6,26,177
2018-06-27 12:00:00,0.002973214,0.000274287,0.007600000,-0.000041129,0.008160882,0.072476422,33.861574394,47.726310994,31.213405440,68.633949752,-0.032514574,2018,9,270,2018,6,27,178
2018-06-28 12:00:00,0.005742822,0.000269111,-0.010100000,-0.000054198,0.011618520,0.072517531,33.934091925,215.073754493,32.020642376,-60.377604382,-0.042821520,2018,9,271,2018,6,28,179
2018-06-29 12:00:00,0.000721110,0.000264418,0.015100000,-0.000052431,0.015117209,0.072571712,34.006663637,56.309932474,33.448261999,87.265880251,-0.041394942,2018,9,272,2018,6,29,180
2018-06-30 12:00:00,0.002209072,0.000261537,0.005300000,-0.000032533,0.005741951,0.072624132,34.079287769,5.194428908,35.446999338,67.373329409,-0.025666824,2018,9,273,2018,6,30,181
2018-07-01 12:00:00,0.005433231,0.000259811,-0.018000000,0.000001707,0.018802128,0.072656660,34.151944429,276.340191746,37.943091407,-73.203761270,0.001346414,2018,10,274,2018,7,1,182
2018-07-02 12:00:00,0.005015974,0.000258089,0.004900000,0.000036288,0.007012132,0.072654946,34.224599375,85.426078740,40.632093097,44.329915040,0.028616914,2018,10,275,2018,7,2,183
2018-07-03 12:00:00,0.006453681,0.000256451,0.007400000,0.000064631,0.009818859,0.072618652,34.297218027,319.398705355,43.341083781,48.907696623,0.050993465,2018,10,276,2018,7,3,184
2018-07-04 12:00:00,0.002716616,0.000255538,-0.001100000,0.000083393,0.002930870,0.072554019,34.369772046,96.340191746,45.755316456,-22.043792778,0.065855010,2018,10,277,2018,7,4,185
2018-07-05 12:00:00,0.004780167,0.000254787,-0.007400000,0.000092518,0.008809654,0.072470624,34.442242670,164.219246690,47.247601137,-57.138810850,0.073145726,2018,10,278,2018,7,5,186
2018-07-06 12:00:00,0.001029563,0.000253328,0.007100000,0.000094274,0.007174260,0.072378101,34.514620770,240.945395901,47.669074794,81.749114730,0.074629065,2018,10,279,2018,7,6,187
2018-07-07 12:00:00,0.001029563,0.000249947,-0.005100000,0.000098377,0.005202884,0.072283816,34.586904586,29.054604099,47.105126963,-78.586801642,0.077978946,2018,10,280,2018,7,7,188
2018-07-08 12:00:00,0.002716616,0.000243855,0.001400000,0.000109584,0.003056141,0.072185418,34.659090004,353.659808254,45.759155491,27.264184629,0.086980276,2018,10,281,2018,7,8,189
2018-07-09 12:00:00,0.000761577,0.000237417,-0.001200000,0.000124949,0.001421267,0.072075813,34.731165817,293.198590514,44.091384304,-57.598837498,0.099326841,2018,10,282,2018,7,9,190
2018-07-10 12:00:00,0.002184033,0.000232881,0.010800000,0.000144062,0.011018621,0.071950850,34.803116666,164.054604099,42.453641801,78.567525107,0.114718894,2018,10,283,2018,7,10,191
2018-07-11 12:00:00,0.004726521,0.000231666,-0.016300000,0.000159926,0.016971447,0.071806785,34.874923451,173.927543593,40.938378684,-73.829394365,0.127607610,2018,10,284,2018,7,11,192
2018-07-12 12:00:00,0.007212489,0.000232621,0.007200000,0.000170738,0.010191173,0.071646863,34.946570314,343.072486936,39.702946637,44.950350253,0.136538431,2018,10,285,2018,7,12,193
2018-07-13 12:00:00,0.001655295,0.000235381,-0.004300000,0.000176788,0.004607602,0.071476135,35.018046449,154.983106522,38.977239923,-68.945678762,0.141714760,2018,10,286,2018,7,13,194
2018-07-14 12:00:00,0.002823119,0.000239716,0.001800000,0.000173147,0.003348134,0.071299362,35.089345812,22.932100438,39.060070368,32.521287475,0.139140306,2018,10,287,2018,7,14,195
2018-07-15 12:00:00,0.003668787,0.000245073,0.016000000,0.000163083,0.016415237,0.071126235,35.160472046,162.552811577,39.730240144,77.085376610,0.131371747,2018,10,288,2018,7,15,196
2018-07-16 12:00:00,0.002376973,0.000251084,-0.015100000,0.000146575,0.015285941,0.070963173,35.231435220,247.750976343,40.805369380,-81.054170095,0.118344951,2018,10,289,2018,7,16,197
2018-07-17 12:00:00,0.007002857,0.000258002,0.002700000,0.000127239,0.007505331,0.070816624,35.302251844,358.363422958,42.081747978,21.084491772,0.102945484,2018,10,290,2018,7,17,198
2018-07-18 12:00:00,0.004501111,0.000267362,0.006400000,0.000108164,0.007824321,0.070689421,35.372941265,178.726969980,43.149660197,54.881333807,0.087669762,2018,10,291,2018,7,18,199
2018-07-19 12:00:00,0.000984886,0.000279213,0.001700000,0.000094690,0.001964688,0.070581304,35.443522569,246.037511025,43.592073007,59.914374959,0.076866370,2018,10,292,2018,7,19,200
2018-07-20 12:00:00,0.003000000,0.000292269,-0.001800000,0.000082966,0.003498571,0.070486668,35.514009237,180.000000000,43.683945851,-30.963756532,0.067439429,2018,10,293,2018,7,20,201
2018-07-21 12:00:00,0.003667424,0.000304879,-0.010500000,0.000066049,0.011122050,0.070403756,35.584412993,348.996459148,43.794150756,-70.746790012,0.053751757,2018,10,294,2018,7,21,202
2018-07-22 12:00:00,0.004085340,0.000316390,0.000100000,0.000045107,0.004086563,0.070337759,35.654750752,338.459024081,44.030470018,1.402192853,0.036743107,2018,10,295,2018,7,22,203
2018-07-23 12:00:00,0.004837355,0.000327058,0.006800000,0.000012297,0.008345058,0.070292702,35.725043454,119.744881297,44.325947418,54.572878171,0.010022977,2018,10,296,2018,7,23,204
2018-07-24 12:00:00,0.002863564,0.000335226,0.000800000,-0.000038738,0.002973214,0.070280444,35.795323897,347.905242923,44.834633139,15.608881442,-0.031581041,2018,10,297,2018,7,24,205
2018-07-25 12:00:00,0.004049691,0.000341704,0.005800000,-0.000105284,0.007073896,0.070319212,35.865643110,212.905242923,45.537019499,55.076382448,-0.085784893,2018,10,298,2018,7,25,206
2018-07-26 12:00:00,0.002817801,0.000348183,-0.000400000,-0.000175300,0.002846050,0.070424527,35.936067637,117.474431626,46.260040226,-8.079423258,-0.142620611,2018,10,299,2018,7,26,207
2018-07-27 12:00:00,0.004569464,0.000355728,-0.008300000,-0.000242990,0.009474703,0.070599863,36.006667499,293.198590514,46.833618154,-61.165553647,-0.197200820,2018,10,300,2018,7,27,208
2018-07-28 12:00:00,0.001403567,0.000365210,0.007100000,-0.000304194,0.007237403,0.070842898,36.077510398,355.914383220,47.632510969,78.817636034,-0.246024600,2018,10,301,2018,7,28,209
2018-07-29 12:00:00,0.003006659,0.000384272,-0.013800000,-0.000357065,0.014123739,0.071147189,36.148657587,266.185925166,49.678887016,-77.708828157,-0.287550407,2018,10,302,2018,7,29,210
2018-07-30 12:00:00,0.004197618,0.000431362,0.007700000,-0.000410197,0.008769835,0.071504517,36.220162104,102.380756929,54.234931688,61.403200248,-0.328687852,2018,10,303,2018,7,30,211
2018-07-31 12:00:00,0.004545327,0.000525557,0.006000000,-0.000467678,0.007527284,0.071915333,36.292077437,320.355825043,60.479380463,52.854085510,-0.372606881,2018,10,304,2018,7,31,212
2018-08-01 12:00:00,0.001627882,0.000681332,-0.011500000,-0.000521573,0.011614646,0.072384297,36.364461734,132.510447078,66.347012326,-81.943028233,-0.412854639,2018,11,305,2018,8,1,213
2018-08-02 12:00:00,0.001118034,0.000872164,0.007800000,-0.000568864,0.007879721,0.072907880,36.437369615,26.565051177,70.244693346,81.842916758,-0.447054801,2018,11,306,2018,8,2,214
2018-08-03 12:00:00,0.008872993,0.001037622,-0.025000000,-0.000606915,0.026527910,0.073478854,36.510848468,50.029073582,71.825124577,-70.459223230,-0.473252904,2018,11,307,2018,8,3,215
2018-08-04 12:00:00,0.011034491,0.001135360,0.016700000,-0.000637838,0.020016243,0.074087143,36.584935611,223.531199286,71.588328714,56.545346417,-0.493282064,2018,11,308,2018,8,4,216
2018-08-05 12:00:00,0.007805767,0.001172067,0.004300000,-0.000665394,0.008911790,0.074725473,36.659661084,357.797401838,70.120990664,28.849258984,-0.510197761,2018,11,309,2018,8,5,217
2018-08-06 12:00:00,0.005597321,0.001177571,0.007300000,-0.000691018,0.009198913,0.075390871,36.735051955,161.241349652,68.087576543,52.520587114,-0.525169104,2018,11,310,2018,8,6,218
2018-08-07 12:00:00,0.006835934,0.001176920,0.007300000,-0.000720854,0.010001000,0.076081795,36.811133750,174.122607393,66.221139917,46.880275474,-0.542869499,2018,11,311,2018,8,7,219
2018-08-08 12:00:00,0.004219005,0.001180123,-0.023700000,-0.000755376,0.024072599,0.076802613,36.887936363,354.559667969,64.582729705,-79.906112021,-0.563529832,2018,11,312,2018,8,8,220
2018-08-09 12:00:00,0.001442221,0.001186455,0.007900000,-0.000793252,0.008030567,0.077557997,36.965494360,303.690067526,63.022298197,79.654040450,-0.586023205,2018,11,313,2018,8,9,221
2018-08-10 12:00:00,0.006500000,0.001199829,-0.014900000,-0.000828673,0.016256076,0.078351361,37.043845721,323.130102354,61.570940249,-66.431167276,-0.605992705,2018,11,314,2018,8,10,222
2018-08-11 12:00:00,0.007788453,0.001215793,-0.002400000,-0.000853683,0.008149847,0.079180181,37.123025903,164.357753543,60.208496372,-17.126602509,-0.617747958,2018,11,315,2018,8,11,223
2018-08-12 12:00:00,0.004701064,0.001229845,0.000000000,-0.000871407,0.004701064,0.080033980,37.203059882,358.781124765,58.958470860,0.000000000,-0.623846915,2018,11,316,2018,8,12,224
2018-08-13 12:00:00,0.003820995,0.001242314,0.017000000,-0.000887832,0.017424121,0.080905476,37.283965358,276.009005957,57.907023873,77.332466120,-0.628759342,2018,11,317,2018,8,13,225
2018-08-14 12:00:00,0.003001666,0.001255559,-0.002500000,-0.000906889,0.003906405,0.081793407,37.365758765,1.909152433,56.976499344,-39.789925982,-0.635283506,2018,11,318,2018,8,14,226
2018-08-15 12:00:00,0.005200961,0.001272233,-0.004600000,-0.000934560,0.006943342,0.082700446,37.448459211,217.971603761,55.980365910,-41.491211635,-0.647487074,2018,11,319,2018,8,15,227
2018-08-16 12:00:00,0.004384062,0.001301249,0.004300000,-0.000967847,0.006140847,0.083635342,37.532094553,315.000000000,55.059583194,44.445392047,-0.663054247,2018,11,320,2018,8,16,228
2018-08-17 12:00:00,0.003104835,0.001346555,-0.018400000,-0.000997287,0.018660118,0.084603782,37.616698336,284.931417178,54.417503335,-80.422076833,-0.675403285,2018,11,321,2018,8,17,229
2018-08-18 12:00:00,0.000141421,0.001422220,-0.007200000,-0.001021698,0.007201389,0.085602168,37.702300504,315.000000000,54.555812811,-88.874749298,-0.683865732,2018,11,322,2018,8,18,230
2018-08-19 12:00:00,0.009963935,0.001545237,0.018100000,-0.001041352,0.020661317,0.086625834,37.788926338,308.480198248,55.849995515,61.167495815,-0.688784418,2018,11,323,2018,8,19,231
2018-08-20 12:00:00,0.002860070,0.001695664,-0.002400000,-0.001060469,0.003733631,0.087669803,37.876596142,126.469234390,57.538776672,-40.001368086,-0.693076679,2018,11,324,2018,8,20,232
2018-08-21 12:00:00,0.004045986,0.001816574,0.000500000,-0.001082932,0.004076763,0.088732470,37.965328611,320.013113755,58.507020765,7.044853516,-0.699281525,2018,11,325,2018,8,21,233
2018-08-22 12:00:00,0.002319483,0.001877361,-0.001200000,-0.001105650,0.002611513,0.089816427,38.055145039,277.431407971,58.444562543,-27.355089945,-0.705335377,2018,11,326,2018,8,22,234
2018-08-23 12:00:00,0.003773592,0.001887260,-0.001000000,-0.001126166,0.003903844,0.090922044,38.146067083,327.994616792,57.649805074,-14.842198684,-0.709687348,2018,11,327,2018,8,23,235
2018-08-24 12:00:00,0.000721110,0.001867810,-0.007500000,-0.001137670,0.007534587,0.092047574,38.238114657,123.690067526,56.472139477,-84.508005404,-0.708170116,2018,11,328,2018,8,24,236
2018-08-25 12:00:00,0.005580323,0.001831242,-0.010300000,-0.001142506,0.011714521,0.093184287,38.331298944,216.253837737,55.131154999,-61.552100267,-0.702505000,2018,11,329,2018,8,25,237
2018-08-26 12:00:00,0.008228001,0.001789313,0.016500000,-0.001149538,0.018437733,0.094325770,38.425624714,343.767649339,53.841302761,63.496094206,-0.698274738,2018,11,330,2018,8,26,238
2018-08-27 12:00:00,0.007249828,0.001747534,-0.005200000,-0.001162771,0.008921883,0.095474330,38.521099044,294.443954780,52.711097275,-35.650301704,-0.697816287,2018,11,331,2018,8,27,239
2018-08-28 12:00:00,0.004123106,0.001707079,-0.003100000,-0.001181376,0.005158488,0.096636186,38.617735230,129.093858886,51.721967043,-36.938057689,-0.700457299,2018,11,332,2018,8,28,240
2018-08-29 12:00:00,0.005408327,0.001666801,0.007700000,-0.001201759,0.009409570,0.097816685,38.715551915,326.309932474,50.912783231,54.916558111,-0.703943668,2018,11,333,2018,8,29,241
2018-08-30 12:00:00,0.002860070,0.001626114,-0.013200000,-0.001218580,0.013506295,0.099017595,38.814569510,126.469234390,50.319686114,-77.774587401,-0.705140056,2018,11,334,2018,8,30,242
2018-08-31 12:00:00,0.007072482,0.001585344,-0.001500000,-0.001227739,0.007229799,0.100235360,38.914804869,236.534620654,49.979533427,-11.974400314,-0.701808500,2018,11,335,2018,8,31,243
2018-09-01 12:00:00,0.004729693,0.001545272,0.000400000,-0.001229011,0.004746578,0.101462329,39.016267198,13.448615052,49.812470145,4.834119763,-0.694039347,2018,12,336,2018,9,1,244
2018-09-02 12:00:00,0.002267157,0.001507152,-0.008800000,-0.001225341,0.009087354,0.102690632,39.118957830,318.576334375,49.712695035,-75.552971603,-0.683689898,2018,12,337,2018,9,2,245
2018-09-03 12:00:00,0.001655295,0.001471547,0.006100000,-0.001229836,0.006320601,0.103915333,39.222873163,295.016893478,49.608639204,74.817834874,-0.678110247,2018,12,338,2018,9,3,246
2018-09-04 12:00:00,0.000854400,0.001436617,0.011200000,-0.001245462,0.011232542,0.105144564,39.328017726,249.443954780,49.408634992,85.637597881,-0.678697963,2018,12,339,2018,9,4,247
2018-09-05 12:00:00,0.002692582,0.001401814,0.010000000,-0.001269310,0.010356158,0.106389447,39.434407173,58.671307132,49.080720414,74.930044250,-0.683599911,2018,12,340,2018,9,5,248
2018-09-06 12:00:00,0.001902630,0.001367212,-0.030000000,-0.001296456,0.030060273,0.107658202,39.542065375,273.012787504,48.594502586,-86.371105027,-0.689991772,2018,12,341,2018,9,6,249
2018-09-07 12:00:00,0.005060632,0.001332896,0.004600000,-0.001318812,0.006838860,0.108954130,39.651019506,330.395549254,47.938031036,42.270125191,-0.693541489,2018,12,342,2018,9,7,250
2018-09-08 12:00:00,0.000921954,0.001296386,-0.006700000,-0.001332279,0.006763135,0.110272410,39.761291915,282.528807709,47.080822729,-82.165011210,-0.692247503,2018,12,343,2018,9,8,251
2018-09-09 12:00:00,0.001780449,0.001257239,0.001000000,-0.001339056,0.002042058,0.111604149,39.872896065,38.157226587,46.028176077,29.321003806,-0.687466167,2018,12,344,2018,9,9,252
2018-09-10 12:00:00,0.000707107,0.001220049,0.003500000,-0.001335757,0.003570714,0.112942713,39.985838778,188.130102354,44.869739836,78.578246341,-0.677644801,2018,12,345,2018,9,10,253
2018-09-11 12:00:00,0.002716616,0.001186815,0.007500000,-0.001320410,0.007976841,0.114278044,40.100116821,276.340191746,43.739777160,70.088832864,-0.662031143,2018,12,346,2018,9,11,254
2018-09-12 12:00:00,0.002973214,0.001157960,-0.003000000,-0.001296948,0.004223742,0.115598091,40.215714912,70.346175942,42.764178378,-45.256935191,-0.642841127,2018,12,347,2018,9,12,255
2018-09-13 12:00:00,0.005186521,0.001134310,-0.011900000,-0.001266493,0.012981140,0.116894743,40.332609655,326.003540852,42.076791683,-66.450400655,-0.620781973,2018,12,348,2018,9,13,256
2018-09-14 12:00:00,0.006044005,0.001115895,0.000900000,-0.001228165,0.006110646,0.118161002,40.450770657,196.336042890,41.748787525,8.469558751,-0.595543071,2018,12,349,2018,9,14,257
2018-09-15 12:00:00,0.003701351,0.001099689,-0.000300000,-0.001186022,0.003713489,0.119388963,40.570159619,38.418055345,41.670553182,-4.633778713,-0.569191262,2018,12,350,2018,9,15,258
2018-09-16 12:00:00,0.001019804,0.001081757,-0.008100000,-0.001148641,0.008163945,0.120574772,40.690734392,348.690067526,41.674445868,-82.824119605,-0.545829759,2018,12,351,2018,9,16,259
2018-09-17 12:00:00,0.003443835,0.001059001,0.012200000,-0.001114839,0.012676750,0.121723168,40.812457559,295.820991974,41.752882133,74.236605216,-0.524768535,2018,12,352,2018,9,17,260
2018-09-18 12:00:00,0.002195450,0.001033068,-0.008300000,-0.001086290,0.008585453,0.122837745,40.935295304,300.068582822,41.946674762,-75.183900215,-0.506689731,2018,12,353,2018,9,18,261
2018-09-19 12:00:00,0.001562050,0.001003506,-0.001500000,-0.001064007,0.002165641,0.123923753,41.059219057,140.194428908,42.340081135,-43.839106818,-0.491946380,2018,12,354,2018,9,19,262
2018-09-20 12:00:00,0.005135173,0.000972995,0.008800000,-0.001041791,0.010188719,0.124987484,41.184206542,353.290163192,42.961141177,59.734627626,-0.477575284,2018,12,355,2018,9,20,263
2018-09-21 12:00:00,0.003512834,0.000945015,-0.024100000,-0.001020252,0.024354671,0.126029031,41.310235573,274.899092454,43.667105905,-81.706928261,-0.463835627,2018,12,356,2018,9,21,264
2018-09-22 12:00:00,0.004472136,0.000917767,0.002500000,-0.000995411,0.005123475,0.127049055,41.437284627,79.695153531,44.459187616,29.205932247,-0.448908660,2018,12,357,2018,9,22,265
2018-09-23 12:00:00,0.007615773,0.000889547,-0.000300000,-0.000965107,0.007621680,0.128044241,41.565328868,256.328692868,45.203039677,-2.255825004,-0.431859384,2018,12,358,2018,9,23,266
2018-09-24 12:00:00,0.002778489,0.000859679,0.004800000,-0.000936429,0.005546170,0.129009122,41.694337990,59.743562836,45.818437890,59.935517007,-0.415892520,2018,12,359,2018,9,24,267
2018-09-25 12:00:00,0.001910497,0.000827607,-0.004700000,-0.000911222,0.005073460,0.129945323,41.824283313,312.878903603,46.308333770,-67.878809068,-0.401781477,2018,12,360,2018,9,25,268
2018-09-26 12:00:00,0.002039608,0.000793319,0.007100000,-0.000882618,0.007387151,0.130856315,41.955139628,168.690067526,46.727755762,73.972297922,-0.386459407,2018,12,361,2018,9,26,269
2018-09-27 12:00:00,0.003280244,0.000757247,-0.002200000,-0.000844293,0.003949684,0.131738704,42.086878332,322.431407971,47.011845062,-33.849039502,-0.367202395,2018,12,362,2018,9,27,270
2018-09-28 12:00:00,0.002785678,0.000719770,0.003500000,-0.000794469,0.004473254,0.132582775,42.219461106,21.037511025,47.102678281,51.483440791,-0.343332427,2018,12,363,2018,9,28,271
2018-09-29 12:00:00,0.001603122,0.000682058,0.003300000,-0.000732132,0.003668787,0.133377033,42.352838140,266.423665625,46.974577013,64.089772010,-0.314508856,2018,12,364,2018,9,29,272
2018-09-30 12:00:00,0.001664332,0.000645159,-0.012300000,-0.000661901,0.012412091,0.134108973,42.486947112,147.264773728,46.721740905,-82.294023637,-0.282787126,2018,12,365,2018,9,30,273
2018-10-01 12:00:00,0.004254409,0.000609942,0.003900000,-0.000592190,0.005771482,0.134770702,42.621717815,293.552263673,46.443606036,42.511359239,-0.251761582,2019,1,1,2018,10,1,274
2018-10-02 12:00:00,0.001500000,0.000576564,0.000700000,-0.000526609,0.001655295,0.135362740,42.757080554,143.130102354,46.045335520,25.016893478,-0.222901297,2019,1,2,2018,10,2,275
2018-10-03 12:00:00,0.001216553,0.000545278,-0.004100000,-0.000464953,0.004276681,0.135889214,42.892969769,80.537677792,45.496016173,-73.473317519,-0.196041363,2019,1,3,2018,10,3,276
2018-10-04 12:00:00,0.006870953,0.000514002,-0.002500000,-0.000407057,0.007311635,0.136354042,43.029323811,21.336859292,44.880754508,-19.993943371,-0.171045101,2019,1,4,2018,10,4,277
2018-10-05 12:00:00,0.009556673,0.000482577,0.009400000,-0.000356208,0.013404850,0.136760982,43.166084793,193.309178695,44.154427093,44.526472775,-0.149232796,2019,1,5,2018,10,5,278
2018-10-06 12:00:00,0.006198387,0.000452034,-0.010800000,-0.000313480,0.012452309,0.137117084,43.303201877,342.149681698,43.446802378,-60.147420834,-0.130990998,2019,1,6,2018,10,6,279
2018-10-07 12:00:00,0.006152235,0.000423460,0.001100000,-0.000278693,0.006249800,0.137430471,43.440632348,172.528440823,42.748162599,10.137184995,-0.116189067,2019,1,7,2018,10,7,280
2018-10-08 12:00:00,0.003140064,0.000396919,0.005700000,-0.000248033,0.006507688,0.137709083,43.578341431,322.765166018,41.945977136,61.150142455,-0.103197523,2019,1,8,2018,10,8,281
2018-10-09 12:00:00,0.011060289,0.000375433,-0.012700000,-0.000219632,0.016841021,0.137957055,43.716298485,322.715673564,40.821058037,-48.947754286,-0.091216926,2019,1,9,2018,10,9,282
2018-10-10 12:00:00,0.009567131,0.000360487,0.018500000,-0.000184497,0.020827386,0.138176647,43.854475132,138.814074834,39.723012684,62.654606245,-0.076502820,2019,1,10,2018,10,10,283
2018-10-11 12:00:00,0.003883298,0.000351297,-0.005800000,-0.000120603,0.006979971,0.138361119,43.992836251,34.508522988,39.252016172,-56.196343903,-0.049941904,2019,1,11,2018,10,11,284
2018-10-12 12:00:00,0.001300000,0.000347624,-0.009500000,-0.000009727,0.009588535,0.138481712,44.131317963,202.619864948,39.450016319,-82.207921922,-0.004024653,2019,1,12,2018,10,12,285
2018-10-13 12:00:00,0.004401136,0.000349127,0.003700000,0.000147075,0.005749783,0.138491443,44.269809407,181.301952673,39.974203416,40.053497463,0.060847008,2019,1,13,2018,10,13,286
2018-10-14 12:00:00,0.002319483,0.000355154,-0.000100000,0.000344124,0.002321637,0.138344384,44.408153791,7.431407971,40.284008211,-2.468667681,0.142520314,2019,1,14,2018,10,14,287
2018-10-15 12:00:00,0.003238827,0.000367290,-0.000400000,0.000565347,0.003263434,0.138000293,44.546154083,351.119340849,40.335594651,-7.040464217,0.234724900,2019,1,15,2018,10,15,288
2018-10-16 12:00:00,0.000538516,0.000390866,0.004700000,0.000790375,0.004730750,0.137435012,44.683589096,338.198590514,40.039623197,83.463669404,0.329504101,2019,1,16,2018,10,16,289
2018-10-17 12:00:00,0.000300000,0.000431799,-0.001000000,0.000997245,0.001044031,0.136644764,44.820233860,270.000000000,39.074580788,-73.300755766,0.418153207,2019,1,17,2018,10,17,290
2018-10-18 12:00:00,0.000721110,0.000493813,0.001200000,0.001169095,0.001400000,0.135647735,44.955881595,146.309932474,37.707256903,58.997280866,0.493816081,2019,1,18,2018,10,18,291
2018-10-19 12:00:00,0.003067572,0.000572278,-0.003400000,0.001297753,0.004579301,0.134478959,45.090360554,250.974393962,36.627600172,-47.942364626,0.552926096,2019,1,19,2018,10,19,292
2018-10-20 12:00:00,0.002941088,0.000652002,0.002100000,0.001384684,0.003613862,0.133181584,45.223542139,35.311213440,36.403446855,35.527649488,0.595712616,2019,1,20,2018,10,20,293
2018-10-21 12:00:00,0.002915476,0.000711879,-0.000600000,0.001432759,0.002976575,0.131797228,45.355339366,354.093858886,37.400878993,-11.629013995,0.622871077,2019,1,21,2018,10,21,294
2018-10-22 12:00:00,0.003605551,0.000745363,-0.002400000,0.001449046,0.004331282,0.130364676,45.485704043,183.179830120,39.218697151,-33.649333499,0.636874364,2019,1,22,2018,10,22,295
2018-10-23 12:00:00,0.003220248,0.000756833,-0.006600000,0.001450179,0.007343705,0.128915721,45.614619764,143.841814560,41.286373586,-63.991491465,0.644536315,2019,1,23,2018,10,23,296
2018-10-24 12:00:00,0.002325941,0.000755174,0.008000000,0.001451090,0.008331266,0.127465558,45.742085323,244.536654938,43.093159163,73.788602484,0.652279225,2019,1,24,2018,10,24,297
2018-10-25 12:00:00,0.000610328,0.000736869,0.016800000,0.001455274,0.016811083,0.126014386,45.868099708,34.992020199,45.126926636,87.919414641,0.661693688,2019,1,25,2018,10,25,298
2018-10-26 12:00:00,0.000610328,0.000736869,0.016800000,0.001455274,0.016811083,0.124559137,45.992658845,34.992020199,45.126926636,87.919414641,0.669424736,2019,1,26,2018,10,26,299
2018-10-27 12:00:00,0.009884331,0.000711644,-0.135100000,0.001450945,0.135461101,0.123103740,46.115762584,348.917430537,46.205704786,-85.815520404,0.675324490,2019,1,27,2018,10,27,300
2018-10-28 12:00:00,0.027441028,0.000697796,0.110300000,0.001443529,0.113662219,0.121652739,46.237415323,356.866497567,45.913815398,76.029274016,0.679886608,2019,1,28,2018,10,28,301
2018-10-29 12:00:00,0.016584933,0.000689056,0.022600000,0.001433267,0.028032481,0.120209183,46.357624506,200.839084877,44.934710013,53.727043628,0.683159879,2019,1,29,2018,10,29,302
2018-10-30 12:00:00,0.002308679,0.000686884,-0.006100000,0.001425647,0.006522270,0.118775927,46.476400434,184.969740728,43.692853148,-69.269748331,0.687727852,2019,1,30,2018,10,30,303
2018-10-31 12:00:00,0.007783315,0.000690268,0.016000000,0.001415316,0.017792695,0.117350325,46.593750758,317.082565280,42.501404664,64.059060553,0.691038556,2019,1,31,2018,10,31,304
2018-11-01 12:00:00,0.005491812,0.000695799,-0.011200000,0.001406014,0.012473973,0.115935066,46.709685825,169.508522988,41.570000151,-63.879422379,0.694877357,2019,2,32,2018,11,1,305
2018-11-02 12:00:00,0.005063596,0.000703289,0.008000000,0.001390422,0.009467840,0.114529124,46.824214948,350.909723079,40.736136336,57.668257607,0.695607081,2019,2,33,2018,11,2,306
2018-11-03 12:00:00,0.009972462,0.000714890,-0.001100000,0.001350466,0.010032946,0.113138801,46.937353749,136.218875235,39.792833239,-6.294493650,0.683919444,2019,2,34,2018,11,3,307
2018-11-04 12:00:00,0.007420243,0.000729552,-0.000100000,0.001268520,0.007420916,0.111788457,47.049142206,232.666804262,38.772776574,-0.772108331,0.650178285,2019,2,35,2018,11,4,308
2018-11-05 12:00:00,0.003569314,0.000742144,-0.000900000,0.001130605,0.003681032,0.110520048,47.159662254,78.690067526,37.761920063,-14.152087568,0.586138028,2019,2,36,2018,11,5,309
2018-11-06 12:00:00,0.002441311,0.000746055,0.000800000,0.000938553,0.002569047,0.109389496,47.269051749,214.992020199,36.788196362,18.143595793,0.491599057,2019,2,37,2018,11,6,310
2018-11-07 12:00:00,0.002280351,0.000734544,0.003600000,0.000713809,0.004261455,0.108450886,47.377502636,15.255118703,35.785408533,57.648571300,0.377115876,2019,2,38,2018,11,7,311
2018-11-08 12:00:00,0.003748333,0.000704417,-0.009700000,0.000486605,0.010399038,0.107736892,47.485239528,223.919075813,34.470164032,-68.872167937,0.258783484,2019,2,39,2018,11,8,312
2018-11-09 12:00:00,0.004440721,0.000656315,0.001100000,0.000282174,0.004574932,0.107249992,47.592489520,35.837652954,32.461246583,13.912555138,0.150745111,2019,2,40,2018,11,9,313
2018-11-10 12:00:00,0.001140175,0.000596187,0.009100000,0.000113738,0.009171150,0.106967471,47.699456991,232.125016349,29.654853050,82.858398290,0.060922371,2019,2,41,2018,11,10,314
2018-11-11 12:00:00,0.002213594,0.000534578,0.002000000,-0.000016849,0.002983287,0.106853409,47.806310400,341.565051177,25.885277044,42.098062118,-0.009034482,2019,2,42,2018,11,11,315
2018-11-12 12:00:00,0.004404543,0.000483469,-0.001700000,-0.000118805,0.004721229,0.106870014,47.913180415,177.397437798,20.996970125,-21.104848834,-0.063694589,2019,2,43,2018,11,12,316
2018-11-13 12:00:00,0.000360555,0.000445753,-0.010800000,-0.000203547,0.010806017,0.106988654,48.020169069,33.690067526,15.350380217,-88.087905798,-0.109005748,2019,2,44,2018,11,13,317
2018-11-14 12:00:00,0.002657066,0.000420255,-0.001400000,-0.000273910,0.003003331,0.107192096,48.127361165,19.798876355,9.542802954,-27.784609426,-0.146409406,2019,2,45,2018,11,14,318
2018-11-15 12:00:00,0.004001250,0.000404613,0.005300000,-0.000344881,0.006640783,0.107465945,48.234827110,358.567903816,4.168489372,52.948918236,-0.183874604,2019,2,46,2018,11,15,319
2018-11-16 12:00:00,0.002601922,0.000394052,-0.007800000,-0.000419045,0.008222530,0.107810784,48.342637894,92.202598162,0.565848378,-71.552343255,-0.222700925,2019,2,47,2018,11,16,320
2018-11-17 12:00:00,0.002420744,0.000380700,-0.002200000,-0.000488920,0.003271085,0.108229778,48.450867673,321.709836808,359.101390541,-42.264926567,-0.258830519,2019,2,48,2018,11,17,321
2018-11-18 12:00:00,0.003200000,0.000362755,0.003300000,-0.000543147,0.004596738,0.108718634,48.559586307,270.000000000,359.096290497,45.881403997,-0.286245132,2019,2,49,2018,11,18,322
2018-11-19 12:00:00,0.001910497,0.000342200,0.017000000,-0.000584012,0.017107016,0.109261712,48.668848020,137.121096397,359.639719569,83.587878720,-0.306251908,2019,2,50,2018,11,19,323
2018-11-20 12:00:00,0.002549510,0.000317859,-0.012200000,-0.000607801,0.012463547,0.109845649,48.778693669,41.820169880,0.469902662,-78.196413708,-0.317032262,2019,2,51,2018,11,20,324
2018-11-21 12:00:00,0.002376973,0.000289468,-0.000600000,-0.000619982,0.002451530,0.110453369,48.889147038,194.620873989,2.065415764,-14.166770728,-0.321606505,2019,2,52,2018,11,21,325
2018-11-22 12:00:00,0.001772005,0.000257015,0.003300000,-0.000615926,0.003745664,0.111073269,49.000220307,196.389540334,5.360636189,61.765488329,-0.317719653,2019,2,53,2018,11,22,326
2018-11-23 12:00:00,0.004554119,0.000223390,-0.011700000,-0.000595408,0.012555079,0.111689122,49.111909429,19.230672376,11.380304271,-68.731975278,-0.305441740,2019,2,54,2018,11,23,327
2018-11-24 12:00:00,0.005197115,0.000195352,0.007100000,-0.000559670,0.008798864,0.112284476,49.224193905,11.093723012,21.016614204,53.796321091,-0.285585809,2019,2,55,2018,11,24,328
2018-11-25 12:00:00,0.000509902,0.000181628,-0.003200000,-0.000511119,0.003240370,0.112844122,49.337038027,191.309932474,33.784585677,-80.946354567,-0.259517658,2019,2,56,2018,11,25,329
2018-11-26 12:00:00,0.005977458,0.000187089,0.000800000,-0.000453504,0.006030755,0.113355249,49.450393276,197.525568374,47.599752262,7.622948317,-0.229225829,2019,2,57,2018,11,26,330
2018-11-27 12:00:00,0.001414214,0.000211431,-0.004200000,-0.000390699,0.004431704,0.113808795,49.564202071,8.130102354,59.697386805,-71.390719321,-0.196693316,2019,2,58,2018,11,27,331
2018-11-28 12:00:00,0.001360147,0.000250827,-0.003700000,-0.000330191,0.003942081,0.114199573,49.678401644,162.897271031,69.308311544,-69.816203228,-0.165662343,2019,2,59,2018,11,28,332
2018-11-29 12:00:00,0.001878829,0.000306123,0.004000000,-0.000272607,0.004419276,0.114529898,49.792931542,64.798876355,76.354115507,64.840210566,-0.136376976,2019,2,60,2018,11,29,333
2018-11-30 12:00:00,0.003228002,0.000369094,-0.002400000,-0.000225198,0.004022437,0.114802689,49.907734230,286.189206257,81.061755685,-36.630575793,-0.112392239,2019,2,61,2018,11,30,334
2018-12-01 12:00:00,0.000632456,0.000421451,-0.003100000,-0.000195900,0.003163858,0.115028066,50.022762296,341.565051177,84.138564427,-78.468884250,-0.097578372,2019,3,62,2018,12,1,335
2018-12-02 12:00:00,0.004666905,0.000429222,0.014500000,-0.000189261,0.015232531,0.115223993,50.137986290,45.000000000,86.221469612,72.158943204,-0.094111017,2019,3,63,2018,12,2,336
2018-12-03 12:00:00,0.005948109,0.000384980,-0.020000000,-0.000203671,0.020865761,0.115413097,50.253399386,253.393019421,87.755061017,-73.437235470,-0.101110756,2019,3,64,2018,12,3,337
2018-12-04 12:00:00,0.010499524,0.000312809,-0.003300000,-0.000236174,0.011005908,0.115616549,50.369015935,220.364536573,89.321416098,-17.447931712,-0.117040404,2019,3,65,2018,12,4,338
2018-12-05 12:00:00,0.001252996,0.000230877,0.011300000,-0.000282937,0.011369257,0.115852530,50.484868466,28.610459666,92.402129981,83.672626287,-0.139928888,2019,3,66,2018,12,5,339
2018-12-06 12:00:00,0.007218033,0.000153390,0.000200000,-0.000336549,0.007220803,0.116135339,50.601003804,259.624155080,100.666085242,1.587167126,-0.166037782,2019,3,67,2018,12,6,340
2018-12-07 12:00:00,0.004244997,0.000100393,-0.011100000,-0.000389431,0.011884023,0.116471829,50.717475634,164.981639369,121.738662264,-69.071538023,-0.191572254,2019,3,68,2018,12,7,341
2018-12-08 12:00:00,0.005885576,0.000092552,0.028900000,-0.000437020,0.029493220,0.116861253,50.834336887,9.782407032,151.806099437,78.488950805,-0.214266537,2019,3,69,2018,12,8,342
2018-12-09 12:00:00,0.005859181,0.000113712,-0.022400000,-0.000478953,0.023153617,0.117298292,50.951635179,62.560272052,166.275355310,-75.341526852,-0.233951140,2019,3,70,2018,12,9,343
2018-12-10 12:00:00,0.003733631,0.000140437,0.012200000,-0.000517071,0.012758527,0.117777273,51.069412452,187.696051722,167.206576002,72.984038732,-0.251543056,2019,3,71,2018,12,10,344
2018-12-11 12:00:00,0.004080441,0.000166969,0.003500000,-0.000544499,0.005375872,0.118294378,51.187706830,323.972626615,163.020456317,40.621355107,-0.263728685,2019,3,72,2018,12,11,345
2018-12-12 12:00:00,0.001208305,0.000191520,0.003400000,-0.000555279,0.003608324,0.118838914,51.306545744,335.556045220,156.621903905,70.435615884,-0.267717298,2019,3,73,2018,12,12,346
2018-12-13 12:00:00,0.005220153,0.000215652,-0.011200000,-0.000552009,0.012356780,0.119394233,51.425939977,343.300755766,147.946386736,-65.010474448,-0.264903192,2019,3,74,2018,12,13,347
2018-12-14 12:00:00,0.003744329,0.000243737,0.014200000,-0.000540736,0.014685367,0.119946295,51.545886272,124.114472945,138.362385511,75.228188223,-0.258298691,2019,3,75,2018,12,14,348
2018-12-15 12:00:00,0.001200000,0.000273143,-0.007100000,-0.000526985,0.007200694,0.120487093,51.666373365,180.000000000,130.819420569,-80.406865737,-0.250600407,2019,3,76,2018,12,15,349
2018-12-16 12:00:00,0.006896376,0.000290130,-0.016100000,-0.000516786,0.017514851,0.121014116,51.787387480,209.538782260,127.037954466,-66.812306443,-0.244680005,2019,3,77,2018,12,16,350
2018-12-17 12:00:00,0.008077747,0.000274439,0.016600000,-0.000512142,0.018461040,0.121530864,51.908918344,58.671307132,128.606103083,64.051923124,-0.241450507,2019,3,78,2018,12,17,351
2018-12-18 12:00:00,0.002800000,0.000213926,-0.013300000,-0.000510957,0.013591541,0.122042884,52.030961228,270.000000000,141.623583346,-78.111341960,-0.239881068,2019,3,79,2018,12,18,352
2018-12-19 12:00:00,0.002343075,0.000164490,0.002200000,-0.000511885,0.003214032,0.122553764,52.153514992,140.194428908,188.840967359,43.196182161,-0.239314686,2019,3,80,2018,12,19,353
2018-12-20 12:00:00,0.005651548,0.000278067,-0.006100000,-0.000514780,0.008315648,0.123065852,52.276580844,103.298570330,235.794116040,-47.185407216,-0.239666824,2019,3,81,2018,12,20,354
2018-12-21 12:00:00,0.008802272,0.000424519,-0.020700000,-0.000519044,0.022493777,0.123581047,52.400161891,338.682087725,248.949038773,-66.963320205,-0.240644579,2019,3,82,2018,12,21,355
2018-12-22 12:00:00,0.009575490,0.000501815,0.015000000,-0.000529138,0.017795786,0.124100376,52.524262268,114.691558163,252.285238862,57.447224377,-0.244297878,2019,3,83,2018,12,22,356
2018-12-23 12:00:00,0.010651291,0.000515171,-0.003800000,-0.000546006,0.011308846,0.124629564,52.648891832,192.470461722,252.223063078,-19.634583809,-0.251015334,2019,3,84,2018,12,23,357
2018-12-24 12:00:00,0.002961419,0.000488173,0.006700000,-0.000560053,0.007325299,0.125175458,52.774067290,348.310630825,250.318744425,66.154438420,-0.256350234,2019,3,85,2018,12,24,358
2018-12-25 12:00:00,0.002692582,0.000449902,-0.006200000,-0.000566464,0.006759438,0.125735363,52.899802653,201.801409486,247.998206138,-66.525297073,-0.258130274,2019,3,86,2018,12,25,359
2018-12-26 12:00:00,0.002158703,0.000408136,-0.006300000,-0.000562028,0.006659580,0.126301682,53.026104334,103.392497754,245.669402171,-71.085908605,-0.254960593,2019,3,87,2018,12,26,360
2018-12-27 12:00:00,0.007851751,0.000365488,0.002000000,-0.000540304,0.008102469,0.126863577,53.152967911,6.581944655,243.957555367,14.290500423,-0.244019952,2019,3,88,2018,12,27,361
2018-12-28 12:00:00,0.003921734,0.000323129,0.001400000,-0.000493552,0.004164133,0.127403764,53.280371676,160.641005824,243.538247315,19.645798066,-0.221959876,2019,3,89,2018,12,28,362
2018-12-29 12:00:00,0.000583095,0.000281565,0.007100000,-0.000425036,0.007123903,0.127897217,53.408268892,239.036243468,245.215253733,85.305058451,-0.190409343,2019,3,90,2018,12,29,363
2018-12-30 12:00:00,0.001969772,0.000242686,0.006600000,-0.000341849,0.006887670,0.128322172,53.536591065,246.037511025,249.224453966,73.382253696,-0.152635719,2019,3,91,2018,12,30,364
2018-12-31 12:00:00,0.003982462,0.000207217,-0.003500000,-0.000257891,0.005301886,0.128663959,53.665255024,321.115503566,255.660583255,-41.310733208,-0.114842378,2019,3,92,2018,12,31,365
2019-01-01 12:00:00,0.010530432,0.000175919,-0.009800000,-0.000179626,0.014385062,0.128921803,53.794176827,85.643024994,264.260274552,-42.942361360,-0.079830065,2019,4,93,2019,1,1,1
2019-01-02 12:00:00,0.009552487,0.000150649,0.011600000,-0.000107758,0.015026976,0.129101397,53.923278224,239.139108312,275.171578793,50.528878127,-0.047823286,2019,4,94,2019,1,2,2
2019-01-03 12:00:00,0.002617250,0.000132183,-0.007400000,-0.000043096,0.007849204,0.129209135,54.052487359,96.581944655,288.248577817,-70.522204381,-0.019110393,2019,4,95,2019,1,3,3
2019-01-04 12:00:00,0.001476482,0.000121113,0.004900000,0.000012781,0.005117617,0.129252220,54.181739579,241.699244234,303.645493264,73.231241928,0.005665846,2019,4,96,2019,1,4,4
2019-01-05 12:00:00,0.003440930,0.000117868,0.016700000,0.000054981,0.017050806,0.129239436,54.310979015,54.462322208,320.735174687,78.357496653,0.024374885,2019,4,97,2019,1,5,5
2019-01-06 12:00:00,0.006381222,0.000124807,-0.011100000,0.000085855,0.012803515,0.129184461,54.440163476,302.195733935,337.996979567,-60.106054287,0.038078427,2019,4,98,2019,1,6,6
2019-01-07 12:00:00,0.002267157,0.000139161,-0.001400000,0.000101540,0.002664583,0.129098620,54.569262097,41.423665625,351.724382650,-31.695891284,0.045064980,2019,4,99,2019,1,7,7
2019-01-08 12:00:00,0.004903060,0.000156529,0.003500000,0.000102264,0.006024118,0.128997100,54.698259197,168.231711068,1.621397082,35.520760031,0.045421968,2019,4,100,2019,1,8,8
2019-01-09 12:00:00,0.004522168,0.000173260,-0.016200000,0.000088314,0.016819334,0.128894858,54.827154054,288.034285567,8.274591994,-74.403128977,0.039256773,2019,4,101,2019,1,9,9
2019-01-10 12:00:00,0.007874643,0.000187566,0.004100000,0.000063951,0.008878063,0.128806564,54.955960619,342.255328375,12.646873320,27.504123878,0.028446703,2019,4,102,2019,1,10,10
2019-01-11 12:00:00,0.003577709,0.000198836,-0.004500000,0.000033265,0.005748913,0.128742630,55.084703249,63.434948823,15.248700977,-51.513671896,0.014804443,2019,4,103,2019,1,11,11
2019-01-12 12:00:00,0.001941649,0.000206939,-0.002000000,-0.000002501,0.002787472,0.128709378,55.213412626,168.111341960,17.111201776,-45.848130922,-0.001113521,2019,4,104,2019,1,12,12
2019-01-13 12:00:00,0.010163661,0.000214653,0.007700000,-0.000038912,0.012751078,0.128711892,55.342124518,156.209226134,17.914976178,37.147607190,-0.017321556,2019,4,105,2019,1,13,13
2019-01-14 12:00:00,0.008168843,0.000223279,0.022700000,-0.000071702,0.024125091,0.128750818,55.470875336,39.536157187,17.238885039,70.208177588,-0.031908400,2019,4,106,2019,1,14,14
2019-01-15 12:00:00,0.006529931,0.000233757,-0.012200000,-0.000098145,0.013837630,0.128822539,55.599697875,310.030259272,15.375702351,-61.842517619,-0.043651533,2019,4,107,2019,1,15,15
2019-01-16 12:00:00,0.005921149,0.000243438,-0.001700000,-0.000116055,0.006160357,0.128920702,55.728618577,184.844000375,13.186332772,-16.019114447,-0.051578053,2019,4,108,2019,1,16,16
2019-01-17 12:00:00,0.003324154,0.000249188,-0.011700000,-0.000126788,0.012163059,0.129036768,55.857655345,226.218875235,11.387315115,-74.139317874,-0.056297299,2019,4,109,2019,1,17,17
2019-01-18 12:00:00,0.000316228,0.000250946,0.001000000,-0.000140568,0.001048809,0.129163559,55.986818904,341.565051177,10.357565905,72.451599386,-0.062354598,2019,4,110,2019,1,18,18
2019-01-19 12:00:00,0.001456022,0.000248510,0.003100000,-0.000166424,0.003424909,0.129304122,56.116123026,344.054604099,10.095770695,64.841282994,-0.073744055,2019,4,111,2019,1,19,19
2019-01-20 12:00:00,0.003577709,0.000242135,0.002100000,-0.000207073,0.004148494,0.129470534,56.245593559,26.565051177,10.279150354,30.411563760,-0.091637976,2019,4,112,2019,1,20,20
2019-01-21 12:00:00,0.004947727,0.000231474,-0.003500000,-0.000257610,0.006060528,0.129677587,56.375271146,194.036243468,10.921209056,-35.275419217,-0.113820369,2019,4,113,2019,1,21,21
2019-01-22 12:00:00,0.004909175,0.000219394,0.002000000,-0.000316363,0.005300943,0.129935175,56.505206321,356.496468355,12.578874503,22.166002555,-0.139502588,2019,4,114,2019,1,22,22
2019-01-23 12:00:00,0.002844293,0.000210943,-0.014900000,-0.000382968,0.015169047,0.130251524,56.635457845,190.124671655,15.414893774,-79.192707444,-0.168462318,2019,4,115,2019,1,23,23
2019-01-24 12:00:00,0.005508176,0.000208378,0.018800000,-0.000448877,0.019590304,0.130634487,56.766092332,356.877869538,19.251851412,73.670044925,-0.196875961,2019,4,116,2019,1,24,24
2019-01-25 12:00:00,0.004229657,0.000212004,-0.005400000,-0.000515543,0.006859300,0.131083369,56.897175701,186.788974574,23.576123608,-51.929472306,-0.225341562,2019,4,117,2019,1,25,25
2019-01-26 12:00:00,0.003008322,0.000219065,0.003600000,-0.000585323,0.004691482,0.131598923,57.028774625,21.447736327,27.975116772,50.116353206,-0.254839686,2019,4,118,2019,1,26,26
2019-01-27 12:00:00,0.001612452,0.000227149,-0.004600000,-0.000652472,0.004874423,0.132184259,57.160958884,187.125016349,31.792337457,-70.682755156,-0.282817865,2019,4,119,2019,1,27,27
2019-01-28 12:00:00,0.000721110,0.000235243,0.001600000,-0.000715237,0.001754993,0.132836744,57.293795628,236.309932474,34.783003237,65.739200415,-0.308500996,2019,4,120,2019,1,28,28
2019-01-29 12:00:00,0.001252996,0.000242994,-0.002200000,-0.000769712,0.002531798,0.133551994,57.427347622,61.389540334,36.453846932,-60.336591271,-0.330219560,2019,4,121,2019,1,29,29
2019-01-30 12:00:00,0.001118034,0.000247835,-0.000200000,-0.000811709,0.001135782,0.134321714,57.561669336,79.695153531,37.216568365,-10.142106157,-0.346241762,2019,4,122,2019,1,30,30
2019-01-31 12:00:00,0.000921954,0.000247781,0.002600000,-0.000844015,0.002758623,0.135133421,57.696802757,319.398705355,37.791401853,70.475602255,-0.357859610,2019,4,123,2019,1,31,31
2019-02-01 12:00:00,0.004052160,0.000243300,0.008700000,-0.000867904,0.009597395,0.135977426,57.832780183,15.751173663,38.257610035,65.025520194,-0.365704585,2019,5,124,2019,2,1,32
2019-02-02 12:00:00,0.004026164,0.000236249,-0.013600000,-0.000886277,0.014183441,0.136845317,57.969625500,75.618605409,38.636504218,-73.509059985,-0.371077934,2019,5,125,2019,2,2,33
2019-02-03 12:00:00,0.006488451,0.000228240,0.002400000,-0.000905266,0.006918092,0.137731579,58.107357079,208.539985188,39.391144065,20.298827025,-0.376589763,2019,5,126,2019,2,3,34
2019-02-04 12:00:00,0.004393177,0.000219660,0.003500000,-0.000933542,0.005616939,0.138636830,58.245993908,318.691385986,41.104322336,38.543983277,-0.385816637,2019,5,127,2019,2,4,35
2019-02-05 12:00:00,0.003679674,0.000212749,-0.019800000,-0.000971583,0.020139017,0.139570359,58.385564268,227.202598162,43.743496248,-79.472135894,-0.398853187,2019,5,128,2019,2,5,36
2019-02-06 12:00:00,0.001513275,0.000209744,-0.004000000,-0.001011946,0.004276681,0.140541937,58.526106205,187.594643369,46.831981976,-69.277434847,-0.412551065,2019,5,129,2019,2,6,37
2019-02-07 12:00:00,0.003935734,0.000209967,0.002700000,-0.001046213,0.004772840,0.141553882,58.667660087,27.216111557,49.867252848,34.450980354,-0.423472023,2019,5,130,2019,2,7,38
2019-02-08 12:00:00,0.000921954,0.000211974,-0.012500000,-0.001068702,0.012533954,0.142600097,58.810260183,220.601294645,52.584327612,-85.781710209,-0.429401285,2019,5,131,2019,2,8,39
2019-02-09 12:00:00,0.000806226,0.000214634,0.007900000,-0.001076620,0.007941033,0.143668801,58.953928984,299.744881297,55.042214711,84.172916310,-0.429364988,2019,5,132,2019,2,9,40
2019-02-10 12:00:00,0.001303840,0.000217916,0.007200000,-0.001069213,0.007317103,0.144745425,59.098674409,175.601294645,57.617147378,79.735603284,-0.423239422,2019,5,133,2019,2,10,41
2019-02-11 12:00:00,0.001118034,0.000221429,0.012800000,-0.001047157,0.012848735,0.145814642,59.244489051,63.434948823,59.925959750,85.008088977,-0.411469103,2019,5,134,2019,2,11,42
2019-02-12 12:00:00,0.002549510,0.000224048,-0.013500000,-0.001014187,0.013738632,0.146861802,59.391350853,311.820169880,61.710076300,-79.305498256,-0.395671842,2019,5,135,2019,2,12,43
2019-02-13 12:00:00,0.003014963,0.000224687,-0.000700000,-0.000970121,0.003095158,0.147875989,59.539226842,185.710593138,62.469939061,-13.071084084,-0.375884098,2019,5,136,2019,2,13,44
2019-02-14 12:00:00,0.004964877,0.000221846,0.004800000,-0.000918013,0.006905795,0.148846104,59.688072946,9.272601777,62.258520778,44.032672086,-0.353375844,2019,5,137,2019,2,14,45
2019-02-15 12:00:00,0.002863564,0.000215902,-0.011200000,-0.000850399,0.011560277,0.149764108,59.837837054,192.094757077,60.632188215,-75.658120424,-0.325341991,2019,5,138,2019,2,15,46
2019-02-16 12:00:00,0.004569464,0.000207028,0.003500000,-0.000761850,0.005755867,0.150614494,59.988451548,66.801409486,57.955049690,37.450460688,-0.289819054,2019,5,139,2019,2,16,47
2019-02-17 12:00:00,0.005769749,0.000197774,-0.004000000,-0.000649679,0.007020684,0.151376330,60.139827878,244.323184318,54.401821493,-34.732451202,-0.245903491,2019,5,140,2019,2,17,48
2019-02-18 12:00:00,0.001603122,0.000191658,-0.015000000,-0.000517595,0.015085423,0.152026001,60.291853879,176.423665625,50.259726784,-83.899681272,-0.195072325,2019,5,141,2019,2,18,49
2019-02-19 12:00:00,0.002280351,0.000188909,0.014200000,-0.000371812,0.014381933,0.152543592,60.444397471,15.255118703,46.311443727,80.876872194,-0.139653741,2019,5,142,2019,2,19,50
2019-02-20 12:00:00,0.002630589,0.000188771,-0.001000000,-0.000218439,0.002814249,0.152915403,60.597312874,8.746162263,43.438799863,-20.813948171,-0.081846906,2019,5,143,2019,2,20,51
2019-02-21 12:00:00,0.004509989,0.000190097,0.001700000,-0.000065085,0.004819751,0.153133844,60.750446718,183.814074834,41.954843062,20.653486088,-0.024351716,2019,5,144,2019,2,21,52
2019-02-22 12:00:00,0.004420407,0.000191922,-0.003500000,0.000081085,0.005638262,0.153198931,60.903645649,322.352379360,41.888417013,-38.371556348,0.030325535,2019,5,145,2019,2,22,53
2019-02-23 12:00:00,0.002831960,0.000195243,-0.003100000,0.000211221,0.004198809,0.153117850,61.056763499,47.862405226,42.404825733,-47.587187780,0.079037547,2019,5,146,2019,2,23,54
2019-02-24 12:00:00,0.001838478,0.000200034,0.008200000,0.000320866,0.008403571,0.152906636,61.209670135,247.619864948,43.011496044,77.363001579,0.120232183,2019,5,147,2019,2,24,55
2019-02-25 12:00:00,0.002942788,0.000205491,-0.004900000,0.000407290,0.005715768,0.152585777,61.362255912,170.217592968,43.441361027,-59.012280573,0.152937116,2019,5,148,2019,2,25,56
2019-02-26 12:00:00,0.001303840,0.000210734,0.005000000,0.000475769,0.005167204,0.152178494,61.514434406,57.528807709,42.810597475,75.384569459,0.179129113,2019,5,149,2019,2,26,57
2019-02-27 12:00:00,0.001984943,0.000214960,0.002500000,0.000537362,0.003192178,0.151702732,61.666137138,49.085616780,41.069165094,51.551221503,0.202953619,2019,5,150,2019,2,27,58
2019-02-28 12:00:00,0.005724509,0.000218620,-0.001800000,0.000603317,0.006000833,0.151165376,61.817302514,109.384515679,38.709544736,-17.455101066,0.228674038,2019,5,151,2019,2,28,59
2019-03-01 12:00:00,0.007316420,0.000222822,-0.002400000,0.000678822,0.007700000,0.150562066,61.967864580,280.234802763,36.164079609,-18.161005484,0.258323885,2019,6,152,2019,3,1,60
2019-03-02 12:00:00,0.001562050,0.000228067,-0.007100000,0.000756595,0.007269801,0.149883252,62.117747833,320.194428908,33.583674803,-77.592197108,0.289224298,2019,6,153,2019,3,2,61
2019-03-03 12:00:00,0.003312099,0.000234250,0.005000000,0.000828262,0.005997499,0.149126668,62.266874501,28.886581767,31.024410610,56.478720094,0.318227333,2019,6,154,2019,3,3,62
2019-03-04 12:00:00,0.002692582,0.000239286,-0.004200000,0.000889035,0.004988988,0.148298415,62.415172915,201.801409486,28.992116296,-57.336431227,0.343484870,2019,6,155,2019,3,4,63
2019-03-05 12:00:00,0.003337664,0.000240464,0.012500000,0.000936828,0.012937929,0.147409383,62.562582298,8.615648184,27.663389779,75.050052596,0.364133290,2019,6,156,2019,3,5,64
2019-03-06 12:00:00,0.005745433,0.000237321,0.007500000,0.000969700,0.009447751,0.146472551,62.709054849,148.523160650,27.190483882,52.545800723,0.379320949,2019,6,157,2019,3,6,65
2019-03-07 12:00:00,0.005048762,0.000230556,0.002700000,0.000987480,0.005725382,0.145502841,62.854557690,277.969610394,27.872265611,28.137182682,0.388850651,2019,6,158,2019,3,7,66
2019-03-08 12:00:00,0.004606517,0.000222981,0.005000000,0.000998275,0.006798529,0.144515351,62.999073041,332.878696596,29.583861291,47.345523623,0.395787729,2019,6,159,2019,3,8,67
2019-03-09 12:00:00,0.005093133,0.000216104,0.005600000,0.001001504,0.007569676,0.143517066,63.142590107,133.408859729,32.357056257,47.713857624,0.399829848,2019,6,160,2019,3,9,68
2019-03-10 12:00:00,0.002920616,0.000211106,-0.007200000,0.000998138,0.007769813,0.142515556,63.285105663,231.952957468,35.491866969,-67.920500178,0.401286419,2019,6,161,2019,3,10,69
2019-03-11 12:00:00,0.003125700,0.000209305,-0.000500000,0.000984650,0.003165438,0.141517417,63.426623080,7.352379360,38.588850131,-9.088275358,0.398655780,2019,6,162,2019,3,11,70
2019-03-12 12:00:00,0.000848528,0.000211647,-0.001100000,0.000955798,0.001389244,0.140532771,63.567155851,225.000000000,41.563102014,-52.353793032,0.389685702,2019,6,163,2019,3,12,71
2019-03-13 12:00:00,0.005300943,0.000218620,-0.002700000,0.000915473,0.005948949,0.139576985,63.706732837,358.919075813,43.871817914,-26.991714356,0.375800699,2019,6,164,2019,3,13,72
2019-03-14 12:00:00,0.005220153,0.000228657,0.015700000,0.000859191,0.016545090,0.138661529,63.845394366,163.300755766,44.994622790,71.608351667,0.355025233,2019,6,165,2019,3,14,73
2019-03-15 12:00:00,0.003140064,0.000246187,-0.024600000,0.000508338,0.024799597,0.137802370,63.983196736,307.234833982,47.806932365,-82.725824286,0.211358211,2019,6,166,2019,3,15,74
2019-03-16 12:00:00,0.005093133,0.000271273,0.000800000,0.000440479,0.005155580,0.137294080,64.120490816,43.408859729,45.418549454,8.926754020,0.183821491,2019,6,167,2019,3,16,75
2019-03-17 12:00:00,0.006040695,0.000283665,0.036600000,0.000419812,0.037095148,0.136853628,64.257344443,19.334808538,44.284362775,80.628031302,0.175760606,2019,6,168,2019,3,17,76
2019-03-18 12:00:00,0.003500000,0.000288511,-0.019800000,0.000416465,0.020106964,0.136433827,64.393778270,233.130102354,43.757305496,-79.975513204,0.174895771,2019,6,169,2019,3,18,77
2019-03-19 12:00:00,0.007273239,0.000290081,-0.000200000,0.000416446,0.007275988,0.136017367,64.529795637,198.434948823,43.549566070,-1.575126234,0.175423495,2019,6,170,2019,3,19,78
2019-03-20 12:00:00,0.000282843,0.000290212,0.000000000,0.000415611,0.000282843,0.135600922,64.665396559,45.000000000,43.540357454,0.000000000,0.175609541,2019,6,171,2019,3,20,79
2019-03-21 12:00:00,0.002505993,0.000289635,0.004900000,0.000413129,0.005503635,0.135185310,64.800581869,61.389540334,43.653290058,62.913566501,0.175097274,2019,6,172,2019,3,21,80
2019-03-22 12:00:00,0.003894868,0.000288702,-0.004000000,0.000408972,0.005583010,0.134772180,64.935354049,221.877869538,43.850374157,-45.762931003,0.173866983,2019,6,173,2019,3,22,81
2019-03-23 12:00:00,0.000900000,0.000287646,-0.000100000,0.000403151,0.000905539,0.134363206,65.069717255,90.000000000,44.120056692,-6.340191746,0.171913713,2019,6,174,2019,3,23,82
2019-03-24 12:00:00,0.003981206,0.000286667,-0.000600000,0.000395824,0.004026164,0.133960054,65.203677310,191.592175410,44.428903931,-8.570440297,0.169297353,2019,6,175,2019,3,24,83
2019-03-25 12:00:00,0.005531727,0.000285948,-0.004500000,0.000387166,0.007130919,0.133564230,65.337241539,347.471192291,44.749111882,-39.127982491,0.166084905,2019,6,176,2019,3,25,84
2019-03-26 12:00:00,0.000304138,0.000285627,0.002200000,0.000372115,0.002220923,0.133177064,65.470418603,189.462322208,45.193640022,82.129056720,0.160092337,2019,6,177,2019,3,26,85
2019-03-27 12:00:00,0.000304138,0.000285627,0.002200000,0.000372115,0.002220923,0.132804950,65.603223553,189.462322208,45.193640022,82.129056720,0.160540910,2019,6,178,2019,3,27,86
2019-03-28 12:00:00,0.002147091,0.000286072,0.002800000,0.000355709,0.003528456,0.132432837,65.735656390,27.758540601,45.572194022,52.518351452,0.153894052,2019,6,179,2019,3,28,87
2019-03-29 12:00:00,0.000360555,0.000286901,-0.008900000,0.000344045,0.008907300,0.132077131,65.867733522,326.309932474,45.763945715,-87.680112731,0.149248671,2019,6,180,2019,3,29,88
2019-03-30 12:00:00,0.002308679,0.000288158,-0.001400000,0.000331858,0.002700000,0.131733090,65.999466612,265.030259272,45.910783078,-31.232929016,0.144338133,2019,6,181,2019,3,30,89
2019-03-31 12:00:00,0.002844293,0.000289842,-0.021200000,0.000319564,0.021389951,0.131401236,66.130867848,10.124671655,46.017568297,-82.358557604,0.139341645,2019,6,182,2019,3,31,90
2019-04-01 12:00:00,0.006937579,0.000291883,0.022100000,0.000307618,0.023163333,0.131081678,66.261949526,15.037815904,46.079765087,72.572009271,0.134460036,2019,7,183,2019,4,1,91
2019-04-02 12:00:00,0.006603787,0.000294161,0.002400000,0.000296213,0.007026379,0.130774065,66.392723591,212.005383208,46.113626502,19.972553854,0.129779240,2019,7,184,2019,4,2,92
2019-04-03 12:00:00,0.002607681,0.000296614,0.009900000,0.000285764,0.010237676,0.130477859,66.523201450,184.398705355,46.141904578,75.243351301,0.125485434,2019,7,185,2019,4,3,93
2019-04-04 12:00:00,0.000329337,0.000324368,-0.000719403,-0.000268849,0.000791204,0.130192162,66.653393612,355.581379533,12.827219714,-65.402062655,-0.118316889,2019,7,186,2019,4,4,94
2019-04-05 12:00:00,0.000329337,0.000324368,-0.000719403,-0.000268849,0.000791204,0.130461010,66.783854622,355.581379533,12.827219714,-65.402062655,-0.118073067,2019,7,187,2019,4,5,95
2019-04-06 12:00:00,0.000329337,0.000324368,-0.000719403,-0.000268849,0.000791204,0.130729859,66.914584481,355.581379533,12.827219714,-65.402062655,-0.117830247,2019,7,188,2019,4,6,96
2019-04-07 12:00:00,0.000329337,0.000324368,-0.000719403,-0.000268849,0.000791204,0.130998707,67.045583188,355.581379533,12.827219714,-65.402062655,-0.117588424,2019,7,189,2019,4,7,97
2019-04-08 12:00:00,0.000329337,0.000324368,-0.000719403,-0.000268849,0.000791204,0.131267555,67.176850743,355.581379533,12.827219714,-65.402062655,-0.117347592,2019,7,190,2019,4,8,98
2019-04-09 12:00:00,0.000329337,0.000324368,-0.000719403,-0.000268849,0.000791204,0.131536404,67.308387147,355.581379533,12.827219714,-65.402062655,-0.117107744,2019,7,191,2019,4,9,99
2019-04-10 12:00:00,0.000329337,0.000324368,-0.000719403,-0.000268849,0.000791204,0.131805252,67.440192399,355.581379533,12.827219714,-65.402062655,-0.116868874,2019,7,192,2019,4,10,100
2019-04-11 12:00:00,0.000329337,0.000324368,-0.000719403,-0.000268849,0.000791204,0.132074100,67.572266499,355.581379533,12.827219714,-65.402062655,-0.116630977,2019,7,193,2019,4,11,101
2019-04-12 12:00:00,0.000329337,0.000324368,-0.000719403,-0.000268849,0.000791204,0.132342949,67.704609448,355.581379533,12.827219714,-65.402062655,-0.116394046,2019,7,194,2019,4,12,102
2019-04-13 12:00:00,0.000329337,0.000324368,-0.000719403,-0.000268849,0.000791204,0.132611797,67.837221244,355.581379533,12.827219714,-65.402062655,-0.116158076,2019,7,195,2019,4,13,103
2019-04-14 12:00:00,0.000329337,0.000324368,-0.000719403,-0.000268849,0.000791204,0.132880645,67.970101890,355.581379533,12.827219714,-65.402062655,-0.115923061,2019,7,196,2019,4,14,104
2019-04-15 12:00:00,0.000329337,0.000324368,-0.000719403,-0.000268849,0.000791204,0.133149494,68.103251383,355.581379533,12.827219714,-65.402062655,-0.115688995,2019,7,197,2019,4,15,105
2019-04-16 12:00:00,0.000329337,0.000324368,-0.000719403,-0.000268849,0.000791204,0.133418342,68.236669725,355.581379533,12.827219714,-65.402062655,-0.115455873,2019,7,198,2019,4,16,106
2019-04-17 12:00:00,0.000329337,0.000324368,-0.000719403,-0.000268849,0.000791204,0.133687190,68.370356915,355.581379533,12.827219714,-65.402062655,-0.115223688,2019,7,199,2019,4,17,107
2019-04-18 12:00:00,0.000329337,0.000324368,-0.000719403,-0.000268849,0.000791204,0.133956039,68.504312954,355.581379533,12.827219714,-65.402062655,-0.114992435,2019,7,200,2019,4,18,108
2019-04-19 12:00:00,0.000329337,0.000324368,-0.000719403,-0.000268849,0.000791204,0.134224887,68.638537841,355.581379533,12.827219714,-65.402062655,-0.114762108,2019,7,201,2019,4,19,109
2019-04-20 12:00:00,0.000329337,0.000324368,-0.000719403,-0.000268849,0.000791204,0.134493735,68.773031576,355.581379533,12.827219714,-65.402062655,-0.114532702,2019,7,202,2019,4,20,110
2019-04-21 12:00:00,0.000329337,0.000324368,-0.000719403,-0.000268849,0.000791204,0.134762584,68.907794160,355.581379533,12.827219714,-65.402062655,-0.114304212,2019,7,203,2019,4,21,111
2019-04-22 12:00:00,0.000329337,0.000324368,-0.000719403,-0.000268849,0.000791204,0.135031432,69.042825592,355.581379533,12.827219714,-65.402062655,-0.114076631,2019,7,204,2019,4,22,112
2019-04-23 12:00:00,0.000329337,0.000324368,-0.000719403,-0.000268849,0.000791204,0.135300280,69.178125872,355.581379533,12.827219714,-65.402062655,-0.113849955,2019,7,205,2019,4,23,113
2019-04-24 12:00:00,0.000329337,0.000324368,-0.000719403,-0.000268849,0.000791204,0.135569129,69.313695001,355.581379533,12.827219714,-65.402062655,-0.113624178,2019,7,206,2019,4,24,114
2019-04-25 12:00:00,0.000329337,0.000324368,-0.000719403,-0.000268849,0.000791204,0.135837977,69.449532978,355.581379533,12.827219714,-65.402062655,-0.113399294,2019,7,207,2019,4,25,115
2019-04-26 12:00:00,0.000329337,0.000324368,-0.000719403,-0.000268849,0.000791204,0.136106825,69.585639803,355.581379533,12.827219714,-65.402062655,-0.113175299,2019,7,208,2019,4,26,116
2019-04-27 12:00:00,0.000329337,0.000324368,-0.000719403,-0.000268849,0.000791204,0.136375674,69.722015477,355.581379533,12.827219714,-65.402062655,-0.112952187,2019,7,209,2019,4,27,117
2019-04-28 12:00:00,0.000329337,0.000324368,-0.000719403,-0.000268849,0.000791204,0.136644522,69.858659999,355.581379533,12.827219714,-65.402062655,-0.112729953,2019,7,210,2019,4,28,118
2019-04-29 12:00:00,0.000329337,0.000324368,-0.000719403,-0.000268849,0.000791204,0.136913371,69.995573370,355.581379533,12.827219714,-65.402062655,-0.112508592,2019,7,211,2019,4,29,119
2019-04-30 12:00:00,0.000329337,0.000324368,-0.000719403,-0.000268849,0.000791204,0.137182219,70.132755589,355.581379533,12.827219714,-65.402062655,-0.112288099,2019,7,212,2019,4,30,120
2019-05-01 12:00:00,0.000329337,0.000324368,-0.000719403,-0.000268849,0.000791204,0.137451067,70.270206656,355.581379533,12.827219714,-65.402062655,-0.112068468,2019,8,213,2019,5,1,121
2019-05-02 12:00:00,0.000329337,0.000324368,-0.000719403,-0.000268849,0.000791204,0.137719916,70.407926572,355.581379533,12.827219714,-65.402062655,-0.111849694,2019,8,214,2019,5,2,122
2019-05-03 12:00:00,0.000329337,0.000324368,-0.000719403,-0.000268849,0.000791204,0.137988764,70.545915336,355.581379533,12.827219714,-65.402062655,-0.111631773,2019,8,215,2019,5,3,123
2019-05-04 12:00:00,0.000329337,0.000324368,-0.000719403,-0.000268849,0.000791204,0.138257612,70.684172948,355.581379533,12.827219714,-65.402062655,-0.111414700,2019,8,216,2019,5,4,124
2019-05-05 12:00:00,0.000329337,0.000324368,-0.000719403,-0.000268849,0.000791204,0.138526461,70.822699409,355.581379533,12.827219714,-65.402062655,-0.111198469,2019,8,217,2019,5,5,125
2019-05-06 12:00:00,0.000329337,0.000324368,-0.000719403,-0.000268849,0.000791204,0.138795309,70.961494718,355.581379533,12.827219714,-65.402062655,-0.110983076,2019,8,218,2019,5,6,126
2019-05-07 12:00:00,0.000329337,0.000324368,-0.000719403,-0.000268849,0.000791204,0.139064158,71.100558876,355.581379533,12.827219714,-65.402062655,-0.110768515,2019,8,219,2019,5,7,127
2019-05-08 12:00:00,0.000329337,0.000324368,-0.000719403,-0.000268849,0.000791204,0.139333006,71.239891882,355.581379533,12.827219714,-65.402062655,-0.110554783,2019,8,220,2019,5,8,128
2019-05-09 12:00:00,0.000329337,0.000324368,-0.000719403,-0.000268849,0.000791204,0.139601854,71.379493737,355.581379533,12.827219714,-65.402062655,-0.110341874,2019,8,221,2019,5,9,129
2019-05-10 12:00:00,0.000329337,0.000324368,-0.000719403,-0.000268849,0.000791204,0.139870703,71.519364439,355.581379533,12.827219714,-65.402062655,-0.110129783,2019,8,222,2019,5,10,130
2019-05-11 12:00:00,0.000329337,0.000324368,-0.000719403,-0.000268849,0.000791204,0.140139551,71.659503991,355.581379533,12.827219714,-65.402062655,-0.109918506,2019,8,223,2019,5,11,131
2019-05-12 12:00:00,0.000329337,0.000324368,-0.000719403,-0.000268849,0.000791204,0.140408400,71.799912390,355.581379533,12.827219714,-65.402062655,-0.109708038,2019,8,224,2019,5,12,132
2019-05-13 12:00:00,0.000329337,0.000324368,-0.000719403,-0.000268849,0.000791204,0.140677248,71.940589639,355.581379533,12.827219714,-65.402062655,-0.109498375,2019,8,225,2019,5,13,133
2019-05-14 12:00:00,0.000329337,0.000324368,-0.000719403,-0.000268849,0.000791204,0.140946097,72.081535735,355.581379533,12.827219714,-65.402062655,-0.109289511,2019,8,226,2019,5,14,134
2019-05-15 12:00:00,0.000329337,0.000324368,-0.000719403,-0.000268849,0.000791204,0.141214945,72.222750680,355.581379533,12.827219714,-65.402062655,-0.109081443,2019,8,227,2019,5,15,135
2019-05-16 12:00:00,0.000329337,0.000324368,-0.000719403,-0.000268849,0.000791204,0.141483793,72.364234474,355.581379533,12.827219714,-65.402062655,-0.108874166,2019,8,228,2019,5,16,136
2019-05-17 12:00:00,0.000329337,0.000324368,-0.000719403,-0.000268849,0.000791204,0.141752642,72.505987115,355.581379533,12.827219714,-65.402062655,-0.108667674,2019,8,229,2019,5,17,137
2019-05-18 12:00:00,0.000329337,0.000324368,-0.000719403,-0.000268849,0.000791204,0.142021490,72.648008606,355.581379533,12.827219714,-65.402062655,-0.108461965,2019,8,230,2019,5,18,138
2019-05-19 12:00:00,0.000329337,0.000324368,-0.000719403,-0.000268849,0.000791204,0.142290339,72.790298944,355.581379533,12.827219714,-65.402062655,-0.108257033,2019,8,231,2019,5,19,139
2019-05-20 12:00:00,0.000329337,0.000324368,-0.000719403,-0.000268849,0.000791204,0.142559187,72.932858132,355.581379533,12.827219714,-65.402062655,-0.108052874,2019,8,232,2019,5,20,140
2019-05-21 12:00:00,0.000329337,0.000324368,-0.000719403,-0.000268849,0.000791204,0.142828036,73.075686167,355.581379533,12.827219714,-65.402062655,-0.107849483,2019,8,233,2019,5,21,141
2019-05-22 12:00:00,0.000329337,0.000324368,-0.000719403,-0.000268849,0.000791204,0.143096884,73.218783051,355.581379533,12.827219714,-65.402062655,-0.107646857,2019,8,234,2019,5,22,142
2019-05-23 12:00:00,0.000329337,0.000324368,-0.000719403,-0.000268849,0.000791204,0.143365732,73.362148784,355.581379533,12.827219714,-65.402062655,-0.107444990,2019,8,235,2019,5,23,143
2019-05-24 12:00:00,0.000329337,0.000324368,-0.000719403,-0.000268849,0.000791204,0.143634581,73.505783365,355.581379533,12.827219714,-65.402062655,-0.107243879,2019,8,236,2019,5,24,144
2019-05-25 12:00:00,0.000329337,0.000324368,-0.000719403,-0.000268849,0.000791204,0.143903429,73.649686794,355.581379533,12.827219714,-65.402062655,-0.107043520,2019,8,237,2019,5,25,145
2019-05-26 12:00:00,0.000329337,0.000324368,-0.000719403,-0.000268849,0.000791204,0.144172278,73.793859072,355.581379533,12.827219714,-65.402062655,-0.106843908,2019,8,238,2019,5,26,146
2019-05-27 12:00:00,0.000329337,0.000324368,-0.000719403,-0.000268849,0.000791204,0.144441126,73.938300198,355.581379533,12.827219714,-65.402062655,-0.106645039,2019,8,239,2019,5,27,147
2019-05-28 12:00:00,0.000329337,0.000324368,-0.000719403,-0.000268849,0.000791204,0.144709975,74.083010173,355.581379533,12.827219714,-65.402062655,-0.106446909,2019,8,240,2019,5,28,148
2019-05-29 12:00:00,0.000329337,0.000324368,-0.000719403,-0.000268849,0.000791204,0.144978823,74.227988996,355.581379533,12.827219714,-65.402062655,-0.106249514,2019,8,241,2019,5,29,149
2019-05-30 12:00:00,0.000329337,0.000324368,-0.000719403,-0.000268849,0.000791204,0.145247672,74.373236668,355.581379533,12.827219714,-65.402062655,-0.106052850,2019,8,242,2019,5,30,150
2019-05-31 12:00:00,0.000329337,0.000324368,-0.000719403,-0.000268849,0.000791204,0.145516520,74.518753188,355.581379533,12.827219714,-65.402062655,-0.105856912,2019,8,243,2019,5,31,151
2019-06-01 12:00:00,0.000329337,0.000324368,-0.000719403,-0.000268849,0.000791204,0.145785369,74.664538556,355.581379533,12.827219714,-65.402062655,-0.105661697,2019,9,244,2019,6,1,152
2019-06-02 12:00:00,0.000329337,0.000324368,-0.000719403,-0.000268849,0.000791204,0.146054217,74.810592773,355.581379533,12.827219714,-65.402062655,-0.105467200,2019,9,245,2019,6,2,153
2019-06-03 12:00:00,0.000329337,0.000324368,-0.000719403,-0.000268849,0.000791204,0.146323066,74.956915839,355.581379533,12.827219714,-65.402062655,-0.105273419,2019,9,246,2019,6,3,154
2019-06-04 12:00:00,0.000329337,0.000324368,-0.000719403,-0.000268849,0.000791204,0.146591914,75.103507753,355.581379533,12.827219714,-65.402062655,-0.105080348,2019,9,247,2019,6,4,155
2019-06-05 12:00:00,0.000329337,0.000324368,-0.000719403,-0.000268849,0.000791204,0.146860762,75.250368515,355.581379533,12.827219714,-65.402062655,-0.104887984,2019,9,248,2019,6,5,156
2019-06-06 12:00:00,0.000329337,0.000324368,-0.000719403,-0.000268849,0.000791204,0.147129611,75.397498126,355.581379533,12.827219714,-65.402062655,-0.104696323,2019,9,249,2019,6,6,157
2019-06-07 12:00:00,0.000329337,0.000324368,-0.000719403,-0.000268849,0.000791204,0.147398459,75.544896586,355.581379533,12.827219714,-65.402062655,-0.104505361,2019,9,250,2019,6,7,158
2019-06-08 12:00:00,0.000329337,0.000324368,-0.000719403,-0.000268849,0.000791204,0.147667308,75.692563894,355.581379533,12.827219714,-65.402062655,-0.104315095,2019,9,251,2019,6,8,159
2019-06-09 12:00:00,0.000329337,0.000324368,-0.000719403,-0.000268849,0.000791204,0.147936156,75.840500050,355.581379533,12.827219714,-65.402062655,-0.104125520,2019,9,252,2019,6,9,160
2019-06-10 12:00:00,0.006243397,0.000356956,0.036100000,0.000242311,0.036635911,0.148205080,75.988705130,301.908106936,15.166298755,80.187911938,0.093676807,2019,9,253,2019,6,10,161
2019-06-11 12:00:00,0.010742439,0.000356586,-0.045700000,0.000239374,0.046945607,0.147962769,76.136667899,118.950995207,14.952303690,-76.771956725,0.092693007,2019,9,254,2019,6,11,162
2019-06-12 12:00:00,0.005800000,0.000355884,0.029300000,0.000235452,0.029868545,0.147723394,76.284391293,270.000000000,14.727110662,78.802928403,0.091321963,2019,9,255,2019,6,12,163
2019-06-13 12:00:00,0.007011419,0.000354927,0.011600000,0.000230423,0.013554335,0.147487941,76.431879234,93.270487923,14.492805067,58.849862517,0.089514248,2019,9,256,2019,6,13,164
2019-06-14 12:00:00,0.009749359,0.000353876,-0.024400000,0.000224609,0.026275654,0.147257516,76.579136750,333.172125990,14.245317172,-68.220134420,0.087392194,2019,9,257,2019,6,14,165
2019-06-15 12:00:00,0.006488451,0.000352867,0.015000000,0.000217875,0.016343194,0.147032905,76.726169656,204.590117166,13.986113686,66.608456609,0.084901462,2019,9,258,2019,6,15,166
2019-06-16 12:00:00,0.001140175,0.000351847,0.000200000,0.000210650,0.001157584,0.146815029,76.872984684,15.255118703,13.741788716,9.949126297,0.082207923,2019,9,259,2019,6,16,167
2019-06-17 12:00:00,0.001581139,0.000350843,0.000400000,0.000203492,0.001630951,0.146604377,77.019589061,304.695153531,13.523520130,14.196947417,0.079528503,2019,9,260,2019,6,17,168
2019-06-18 12:00:00,0.002729469,0.000349886,0.013300000,0.000196988,0.013577187,0.146400883,77.165989945,351.573030979,13.339732707,78.402600610,0.077093878,2019,9,261,2019,6,18,169
2019-06-19 12:00:00,0.004004997,0.000348936,-0.003300000,0.000191623,0.005189412,0.146203893,77.312193838,177.137594774,13.191144788,-39.487521997,0.075095026,2019,9,262,2019,6,19,170
2019-06-20 12:00:00,0.002002498,0.000347884,0.003500000,0.000187239,0.004032369,0.146012268,77.458206106,2.862405226,13.075354027,60.224295869,0.073473326,2019,9,263,2019,6,20,171
2019-06-21 12:00:00,0.001118034,0.000346755,-0.011600000,0.000183595,0.011653755,0.145825027,77.604031133,63.434948823,12.985117381,-84.494709578,0.072135829,2019,9,264,2019,6,21,172
2019-06-22 12:00:00,0.001565248,0.000345563,-0.002500000,0.000180447,0.002949576,0.145641430,77.749672563,243.434948823,12.916640006,-57.949357365,0.070988421,2019,9,265,2019,6,22,173
2019-06-23 12:00:00,0.005508176,0.000344324,0.012800000,0.000178237,0.013934848,0.145460981,77.895133544,93.122130462,12.873236363,66.716522232,0.070206067,2019,9,266,2019,6,23,174
2019-06-24 12:00:00,0.004924429,0.000343133,-0.008200000,0.000177774,0.009565041,0.145282741,78.040416285,293.962488975,12.848963872,-59.013494466,0.070109611,2019,9,267,2019,6,24,175
2019-06-25 12:00:00,0.002126029,0.000342214,0.004000000,0.000179446,0.004529901,0.145104965,78.185521250,221.185925166,12.853691126,62.009029908,0.070855426,2019,9,268,2019,6,25,176
2019-06-26 12:00:00,0.003606938,0.000341756,0.009100000,0.000184025,0.009788769,0.144925519,78.330446769,316.123302714,12.875322953,68.378270021,0.072753624,2019,9,269,2019,6,26,177
2019-06-27 12:00:00,0.001421267,0.000341789,-0.007100000,0.000191647,0.007240856,0.144741495,78.475188264,39.289406862,12.823080176,-78.680236327,0.075863451,2019,9,270,2019,6,27,178
2019-06-28 12:00:00,0.003501428,0.000340825,0.000800000,0.000198908,0.003591657,0.144549846,78.619738110,178.363422958,12.512998813,12.869924589,0.078842074,2019,9,271,2019,6,28,179
2019-06-29 12:00:00,0.004743416,0.000285869,-0.013700000,0.000032853,0.014497931,0.144350819,78.764088928,34.695153531,11.773139051,-70.902367103,0.013040146,2019,9,272,2019,6,29,180
2019-06-30 12:00:00,0.002973214,0.000271106,0.010300000,-0.000010064,0.010720541,0.144317937,78.908406865,19.653824058,12.230181790,73.898605825,-0.003995331,2019,9,273,2019,6,30,181
2019-07-01 12:00:00,0.001708801,0.000258985,-0.005500000,-0.000048493,0.005759340,0.144327978,79.052734843,200.556045220,12.459603239,-72.740448275,-0.019250923,2019,10,274,2019,7,1,182
2019-07-02 12:00:00,0.001252996,0.000252105,0.009800000,-0.000075586,0.009879777,0.144376459,79.197111302,61.389540334,12.194495872,82.713877664,-0.029996359,2019,10,275,2019,7,2,183
2019-07-03 12:00:00,0.003841875,0.000248885,-0.004700000,-0.000088152,0.006070420,0.144452039,79.341563341,218.659808254,11.474526492,-50.736745100,-0.034964837,2019,10,276,2019,7,3,184
2019-07-04 12:00:00,0.000632456,0.000246281,0.012800000,-0.000092842,0.012815615,0.144540187,79.486103528,108.434948823,10.697314557,87.171282339,-0.036802641,2019,10,277,2019,7,4,185
2019-07-05 12:00:00,0.005249762,0.000242410,-0.016800000,-0.000094876,0.017601136,0.144633022,79.630736550,319.635463427,10.432415665,-72.646715155,-0.037584687,2019,10,278,2019,7,5,186
2019-07-06 12:00:00,0.002451530,0.000237703,0.006100000,-0.000099599,0.006574192,0.144727890,79.775464441,78.231711068,10.733015340,68.105289617,-0.039429965,2019,10,279,2019,7,6,187
2019-07-07 12:00:00,0.003580503,0.000233246,-0.003400000,-0.000109811,0.004937611,0.144827482,79.920291923,125.909723079,11.510685732,-43.518768281,-0.043442935,2019,10,280,2019,7,7,188
2019-07-08 12:00:00,0.004664762,0.000228010,0.006400000,-0.000129290,0.007919596,0.144937285,80.065229207,329.036243468,12.437070189,53.912852934,-0.051110094,2019,10,281,2019,7,8,189
2019-07-09 12:00:00,0.007106335,0.000220855,0.002100000,-0.000158621,0.007410128,0.145066563,80.210295771,166.159304508,13.470661518,16.462988038,-0.062649219,2019,10,282,2019,7,9,190
2019-07-10 12:00:00,0.002701851,0.000213846,-0.018800000,-0.000190366,0.018993157,0.145225174,80.355520944,321.009005957,14.771766520,-81.821707357,-0.075105423,2019,10,283,2019,7,10,191
2019-07-11 12:00:00,0.004604346,0.000208516,0.007300000,-0.000218844,0.008630759,0.145415532,80.500936477,267.510447078,16.566397912,57.759045995,-0.086227552,2019,10,284,2019,7,11,192
2019-07-12 12:00:00,0.009525755,0.000205962,0.000900000,-0.000236238,0.009568176,0.145634372,80.646570849,63.165956529,19.180813047,5.397323730,-0.092941413,2019,10,285,2019,7,12,193
2019-07-13 12:00:00,0.005946427,0.000207678,0.001300000,-0.000241039,0.006086871,0.145870612,80.792441461,250.346175942,22.273891252,12.331905397,-0.094676673,2019,10,286,2019,7,13,194
2019-07-14 12:00:00,0.002549510,0.000212913,-0.003300000,-0.000236741,0.004170132,0.146111659,80.938553120,168.690067526,25.569809198,-52.311089412,-0.092835103,2019,10,287,2019,7,14,195
2019-07-15 12:00:00,0.001843909,0.000219608,-0.005700000,-0.000224850,0.005990826,0.146348410,81.084901530,49.398705355,28.526628983,-72.073979818,-0.088029521,2019,10,288,2019,7,15,196
2019-07-16 12:00:00,0.001500000,0.000226855,0.004600000,-0.000216188,0.004838388,0.146573271,81.231474802,270.000000000,30.634309216,71.939528064,-0.084508369,2019,10,289,2019,7,16,197
2019-07-17 12:00:00,0.001992486,0.000233597,0.011800000,-0.000212752,0.011967038,0.146789470,81.378264272,72.474431626,31.922323229,80.415742406,-0.083042903,2019,10,290,2019,7,17,198
2019-07-18 12:00:00,0.003935734,0.000240278,-0.011500000,-0.000209542,0.012154834,0.147002233,81.525266504,297.216111557,32.578575551,-71.107119058,-0.081671337,2019,10,291,2019,7,18,199
2019-07-19 12:00:00,0.001581139,0.000248262,0.014800000,-0.000207307,0.014884220,0.147211788,81.672478292,55.304846469,33.027763452,83.902009103,-0.080685301,2019,10,292,2019,7,19,200
2019-07-20 12:00:00,0.003420526,0.000259886,0.002100000,-0.000206004,0.004013726,0.147419114,81.819897406,52.125016349,34.250769969,31.547453904,-0.080065528,2019,10,293,2019,7,20,201
2019-07-21 12:00:00,0.003605551,0.000276358,0.003400000,-0.000207016,0.004955805,0.147625148,81.967522555,199.440034828,36.212353356,43.319355302,-0.080346388,2019,10,294,2019,7,21,202
2019-07-22 12:00:00,0.001456022,0.000297072,-0.016300000,-0.000206612,0.016364901,0.147832204,82.115354759,195.945395901,38.385544200,-84.895516291,-0.080077191,2019,10,295,2019,7,22,203
2019-07-23 12:00:00,0.002968164,0.000321131,-0.009500000,-0.000206858,0.009952889,0.148038866,82.263393625,327.380756929,40.791271930,-72.649192945,-0.080060715,2019,10,296,2019,7,23,204
2019-07-24 12:00:00,0.003201562,0.000352383,-0.006300000,-0.000205168,0.007066824,0.148245794,82.411639419,178.210089392,44.078685889,-63.061030115,-0.079295666,2019,10,297,2019,7,24,205
2019-07-25 12:00:00,0.006609841,0.000394371,0.009100000,-0.000201699,0.011247222,0.148451067,82.560090487,349.540090907,48.494659339,54.006989148,-0.077847214,2019,10,298,2019,7,25,206
2019-07-26 12:00:00,0.002640076,0.000453387,-0.001400000,-0.000199019,0.002988311,0.148652934,82.708743420,127.303948278,54.080853409,-27.936462326,-0.076708596,2019,10,299,2019,7,26,207
2019-07-27 12:00:00,0.002334524,0.000531229,0.004000000,-0.000198969,0.004631414,0.148852209,82.857595630,170.134193057,59.827010169,59.730844757,-0.076586743,2019,10,300,2019,7,27,208
2019-07-28 12:00:00,0.003420526,0.000621466,0.006700000,-0.000207222,0.007522633,0.149051526,83.006647156,322.125016349,64.763493869,62.954492607,-0.079656745,2019,10,301,2019,7,28,209
2019-07-29 12:00:00,0.001486607,0.000710845,-0.004300000,-0.000233224,0.004549725,0.149259146,83.155906302,19.653824058,68.483595237,-70.928579307,-0.089527199,2019,10,302,2019,7,29,210
2019-07-30 12:00:00,0.003189044,0.000787606,0.000600000,-0.000274500,0.003244996,0.149492752,83.305399053,228.814074834,70.981874573,10.655306051,-0.105207020,2019,10,303,2019,7,30,211
2019-07-31 12:00:00,0.002668333,0.000847097,0.001900000,-0.000316905,0.003275668,0.149767572,83.455166626,12.994616792,72.458289888,35.452961156,-0.121236662,2019,10,304,2019,7,31,212
2019-08-01 12:00:00,0.003966106,0.000892121,-0.000700000,-0.000354138,0.004027406,0.150084733,83.605251358,123.690067526,73.097846695,-10.009364970,-0.135194521,2019,11,305,2019,8,1,213
2019-08-02 12:00:00,0.001992486,0.000928550,0.011900000,-0.000390839,0.012065654,0.150439085,83.755690443,252.474431626,73.155122261,80.494806717,-0.148853797,2019,11,306,2019,8,2,214
2019-08-03 12:00:00,0.001431782,0.000959435,-0.026200000,-0.000429985,0.026239093,0.150830110,83.906520553,335.224859431,72.689700355,-86.872001752,-0.163338400,2019,11,307,2019,8,3,215
2019-08-04 12:00:00,0.001315295,0.000989382,-0.027600000,-0.000471889,0.027631323,0.151260279,84.057780832,261.253837737,71.646340647,-87.271599277,-0.178746903,2019,11,308,2019,8,4,216
2019-08-05 12:00:00,0.001749286,0.001020304,0.039700000,-0.000511966,0.039738520,0.151732363,84.209513194,300.963756532,70.146434815,87.477030431,-0.193324183,2019,11,309,2019,8,5,217
2019-08-06 12:00:00,0.002193171,0.001052946,-0.009000000,-0.000555221,0.009263369,0.152244539,84.361757734,136.847610266,68.549997089,-76.304761031,-0.208952570,2019,11,310,2019,8,6,218
2019-08-07 12:00:00,0.006997142,0.001087160,-0.011700000,-0.000607920,0.013632681,0.152799986,84.514557720,300.963756532,67.104685439,-59.118620297,-0.227953682,2019,11,311,2019,8,7,219
2019-08-08 12:00:00,0.003138471,0.001121403,0.013600000,-0.000668702,0.013957435,0.153408137,84.667965857,30.650667957,65.796071258,77.005345502,-0.249751412,2019,11,312,2019,8,8,220
2019-08-09 12:00:00,0.001931321,0.001158557,0.012900000,-0.000741423,0.013043772,0.154077096,84.822042953,111.250505507,64.556616805,81.485216796,-0.275710023,2019,11,313,2019,8,9,221
2019-08-10 12:00:00,0.008584288,0.001203227,-0.008100000,-0.000823913,0.011802542,0.154818839,84.976861792,188.035710711,63.467077579,-43.337365788,-0.304917307,2019,11,314,2019,8,10,222
2019-08-11 12:00:00,0.007261543,0.001255558,0.006500000,-0.000905908,0.009745768,0.155643141,85.132504933,292.680559607,62.499425115,41.832570562,-0.333487121,2019,11,315,2019,8,11,223
2019-08-12 12:00:00,0.002334524,0.001313879,0.000000000,-0.000979202,0.002334524,0.156549498,85.289054431,9.865806943,61.630091084,0.000000000,-0.358381781,2019,11,316,2019,8,12,224
2019-08-13 12:00:00,0.005080354,0.001376636,-0.015400000,-0.001046189,0.016216350,0.157529201,85.446583632,280.203973722,60.882304634,-71.742631711,-0.380517916,2019,11,317,2019,8,13,225
2019-08-14 12:00:00,0.001414214,0.001441941,0.010500000,-0.001109341,0.010594810,0.158575931,85.605159563,8.130102354,60.249394942,82.329165216,-0.400824095,2019,11,318,2019,8,14,226
2019-08-15 12:00:00,0.004031129,0.001505524,-0.008600000,-0.001171192,0.009497895,0.159685813,85.764845376,240.255118703,59.783130298,-64.885826722,-0.420231347,2019,11,319,2019,8,15,227
2019-08-16 12:00:00,0.001208305,0.001564488,-0.012200000,-0.001235591,0.012259690,0.160857516,85.925702892,204.443954780,59.411703424,-84.343794187,-0.440108959,2019,11,320,2019,8,16,228
2019-08-17 12:00:00,0.002236068,0.001613131,0.006000000,-0.001304596,0.006403124,0.162093526,86.087796418,333.434948823,58.955801257,69.560682427,-0.461145136,2019,11,321,2019,8,17,229
2019-08-18 12:00:00,0.005738467,0.001645043,0.006100000,-0.001375759,0.008374963,0.163398376,86.251194794,337.456939000,58.303763145,46.749204282,-0.482416767,2019,11,322,2019,8,18,230
2019-08-19 12:00:00,0.002332381,0.001661542,0.009600000,-0.001445544,0.009879271,0.164774231,86.415969025,329.036243468,57.426722873,76.344214553,-0.502655365,2019,11,323,2019,8,19,231
2019-08-20 12:00:00,0.002102380,0.001667385,-0.019400000,-0.001511378,0.019513585,0.166219761,86.582188786,244.653824058,56.336628318,-83.814988684,-0.520977541,2019,11,324,2019,8,20,232
2019-08-21 12:00:00,0.000854400,0.001668805,-0.000400000,-0.001572000,0.000943398,0.167731078,86.749919864,110.556045220,55.130254598,-25.087329429,-0.536992268,2019,11,325,2019,8,21,233
2019-08-22 12:00:00,0.005860034,0.001670693,-0.006400000,-0.001627919,0.008677557,0.169303020,86.919222884,323.325650330,53.800529186,-47.521835125,-0.550931302,2019,11,326,2019,8,22,234
2019-08-23 12:00:00,0.001769181,0.001673957,0.007700000,-0.001676224,0.007900633,0.170930892,87.090153776,42.709389957,52.345462539,77.060094128,-0.561876871,2019,11,327,2019,8,23,235
2019-08-24 12:00:00,0.005682429,0.001677801,-0.008500000,-0.001709094,0.010224480,0.172607074,87.262760850,241.630953707,50.823428183,-56.236438253,-0.567331876,2019,11,328,2019,8,24,236
2019-08-25 12:00:00,0.002360085,0.001681062,-0.004200000,-0.001734423,0.004817676,0.174316120,87.437076970,306.384351816,49.377298965,-60.667281782,-0.570094905,2019,11,329,2019,8,25,237
2019-08-26 12:00:00,0.010547512,0.001681523,-0.001100000,-0.001747924,0.010604716,0.176050467,87.613127437,338.299463261,48.121418955,-5.953853699,-0.568872785,2019,11,330,2019,8,26,238
2019-08-27 12:00:00,0.006041523,0.001676913,-0.004800000,-0.001740683,0.007716217,0.177798269,87.790925705,118.686147574,47.095601831,-38.467199650,-0.560946876,2019,11,331,2019,8,27,239
2019-08-28 12:00:00,0.003712142,0.001663179,0.001600000,-0.001711317,0.004042277,0.179538747,87.970464452,265.364536573,46.366500749,23.316910351,-0.546136780,2019,11,332,2019,8,28,240
2019-08-29 12:00:00,0.003125700,0.001639318,0.019400000,-0.001666847,0.019650191,0.181249774,88.151714226,352.647620640,45.909428031,80.847245369,-0.526922726,2019,11,333,2019,8,29,241
2019-08-30 12:00:00,0.002884441,0.001608790,-0.004600000,-0.001618401,0.005429549,0.182916282,88.334630508,56.309932474,45.596392416,-57.910133084,-0.506946404,2019,11,334,2019,8,30,242
2019-08-31 12:00:00,0.006573431,0.001571411,-0.024000000,-0.001564766,0.024883931,0.184534299,88.519164807,283.190610712,45.308898975,-74.682733864,-0.485847616,2019,11,335,2019,8,31,243
2019-09-01 12:00:00,0.001077033,0.001527019,0.007800000,-0.001510269,0.007874008,0.186098639,88.705263445,111.801409486,45.102553438,82.138246524,-0.464984494,2019,12,336,2019,9,1,244
2019-09-02 12:00:00,0.002865310,0.001474880,-0.007700000,-0.001459328,0.008215838,0.187608440,88.892871885,240.751173663,44.996734182,-69.588852595,-0.445684510,2019,12,337,2019,9,2,245
2019-09-03 12:00:00,0.002300000,0.001415617,-0.007000000,-0.001412921,0.007368175,0.189067270,89.081939155,0.000000000,44.989018307,-71.810954300,-0.428181686,2019,12,338,2019,9,3,246
2019-09-04 12:00:00,0.002061553,0.001351635,0.005100000,-0.001369114,0.005500909,0.190479687,89.272418842,320.906141114,45.035208460,67.990158660,-0.411829511,2019,12,339,2019,9,4,247
2019-09-05 12:00:00,0.001414214,0.001286207,0.003600000,-0.001325109,0.003867816,0.191848317,89.464267159,278.130102354,45.047457347,68.553258479,-0.395748744,2019,12,340,2019,9,5,248
2019-09-06 12:00:00,0.002195450,0.001222608,-0.011800000,-0.001275248,0.012002500,0.193172983,89.657440142,329.931417178,44.999565679,-79.460342253,-0.378245815,2019,12,341,2019,9,6,249
2019-09-07 12:00:00,0.000721110,0.001162738,0.004900000,-0.001224847,0.004952777,0.194447839,89.851887981,303.690067526,44.917954587,81.628139194,-0.360914512,2019,12,342,2019,9,7,250
2019-09-08 12:00:00,0.001252996,0.001107542,0.000800000,-0.001181847,0.001486607,0.195672344,90.047560325,208.610459666,44.911060435,32.556990163,-0.346064539,2019,12,343,2019,9,8,251
2019-09-09 12:00:00,0.003805260,0.001056889,-0.007200000,-0.001143227,0.008143709,0.196853894,90.244414219,356.987212496,44.997481584,-62.143178017,-0.332746428,2019,12,344,2019,9,9,252
2019-09-10 12:00:00,0.001300000,0.001012235,0.006000000,-0.001106659,0.006139218,0.197996871,90.442411090,202.619864948,45.190581592,77.774877324,-0.320243452,2019,12,345,2019,9,10,253
2019-09-11 12:00:00,0.004627094,0.000974561,0.003300000,-0.001070203,0.005683309,0.199103327,90.641514417,353.796552098,45.423892819,35.496108358,-0.307972883,2019,12,346,2019,9,11,254
2019-09-12 12:00:00,0.003606938,0.000942689,-0.013300000,-0.001031153,0.013780421,0.200173365,90.841687782,226.123302714,45.584567679,-74.826450233,-0.295148949,2019,12,347,2019,9,12,255
2019-09-13 12:00:00,0.000538516,0.000913780,0.000800000,-0.000984588,0.000964365,0.201204373,91.042892155,291.801409486,45.636083658,56.053704972,-0.280376543,2019,12,348,2019,9,13,256
2019-09-14 12:00:00,0.002816026,0.000886240,0.006500000,-0.000926412,0.007083784,0.202188829,91.245080984,343.495638618,45.524192374,66.576065083,-0.262525339,2019,12,349,2019,9,14,257
2019-09-15 12:00:00,0.005721888,0.000859594,0.013300000,-0.000855242,0.014478605,0.203115117,91.448196101,95.013113755,45.156015818,66.721796811,-0.241252002,2019,12,350,2019,9,15,258
2019-09-16 12:00:00,0.004522168,0.000832029,-0.015800000,-0.000772349,0.016434415,0.203970238,91.652166339,251.965714433,44.462838820,-74.028182455,-0.216955298,2019,12,351,2019,9,16,259
2019-09-17 12:00:00,0.000070711,0.000796499,0.004400000,-0.000642801,0.004400568,0.204742439,91.856908778,45.000000000,42.783529824,89.079301205,-0.179883681,2019,12,352,2019,9,17,260
2019-09-18 12:00:00,0.000070711,0.000796499,0.004400000,-0.000642801,0.004400568,0.205385235,92.062294013,45.000000000,42.783529824,89.079301205,-0.179320696,2019,12,353,2019,9,18,261
2019-09-19 12:00:00,0.003041381,0.000767745,-0.013200000,-0.000526537,0.013545848,0.206027921,92.268321934,297.407575438,40.531970077,-77.025053151,-0.146428658,2019,12,354,2019,9,19,262
2019-09-20 12:00:00,0.003420526,0.000751325,-0.008500000,-0.000464663,0.009162423,0.206554395,92.474876328,164.744881297,38.844191633,-68.079413157,-0.128892239,2019,12,355,2019,9,20,263
2019-09-21 12:00:00,0.003088689,0.000736682,-0.002600000,-0.000414799,0.004037326,0.207019002,92.681895330,330.945395901,37.169754202,-40.090038197,-0.114802228,2019,12,356,2019,9,21,264
2019-09-22 12:00:00,0.002507987,0.000724617,0.013700000,-0.000375232,0.013927670,0.207433756,92.889329086,23.498565676,35.587538213,79.626030502,-0.103643659,2019,12,357,2019,9,22,265
2019-09-23 12:00:00,0.003162278,0.000715795,-0.011000000,-0.000341066,0.011445523,0.207808954,93.097138040,341.565051177,34.062441694,-73.961126386,-0.094036664,2019,12,358,2019,9,23,266
2019-09-24 12:00:00,0.002846050,0.000709454,0.010500000,-0.000306375,0.010878879,0.208149997,93.305288037,341.565051177,32.616629091,74.834240307,-0.084333290,2019,12,359,2019,9,24,267
2019-09-25 12:00:00,0.001170470,0.000703044,-0.002600000,-0.000272593,0.002851315,0.208456348,93.513744385,160.016893478,31.350081239,-65.763642277,-0.074924299,2019,12,360,2019,9,25,268
2019-09-26 12:00:00,0.006220129,0.000694105,-0.017700000,-0.000241311,0.018761130,0.208728910,93.722473295,233.498558879,30.204462728,-70.637520334,-0.066239563,2019,12,361,2019,9,26,269
2019-09-27 12:00:00,0.003201562,0.000682132,0.012900000,-0.000205172,0.013291351,0.208970180,93.931443475,75.529705900,29.055956259,76.061774933,-0.056254275,2019,12,362,2019,9,27,270
2019-09-28 12:00:00,0.003900000,0.000668590,-0.003600000,-0.000168482,0.005307542,0.209175307,94.140618781,270.000000000,27.886503594,-42.709389957,-0.046149257,2019,12,363,2019,9,28,271
2019-09-29 12:00:00,0.004118252,0.000654166,0.002000000,-0.000133484,0.004578209,0.209343742,94.349962523,29.054604099,26.732898167,25.903199991,-0.036533585,2019,12,364,2019,9,29,272
2019-09-30 12:00:00,0.009413288,0.000638208,-0.000400000,-0.000098726,0.009421783,0.209477176,94.559439699,3.044778444,25.613333160,-2.433212635,-0.027003333,2019,12,365,2019,9,30,273
2019-10-01 12:00:00,0.011962023,0.000621148,0.016600000,-0.000069605,0.020460938,0.209575850,94.769015550,156.864302743,24.484591374,54.223334927,-0.019029175,2020,1,1,2019,10,1,274
2019-10-02 12:00:00,0.007397973,0.000602596,-0.011300000,-0.000047309,0.013506295,0.209645401,94.978660950,260.665001537,23.264983490,-56.787718465,-0.012929554,2020,1,2,2019,10,2,275
2019-10-03 12:00:00,0.006551336,0.000584290,0.000700000,-0.000028518,0.006588627,0.209692658,95.188353608,347.660912722,21.854017825,6.098825603,-0.007792287,2020,1,3,2019,10,3,276
2019-10-04 12:00:00,0.005115662,0.000565581,0.007600000,-0.000013225,0.009161332,0.209721125,95.398074733,85.515393990,20.236268466,56.054972654,-0.003613177,2020,1,4,2019,10,4,277
2019-10-05 12:00:00,0.001979899,0.000546185,-0.006600000,-0.000002230,0.006890573,0.209734299,95.607809032,315.000000000,18.501891365,-73.301560273,-0.000609264,2020,1,5,2019,10,5,278
2019-10-06 12:00:00,0.001664332,0.000524931,-0.000800000,0.000002087,0.001846619,0.209736475,95.817545507,327.264773728,16.828335373,-25.672356337,0.000570166,2020,1,6,2019,10,6,279
2019-10-07 12:00:00,0.001835756,0.000501484,0.003900000,0.000004194,0.004310452,0.209734330,96.027279837,119.357753543,15.019261284,64.793321544,0.001145826,2020,1,7,2019,10,7,280
2019-10-08 12:00:00,0.001204159,0.000474859,-0.001700000,0.000005288,0.002083267,0.209730074,96.237009911,41.633539337,12.855632090,-54.688948347,0.001444627,2020,1,8,2019,10,8,281
2019-10-09 12:00:00,0.004210701,0.000447522,-0.005400000,0.000002394,0.006847627,0.209724726,96.446734637,265.914383220,10.449589078,-52.054341678,0.000653968,2020,1,9,2019,10,9,282
2019-10-10 12:00:00,0.001843909,0.000420323,0.009400000,0.000001122,0.009579144,0.209722276,96.656456913,102.528807709,7.972915188,78.901747839,0.000306536,2020,1,10,2019,10,10,283
2019-10-11 12:00:00,0.001615549,0.000394694,-0.008100000,0.000006667,0.008259540,0.209721104,96.866178017,338.198590514,5.549908327,-78.720341161,0.001821505,2020,1,11,2019,10,11,284
2019-10-12 12:00:00,0.002051828,0.000370812,0.010200000,0.000013321,0.010404326,0.209714393,97.075892410,43.025065989,3.516413119,78.626194125,0.003639447,2020,1,12,2019,10,12,285
2019-10-13 12:00:00,0.004016217,0.000346068,-0.005300000,0.000009594,0.006649812,0.209701030,97.285593440,198.886087370,2.184094041,-52.845994832,0.002621194,2020,1,13,2019,10,13,286
2019-10-14 12:00:00,0.005458938,0.000317211,-0.008000000,-0.000008272,0.009685040,0.209691391,97.495284830,98.426969021,1.725552983,-55.691654605,-0.002260155,2020,1,14,2019,10,14,287
2019-10-15 12:00:00,0.003606938,0.000283689,0.015600000,-0.000040605,0.016011558,0.209699614,97.704984445,316.123302714,2.109246395,76.981192887,-0.011094385,2020,1,15,2019,10,15,288
2019-10-16 12:00:00,0.002906888,0.000249661,-0.022200000,-0.000078323,0.022389506,0.209740176,97.914724621,273.945186229,3.300163871,-82.540079603,-0.021395809,2020,1,16,2019,10,16,289
2019-10-17 12:00:00,0.001200000,0.000219225,0.003100000,-0.000111368,0.003324154,0.209818465,98.124543085,180.000000000,4.899767836,68.838740183,-0.030411522,2020,1,17,2019,10,17,290
2019-10-18 12:00:00,0.001523155,0.000192093,0.007000000,-0.000132808,0.007163798,0.209929806,98.334472891,66.801409486,6.963189772,77.724163619,-0.036246933,2020,1,18,2019,10,18,291
2019-10-19 12:00:00,0.002280351,0.000168489,-0.018700000,-0.000141444,0.018838524,0.210062593,98.544535483,344.744881297,9.048572438,-83.047456005,-0.038579623,2020,1,19,2019,10,19,292
2019-10-20 12:00:00,0.003512834,0.000149409,0.014000000,-0.000142440,0.014433988,0.210204022,98.754739506,94.899092454,10.768249347,75.914334470,-0.038825121,2020,1,20,2019,10,20,293
2019-10-21 12:00:00,0.005869412,0.000135442,0.003200000,-0.000138550,0.006685058,0.210346452,98.965085958,315.690277198,11.897085279,28.599191549,-0.037739403,2020,1,21,2019,10,21,294
2019-10-22 12:00:00,0.005679789,0.000129201,0.003800000,-0.000131798,0.006833740,0.210484999,99.175570957,153.886087370,12.042975984,33.784065035,-0.035876534,2020,1,22,2019,10,22,295
2019-10-23 12:00:00,0.009470480,0.000129494,0.005600000,-0.000118645,0.011002272,0.210616797,99.386187754,158.310935035,10.522993044,30.596295155,-0.032276042,2020,1,23,2019,10,23,296
2019-10-24 12:00:00,0.009143850,0.000132271,-0.014200000,-0.000095178,0.016889346,0.210735444,99.596923198,318.990913098,8.409508778,-57.221173184,-0.025877534,2020,1,24,2019,10,24,297
2019-10-25 12:00:00,0.004382921,0.000134945,0.009700000,-0.000061731,0.010644247,0.210830624,99.807753822,34.777831366,6.930044566,65.684284145,-0.016776231,2020,1,25,2019,10,25,298
2019-10-26 12:00:00,0.002545584,0.000137166,-0.002200000,-0.000016000,0.003364521,0.210892357,100.018646178,225.000000000,6.420596359,-40.834941242,-0.004347020,2020,1,26,2019,10,26,299
2019-10-27 12:00:00,0.002996665,0.000138855,-0.000300000,0.000035618,0.003011644,0.210908358,100.229554537,25.709953781,7.645837725,-5.716906759,0.009676057,2020,1,27,2019,10,27,300
2019-10-28 12:00:00,0.007116881,0.000140261,0.001400000,0.000089932,0.007253275,0.210872741,100.440427278,199.707978843,11.044686528,11.128861970,0.024435103,2020,1,28,2019,10,28,301
2019-10-29 12:00:00,0.008509407,0.000141679,0.005800000,0.000147289,0.010298058,0.210782811,100.651210088,19.925580658,16.170809118,34.278289431,0.040036545,2020,1,29,2019,10,29,302
2019-10-30 12:00:00,0.004780167,0.000142500,-0.004900000,0.000202672,0.006845436,0.210635523,100.861845611,285.780753310,22.437196736,-45.709239160,0.055129503,2020,1,30,2019,10,30,303
2019-10-31 12:00:00,0.003612478,0.000142790,-0.012600000,0.000242273,0.013107631,0.210432851,101.072278462,131.633539337,29.962441307,-74.002157593,0.065965027,2020,1,31,2019,10,31,304
2019-11-01 12:00:00,0.002280351,0.000143925,0.001200000,0.000257364,0.002576820,0.210190579,101.282469041,217.874983651,38.540794972,27.754907229,0.070154716,2020,2,32,2019,11,1,305
2019-11-02 12:00:00,0.002641969,0.000148781,0.002800000,0.000244492,0.003849675,0.209933219,101.492402260,150.524110997,47.079012916,46.663362590,0.066727821,2020,2,33,2019,11,2,306
2019-11-03 12:00:00,0.002879236,0.000158905,0.006000000,0.000208703,0.006655073,0.209688734,101.702090994,339.676863170,54.060031255,64.364923899,0.057026313,2020,2,34,2019,11,3,307
2019-11-04 12:00:00,0.010522357,0.000172131,0.022700000,0.000160618,0.025020192,0.209480042,101.911571036,8.746162263,58.965660538,65.130392395,0.043931329,2020,2,35,2019,11,4,308
2019-11-05 12:00:00,0.012593649,0.000184972,-0.017400000,0.000104705,0.021479292,0.209319435,102.120890471,190.060689795,62.362195568,-54.103997914,0.028660411,2020,2,36,2019,11,5,309
2019-11-06 12:00:00,0.002500000,0.000197088,-0.005000000,0.000057242,0.005590170,0.209214741,102.330105211,36.869897646,64.377581042,-63.434948823,0.015676394,2020,2,37,2019,11,6,310
2019-11-07 12:00:00,0.003132092,0.000208829,-0.008400000,0.000026647,0.008964932,0.209157510,102.539262721,16.699244234,65.030216731,-69.551119712,0.007299440,2020,2,38,2019,11,7,311
2019-11-08 12:00:00,0.001100000,0.000219024,0.005700000,0.000015396,0.005805170,0.209130874,102.748393595,180.000000000,64.504819556,79.077195280,0.004217965,2020,2,39,2019,11,8,312
2019-11-09 12:00:00,0.000824621,0.000227417,0.003200000,0.000018080,0.003304542,0.209115487,102.957509082,14.036243468,63.752496545,75.549605716,0.004953756,2020,2,40,2019,11,9,313
2019-11-10 12:00:00,0.005292447,0.000234584,-0.003100000,0.000032434,0.006133514,0.209097415,103.166606497,22.203478532,63.142045976,-30.359227194,0.008887477,2020,2,41,2019,11,10,314
2019-11-11 12:00:00,0.007200694,0.000239931,0.017100000,0.000054772,0.018554245,0.209064987,103.375671484,170.406865737,62.777752307,67.164369512,0.015010637,2020,2,42,2019,11,11,315
2019-11-12 12:00:00,0.004148494,0.000244686,0.006700000,0.000081075,0.007880355,0.209010220,103.584681704,254.623748751,62.299995577,58.235112771,0.022224912,2020,2,43,2019,11,12,316
2019-11-13 12:00:00,0.002996665,0.000250857,-0.009400000,0.000109384,0.009866104,0.208929153,103.793610858,334.290046219,61.624655321,-72.318023842,0.029997002,2020,2,44,2019,11,13,317
2019-11-14 12:00:00,0.003101612,0.000259231,-0.015200000,0.000138235,0.015513220,0.208819779,104.002430637,271.847610266,60.779187414,-78.466929379,0.037928798,2020,2,45,2019,11,14,318
2019-11-15 12:00:00,0.001627882,0.000269104,0.009100000,0.000159015,0.009244458,0.208681557,104.211112194,137.489552922,60.328558405,79.857743930,0.043659225,2020,2,46,2019,11,15,319
2019-11-16 12:00:00,0.001769181,0.000279087,0.011700000,0.000169467,0.011833005,0.208522556,104.419634750,42.709389957,60.165245462,81.401331121,0.046564477,2020,2,47,2019,11,16,320
2019-11-17 12:00:00,0.005124451,0.000289099,-0.011200000,0.000167986,0.012316655,0.208353102,104.627987852,197.020525612,60.122567814,-65.413996677,0.046195007,2020,2,48,2019,11,17,321
2019-11-18 12:00:00,0.001204159,0.000299388,-0.008500000,0.000149189,0.008584870,0.208185131,104.836172983,355.236358309,60.272252117,-81.936801470,0.041059139,2020,2,49,2019,11,18,322
2019-11-19 12:00:00,0.004825971,0.000308961,-0.012400000,0.000111885,0.013306014,0.208035956,105.044208940,304.019349990,60.858773063,-68.734448206,0.030814508,2020,2,50,2019,11,19,323
2019-11-20 12:00:00,0.005234501,0.000316873,-0.001900000,0.000064082,0.005568662,0.207924084,105.252133023,46.548157699,61.389514553,-19.949699508,0.017658426,2020,2,51,2019,11,20,324
2019-11-21 12:00:00,0.003046309,0.000323374,0.005000000,0.000017577,0.005854912,0.207860012,105.459993035,246.801409486,61.349237160,58.647642590,0.004845034,2020,2,52,2019,11,21,325
2019-11-22 12:00:00,0.008570881,0.000328395,0.015700000,-0.000026162,0.017887146,0.207842443,105.667835478,97.373766361,60.641029940,61.369168172,-0.007211943,2020,2,53,2019,11,22,326
2019-11-23 12:00:00,0.005730620,0.000331946,-0.014900000,-0.000071200,0.015964022,0.207868610,105.875704089,240.751173663,59.168528796,-68.962990505,-0.019625111,2020,2,54,2019,11,23,327
2019-11-24 12:00:00,0.005448853,0.000333893,0.019700000,-0.000122595,0.020439667,0.207939813,106.083643902,317.231174608,56.877479413,74.539006718,-0.033779845,2020,2,55,2019,11,24,328
2019-11-25 12:00:00,0.001700000,0.000335229,-0.002000000,-0.000178868,0.002624881,0.208062410,106.291706311,241.927513064,53.451097335,-49.635463427,-0.049256287,2020,2,56,2019,11,25,329
2019-11-26 12:00:00,0.007111962,0.000336731,0.008200000,-0.000231706,0.010854492,0.208241280,106.499947591,62.354024636,48.888531982,49.064495051,-0.063751834,2020,2,57,2019,11,26,330
2019-11-27 12:00:00,0.006224147,0.000339292,-0.022300000,-0.000270564,0.023152322,0.208472990,106.708420581,226.301952673,43.773660541,-74.405065909,-0.074360560,2020,2,58,2019,11,27,331
2019-11-28 12:00:00,0.002549510,0.000343374,0.011700000,-0.000290675,0.011974556,0.208743560,106.917164141,11.309932474,38.681454574,77.707025486,-0.079784419,2020,2,59,2019,11,28,332
2019-11-29 12:00:00,0.001500000,0.000348765,-0.000700000,-0.000296661,0.001655295,0.209034244,107.126198385,216.869897646,34.035217483,-25.016893478,-0.081314008,2020,2,60,2019,11,29,333
2019-11-30 12:00:00,0.002483948,0.000355670,-0.001000000,-0.000295866,0.002677686,0.209330916,107.335529300,49.899092454,29.868815089,-21.928968412,-0.080981240,2020,2,61,2019,11,30,334
2019-12-01 12:00:00,0.002507987,0.000364198,0.003400000,-0.000296362,0.004224926,0.209626796,107.545156096,274.573921260,26.075221588,53.585907575,-0.081002501,2020,3,62,2019,12,1,335
2019-12-02 12:00:00,0.001100000,0.000373402,-0.002500000,-0.000303840,0.002731300,0.209923174,107.755079270,270.000000000,22.564191418,-66.250505507,-0.082929257,2020,3,63,2019,12,2,336
2019-12-03 12:00:00,0.002529822,0.000380957,-0.003700000,-0.000318859,0.004482187,0.210227027,107.965306297,161.565051177,19.551810694,-55.638189543,-0.086902562,2020,3,64,2019,12,3,337
2019-12-04 12:00:00,0.001414214,0.000382943,0.001000000,-0.000337849,0.001732051,0.210545889,108.175852185,45.000000000,17.027390761,35.264389683,-0.091938684,2020,3,65,2019,12,4,338
2019-12-05 12:00:00,0.003911521,0.000378554,0.002500000,-0.000357089,0.004642198,0.210883729,108.386735914,4.398705355,15.002294754,32.584171068,-0.097018952,2020,3,66,2019,12,5,339
2019-12-06 12:00:00,0.003940812,0.000369459,-0.005500000,-0.000386980,0.006766092,0.211240802,108.597976716,215.706691401,13.734292979,-54.377974695,-0.104962447,2020,3,67,2019,12,6,340
2019-12-07 12:00:00,0.002121320,0.000357614,0.000700000,-0.000429087,0.002233831,0.211627761,108.809604477,45.000000000,13.300052016,18.262020067,-0.116170489,2020,3,68,2019,12,7,341
2019-12-08 12:00:00,0.002209072,0.000345693,-0.002400000,-0.000470920,0.003261901,0.212056828,109.021661305,354.805571092,13.589732429,-47.372083938,-0.127238168,2020,3,69,2019,12,8,342
2019-12-09 12:00:00,0.000670820,0.000335961,0.003500000,-0.000502968,0.003563706,0.212527731,109.234189036,26.565051177,14.425547900,79.150099696,-0.135596366,2020,3,70,2019,12,9,343
2019-12-10 12:00:00,0.003883298,0.000329630,-0.023100000,-0.000527124,0.023424133,0.213030689,109.447219724,214.508522988,15.507547590,-80.457339582,-0.141773099,2020,3,71,2019,12,10,344
2019-12-11 12:00:00,0.002433105,0.000328324,0.003600000,-0.000549038,0.004345112,0.213557810,109.660777535,9.462322208,16.628981978,55.946714045,-0.147302409,2020,3,72,2019,12,11,345
2019-12-12 12:00:00,0.001077033,0.000332565,0.009700000,-0.000569541,0.009759611,0.214106854,109.874884389,338.198590514,17.345734404,83.664154106,-0.152411490,2020,3,73,2019,12,12,346
2019-12-13 12:00:00,0.004780167,0.000342300,0.006400000,-0.000590405,0.007988116,0.214676410,110.089560798,52.650650955,17.457815690,53.243904130,-0.157575490,2020,3,74,2019,12,13,347
2019-12-14 12:00:00,0.003848376,0.000356035,0.000000000,-0.000610539,0.003848376,0.215266836,110.304827634,335.432828679,17.061651621,0.000000000,-0.162502162,2020,3,75,2019,12,14,348
2019-12-15 12:00:00,0.002137756,0.000369595,-0.000100000,-0.000627714,0.002140093,0.215877396,110.520705031,349.215702132,16.056219547,-2.678231171,-0.166601097,2020,3,76,2019,12,15,349
2019-12-16 12:00:00,0.005730620,0.000381512,-0.000500000,-0.000635437,0.005752391,0.216505130,110.737210161,150.751173663,14.547592545,-4.986463387,-0.168162001,2020,3,77,2019,12,16,350
2019-12-17 12:00:00,0.005381450,0.000389634,-0.007800000,-0.000633111,0.009476286,0.217140581,110.954350742,228.012787504,13.069508049,-55.397063436,-0.167056058,2020,3,78,2019,12,17,351
2019-12-18 12:00:00,0.005977458,0.000393955,0.001500000,-0.000619171,0.006162792,0.217773699,111.172124441,17.525568374,11.780756778,14.087073440,-0.162902677,2020,3,79,2019,12,18,352
2019-12-19 12:00:00,0.004554119,0.000394831,-0.009200000,-0.000602030,0.010265476,0.218392870,111.390517311,109.230672376,10.645800687,-63.663994670,-0.157943802,2020,3,80,2019,12,19,353
2019-12-20 12:00:00,0.006621933,0.000392670,0.030900000,-0.000586510,0.031601582,0.218994895,111.609512206,345.124317998,9.623281911,77.904348214,-0.153449195,2020,3,81,2019,12,20,354
2019-12-21 12:00:00,0.010111874,0.000386010,-0.000600000,-0.000574064,0.010129659,0.219581392,111.829093598,208.339132036,8.805709236,-3.395731278,-0.149791711,2020,3,82,2019,12,21,355
2019-12-22 12:00:00,0.002617250,0.000375072,-0.002900000,-0.000563963,0.003906405,0.220155436,112.049249035,133.451842301,8.229823018,-47.933742921,-0.146772307,2020,3,83,2019,12,22,356
2019-12-23 12:00:00,0.003067572,0.000361892,-0.002700000,-0.000554049,0.004086563,0.220719376,112.269968411,289.025606038,7.952932941,-41.353422514,-0.143823824,2020,3,84,2019,12,23,357
2019-12-24 12:00:00,0.001044031,0.000349128,-0.027700000,-0.000548292,0.027719668,0.221273404,112.491241815,343.300755766,8.148850291,-87.841507280,-0.141972885,2020,3,85,2019,12,24,358
2019-12-25 12:00:00,0.002580698,0.000337967,0.006400000,-0.000551680,0.006900725,0.221821678,112.713063493,54.462322208,8.903157773,68.039032333,-0.142497181,2020,3,86,2019,12,25,359
2019-12-26 12:00:00,0.002475884,0.000327887,0.006100000,-0.000558342,0.006583312,0.222373342,112.935436835,226.636577042,10.098329923,67.908623884,-0.143860160,2020,3,87,2019,12,26,360
2019-12-27 12:00:00,0.003206244,0.000320104,0.000600000,-0.000562891,0.003261901,0.222931672,113.158368507,356.423665625,11.498757526,10.599443398,-0.144669038,2020,3,88,2019,12,27,361
2019-12-28 12:00:00,0.000948683,0.000314757,-0.005500000,-0.000567489,0.005581219,0.223494555,113.381863061,18.434948823,12.974964467,-80.213471120,-0.145483519,2020,3,89,2019,12,28,362
2019-12-29 12:00:00,0.002600000,0.000312261,-0.003800000,-0.000573295,0.004604346,0.224062040,113.605925101,0.000000000,14.335546799,-55.619655276,-0.146599634,2020,3,90,2019,12,29,363
2019-12-30 12:00:00,0.001216553,0.000313134,0.003100000,-0.000577674,0.003330165,0.224635335,113.830560436,170.537677792,15.248007763,68.573155683,-0.147342472,2020,3,91,2019,12,30,364
2019-12-31 12:00:00,0.001272792,0.000317093,-0.003400000,-0.000569190,0.003630427,0.225213014,114.055773451,45.000000000,15.446584074,-69.476579894,-0.144806081,2020,3,92,2019,12,31,365
2020-01-01 12:00:00,0.001802776,0.000321731,-0.002800000,-0.000544419,0.003330165,0.225782210,114.281555661,273.179830120,15.027245345,-57.224603173,-0.138155055,2020,4,93,2020,1,1,1
2020-01-02 12:00:00,0.003417601,0.000325587,0.005300000,-0.000508523,0.006306346,0.226326635,114.507882295,110.556045220,13.978876292,57.184843991,-0.128735268,2020,4,94,2020,1,2,2
2020-01-03 12:00:00,0.004396590,0.000327354,0.008700000,-0.000463947,0.009747820,0.226835159,114.734717455,17.198541220,12.522723802,63.190014132,-0.117187292,2020,4,95,2020,1,3,3
2020-01-04 12:00:00,0.005333854,0.000326213,-0.009200000,-0.000414407,0.010634378,0.227299104,114.962016558,210.411081267,10.965203188,-59.896267849,-0.104460454,2020,4,96,2020,1,4,4
2020-01-05 12:00:00,0.001442221,0.000323350,0.001100000,-0.000361226,0.001813836,0.227713506,115.189730064,303.690067526,9.565038371,37.333228535,-0.090889312,2020,4,97,2020,1,5,5
2020-01-06 12:00:00,0.002475884,0.000319004,-0.008500000,-0.000310666,0.008853248,0.228074725,115.417804789,43.363422958,8.633515581,-73.760192009,-0.078043856,2020,4,98,2020,1,6,6
2020-01-07 12:00:00,0.002213594,0.000314875,-0.000400000,-0.000263961,0.002249444,0.228385385,115.646190173,18.434948823,8.068845951,-10.242905031,-0.066220661,2020,4,99,2020,1,7,7
2020-01-08 12:00:00,0.003201562,0.000310463,-0.004400000,-0.000218304,0.005441507,0.228649339,115.874839512,165.529705900,7.867248083,-53.959324390,-0.054703329,2020,4,100,2020,1,8,8
2020-01-09 12:00:00,0.002996665,0.000305627,0.008500000,-0.000171023,0.009012769,0.228867636,116.103707148,295.709953781,8.172547552,70.579958812,-0.042814588,2020,4,101,2020,1,9,9
2020-01-10 12:00:00,0.000948683,0.000301845,0.004500000,-0.000123568,0.004598913,0.229038653,116.332745801,341.565051177,9.169246955,78.095311887,-0.030911379,2020,4,102,2020,1,10,10
2020-01-11 12:00:00,0.014564683,0.000299270,-0.008900000,-0.000075491,0.017068685,0.229162217,116.561908019,32.380677707,10.784138339,-31.427733044,-0.018874567,2020,4,103,2020,1,11,11
2020-01-12 12:00:00,0.013603308,0.000296692,-0.008200000,-0.000027309,0.015883639,0.229237705,116.791145724,218.133570198,12.973449487,-31.081343139,-0.006825699,2020,4,104,2020,1,12,12
2020-01-13 12:00:00,0.002624881,0.000293442,0.024600000,0.000021803,0.024739644,0.229265010,117.020410734,162.255328375,15.657131575,83.909443119,0.005448768,2020,4,105,2020,1,13,13
2020-01-14 12:00:00,0.001878829,0.000291658,-0.005500000,0.000077613,0.005812056,0.229243205,117.249653939,205.201123645,18.779174182,-71.139558465,0.019398128,2020,4,106,2020,1,14,14
2020-01-15 12:00:00,0.001612452,0.000292988,-0.009400000,0.000136866,0.009537295,0.229165594,117.478819534,150.255118703,22.118740098,-80.266364215,0.034219064,2020,4,107,2020,1,15,15
2020-01-16 12:00:00,0.005943904,0.000296674,0.000500000,0.000192939,0.005964897,0.229028733,117.707848267,347.366638065,25.325044253,4.808388718,0.048267323,2020,4,108,2020,1,16,16
2020-01-17 12:00:00,0.000921954,0.000300701,-0.000300000,0.000239391,0.000969536,0.228835799,117.936684066,139.398705355,28.143505830,-18.024664527,0.059938661,2020,4,109,2020,1,17,17
2020-01-18 12:00:00,0.000632456,0.000303458,0.011700000,0.000277116,0.011717082,0.228596412,118.165280478,288.434948823,30.441599508,86.905829150,0.069456887,2020,4,110,2020,1,18,18
2020-01-19 12:00:00,0.000670820,0.000304778,-0.005200000,0.000309026,0.005243091,0.228319298,118.393599776,206.565051177,32.135798056,-82.649217607,0.077548772,2020,4,111,2020,1,19,19
2020-01-20 12:00:00,0.020690336,0.000305610,-0.008500000,0.000330274,0.022368281,0.228010273,118.621610049,11.147006526,33.236032419,-22.333829915,0.082993250,2020,4,112,2020,1,20,20
2020-01-21 12:00:00,0.004925444,0.000306290,0.020200000,0.000338808,0.020791825,0.227680001,118.849290050,174.173657970,33.798647827,76.296747264,0.085261250,2020,4,113,2020,1,21,21
2020-01-22 12:00:00,0.015508062,0.000306984,-0.019000000,0.000336817,0.024525497,0.227341194,119.076631244,196.097642964,33.784628188,-50.778201759,0.084886484,2020,4,114,2020,1,22,22
2020-01-23 12:00:00,0.005807753,0.000309766,0.013500000,0.000321484,0.014696258,0.227004381,119.303635625,2.960936134,33.253799738,66.722433522,0.081142499,2020,4,115,2020,1,23,23
2020-01-24 12:00:00,0.005092151,0.000314896,-0.020500000,0.000290852,0.021122973,0.226682904,119.530318528,199.502448507,32.445139647,-76.050199123,0.073514996,2020,4,116,2020,1,24,24
2020-01-25 12:00:00,0.003324154,0.000322468,0.008400000,0.000249548,0.009033825,0.226392063,119.756710591,15.708637829,31.186584299,68.409678393,0.063156144,2020,4,117,2020,1,25,25
2020-01-26 12:00:00,0.001923538,0.000331951,0.009700000,0.000207467,0.009888883,0.226142529,119.982853120,98.972626615,29.724193552,78.783593193,0.052564092,2020,4,118,2020,1,26,26
2020-01-27 12:00:00,0.002140093,0.000341433,0.000100000,0.000171759,0.002142429,0.225935076,120.208788197,217.405356631,28.622711955,2.675309992,0.043557151,2020,4,119,2020,1,27,27
2020-01-28 12:00:00,0.003195309,0.000349427,0.000700000,0.000145277,0.003271085,0.225763329,120.434551526,339.863696572,28.074478712,12.356645828,0.036869485,2020,4,120,2020,1,28,28
2020-01-29 12:00:00,0.002256103,0.000355510,0.001500000,0.000130370,0.002709243,0.225618062,120.660169588,192.804266065,27.732932008,33.618475504,0.033107466,2020,4,121,2020,1,29,29
2020-01-30 12:00:00,0.000894427,0.000357505,0.000300000,0.000123492,0.000943398,0.225487695,120.885657283,116.565051177,27.452358301,18.541977964,0.031378933,2020,4,122,2020,1,30,30
2020-01-31 12:00:00,0.001655295,0.000354298,-0.005000000,0.000120526,0.005266878,0.225364198,121.111021481,244.983106522,27.393443705,-71.682414613,0.030642142,2020,4,123,2020,1,31,31
2020-02-01 12:00:00,0.004024922,0.000345756,0.006400000,0.000117699,0.007560423,0.225243659,121.336265141,333.434948823,27.567455239,57.834454149,0.029939479,2020,5,124,2020,2,1,32
2020-02-02 12:00:00,0.006841053,0.000332912,0.004400000,0.000108531,0.008133880,0.225125941,121.561391081,15.255118703,27.878416016,32.748146488,0.027621788,2020,5,125,2020,2,2,33
2020-02-03 12:00:00,0.009687621,0.000318280,-0.000800000,0.000086961,0.009720597,0.225017388,121.786408469,187.711892413,28.242967759,-4.720751914,0.022142815,2020,5,126,2020,2,3,34
2020-02-04 12:00:00,0.001612452,0.000304611,-0.014900000,0.000057230,0.014986994,0.224930408,122.011338878,82.874983651,28.567792776,-83.823588642,0.014577968,2020,5,127,2020,2,4,35
2020-02-05 12:00:00,0.000700000,0.000292983,0.003200000,0.000029199,0.003275668,0.224873163,122.236212040,0.000000000,28.465106069,77.660912722,0.007439587,2020,5,128,2020,2,5,36
2020-02-06 12:00:00,0.001526434,0.000277754,-0.003000000,-0.000004712,0.003366007,0.224843945,122.461055985,328.392497754,27.103631311,-63.032495926,-0.001200649,2020,5,129,2020,2,6,37
2020-02-07 12:00:00,0.001526434,0.000277754,-0.003000000,-0.000004712,0.003366007,0.224848657,122.685904642,328.392497754,27.103631311,-63.032495926,-0.001200624,2020,5,130,2020,2,7,38
2020-02-08 12:00:00,0.000424264,0.000265976,-0.000700000,-0.000031762,0.000818535,0.224853354,122.910757996,315.000000000,24.380027357,-58.780301553,-0.008093345,2020,5,131,2020,2,8,39
2020-02-09 12:00:00,0.001931321,0.000261350,0.012400000,-0.000042734,0.012549502,0.224885110,123.135643106,111.250505507,21.856789465,81.147214332,-0.010887624,2020,5,132,2020,2,9,40
2020-02-10 12:00:00,0.004159327,0.000259851,0.000800000,-0.000045060,0.004235564,0.224927842,123.360570948,9.688786560,19.022340211,10.887246634,-0.011478236,2020,5,133,2020,2,10,41
2020-02-11 12:00:00,0.004326662,0.000260960,-0.006700000,-0.000042908,0.007975588,0.224972904,123.585543852,236.309932474,15.917612286,-57.146823526,-0.010927795,2020,5,134,2020,2,11,42
2020-02-12 12:00:00,0.002435159,0.000262220,-0.001000000,-0.000032704,0.002632489,0.225015814,123.810559666,70.820991974,12.915694681,-22.325542948,-0.008327364,2020,5,135,2020,2,12,43
2020-02-13 12:00:00,0.002109502,0.000261015,0.006800000,-0.000015551,0.007119691,0.225048516,124.035608182,301.429565615,10.375615829,72.765016089,-0.003959248,2020,5,136,2020,2,13,44
2020-02-14 12:00:00,0.001303840,0.000257348,-0.006200000,0.000010227,0.006335614,0.225064063,124.260672245,184.398705355,8.380037195,-78.123931885,0.002603568,2020,5,137,2020,2,14,45
2020-02-15 12:00:00,0.000223607,0.000250614,0.001100000,0.000037440,0.001122497,0.225053828,124.485726073,63.434948823,7.258900110,78.509540096,0.009531734,2020,5,138,2020,2,15,46
2020-02-16 12:00:00,0.003401470,0.000240942,0.006500000,0.000056969,0.007336212,0.225016378,124.710742451,65.695450734,7.250934298,62.376797284,0.014505937,2020,5,139,2020,2,16,47
2020-02-17 12:00:00,0.000860233,0.000228799,-0.002500000,0.000062080,0.002643861,0.224959396,124.935701847,215.537677792,8.483987710,-71.012017855,0.015811488,2020,5,140,2020,2,17,48
2020-02-18 12:00:00,0.002435159,0.000215167,-0.001400000,0.000047206,0.002808914,0.224897303,125.160599150,250.820991974,11.148729752,-29.895073446,0.012026389,2020,5,141,2020,2,18,49
2020-02-19 12:00:00,0.002751363,0.000202061,-0.006900000,0.000010300,0.007428324,0.224850084,125.385449234,109.093492000,15.298179716,-68.260442092,0.002624517,2020,5,142,2020,2,19,50
2020-02-20 12:00:00,0.002500000,0.000189830,-0.003200000,-0.000044034,0.004060788,0.224839774,125.610289008,306.869897646,20.614507410,-52.001267557,-0.011221100,2020,5,143,2020,2,20,51
2020-02-21 12:00:00,0.001612452,0.000178158,0.007900000,-0.000111727,0.008062878,0.224883798,125.835172807,187.125016349,26.806379617,78.463940512,-0.028465812,2020,5,144,2020,2,21,52
2020-02-22 12:00:00,0.003720215,0.000166659,-0.002000000,-0.000189126,0.004223742,0.224995517,126.060168324,306.253837737,33.381085317,-28.262622773,-0.048161603,2020,5,145,2020,2,22,53
2020-02-23 12:00:00,0.006152235,0.000156868,0.010900000,-0.000271310,0.012516389,0.225184636,126.285352960,44.341456822,40.022106497,60.558519500,-0.069031923,2020,5,146,2020,2,23,54
2020-02-24 12:00:00,0.003448188,0.000150352,-0.008900000,-0.000348004,0.009544632,0.225455942,126.510808901,196.858398768,45.843272891,-68.821796621,-0.088439415,2020,5,147,2020,2,24,55
2020-02-25 12:00:00,0.002668333,0.000147021,0.009400000,-0.000411087,0.009771387,0.225803944,126.736612845,77.005383208,50.532041819,74.152601221,-0.104309780,2020,5,148,2020,2,25,56
2020-02-26 12:00:00,0.003498571,0.000146329,-0.004000000,-0.000458825,0.005314132,0.226215030,126.962827875,239.036243468,54.118778591,-48.825668791,-0.116211314,2020,5,149,2020,2,26,57
2020-02-27 12:00:00,0.002267157,0.000148416,0.001500000,-0.000493993,0.002718455,0.226673856,127.189501732,41.423665625,57.083195947,33.489483587,-0.124865513,2020,5,150,2020,2,27,58
2020-02-28 12:00:00,0.003383785,0.000153930,0.008100000,-0.000513797,0.008778383,0.227167853,127.416669585,71.029592192,59.281373375,67.327207588,-0.129588877,2020,5,151,2020,2,28,59
2020-02-29 12:00:00,0.001236932,0.000163112,-0.008100000,-0.000520709,0.008193900,0.227681656,127.644351241,255.963756532,60.816711067,-81.317573757,-0.131035952,2020,5,152,2020,2,29,60
2020-03-01 12:00:00,0.006670832,0.000175083,-0.000500000,-0.000523948,0.006689544,0.228202375,127.872553616,220.135485562,62.176619018,-4.286485104,-0.131549944,2020,6,153,2020,3,1,61
2020-03-02 12:00:00,0.002376973,0.000188612,-0.003700000,-0.000528899,0.004397727,0.228726333,128.101279949,345.379126011,63.863559713,-57.282292857,-0.132488942,2020,6,154,2020,3,2,62
2020-03-03 12:00:00,0.001345362,0.000202895,-0.003900000,-0.000533150,0.004125530,0.229255244,128.330535193,41.987212496,65.216462135,-70.967372098,-0.133245699,2020,6,155,2020,3,3,63
2020-03-04 12:00:00,0.002435159,0.000217510,-0.005400000,-0.000537855,0.005923681,0.229788407,128.560323600,340.820991974,66.125052442,-65.726749053,-0.134109558,2020,6,156,2020,3,4,64
2020-03-05 12:00:00,0.000707107,0.000231109,0.002800000,-0.000547255,0.002887906,0.230326275,128.790649874,171.869897646,66.733370007,75.826968376,-0.136134924,2020,6,157,2020,3,5,65
2020-03-06 12:00:00,0.002126029,0.000242914,-0.015900000,-0.000565126,0.016041509,0.230873542,129.021523416,221.185925166,66.985753514,-82.384011052,-0.140247276,2020,6,158,2020,3,6,66
2020-03-07 12:00:00,0.002624881,0.000253548,0.003300000,-0.000591236,0.004216634,0.231438679,129.252962095,342.255328375,66.959344785,51.500612262,-0.146368754,2020,6,159,2020,3,7,67
2020-03-08 12:00:00,0.001897367,0.000263414,0.001800000,-0.000620814,0.002615339,0.232029926,129.484992022,198.434948823,66.844334692,43.491519345,-0.153299468,2020,6,160,2020,3,8,68
2020-03-09 12:00:00,0.003748333,0.000271762,0.010900000,-0.000645686,0.011526491,0.232650749,129.717642771,136.080924187,66.456950775,71.022738585,-0.159015729,2020,6,161,2020,3,9,69
2020-03-10 12:00:00,0.002039608,0.000278100,-0.008600000,-0.000655936,0.008838552,0.233296442,129.950939214,258.690067526,65.439243546,-76.658022761,-0.161092912,2020,6,162,2020,3,10,70
2020-03-11 12:00:00,0.004220190,0.000283350,0.002400000,-0.000645932,0.004854894,0.233952384,130.184891598,36.326825952,63.797259853,29.626666044,-0.158191170,2020,6,163,2020,3,11,71
2020-03-12 12:00:00,0.001603122,0.000287046,-0.010500000,-0.000612827,0.010621676,0.234598320,130.419489918,266.423665625,61.460964011,-81.319216201,-0.149670525,2020,6,164,2020,3,12,72
2020-03-13 12:00:00,0.000721110,0.000288951,0.011300000,-0.000561426,0.011322985,0.235211149,130.654701066,213.690067526,58.468645663,86.348617216,-0.136759617,2020,6,165,2020,3,13,73
2020-03-14 12:00:00,0.000300000,0.000288650,-0.004900000,-0.000498630,0.004909175,0.235772574,130.890473641,0.000000000,55.090463272,-86.496468355,-0.121173739,2020,6,166,2020,3,14,74
2020-03-15 12:00:00,0.000921954,0.000287343,0.002900000,-0.000432045,0.003043025,0.236271203,131.126744844,347.471192291,51.649554868,72.363742013,-0.104771004,2020,6,167,2020,3,15,75
2020-03-16 12:00:00,0.001746425,0.000286716,-0.003100000,-0.000362816,0.003558089,0.236703247,131.363448091,283.240519915,48.110304972,-60.604704096,-0.087822268,2020,6,168,2020,3,16,76
2020-03-17 12:00:00,0.001500000,0.000286235,0.004400000,-0.000294806,0.004648656,0.237066062,131.600514152,270.000000000,44.624295562,71.175289982,-0.071250813,2020,6,169,2020,3,17,77
2020-03-18 12:00:00,0.000583095,0.000284786,0.001500000,-0.000230780,0.001609348,0.237360866,131.837875018,329.036243468,41.228102476,68.757396369,-0.055707341,2020,6,170,2020,3,18,78
2020-03-19 12:00:00,0.002765863,0.000282565,-0.003000000,-0.000172551,0.004080441,0.237591643,132.075466661,102.528807709,38.013619351,-47.325354502,-0.041610996,2020,6,171,2020,3,19,79
2020-03-20 12:00:00,0.002118962,0.000279753,-0.005000000,-0.000124949,0.005430470,0.237764191,132.313230852,250.709953781,34.871692374,-67.033138238,-0.030109913,2020,6,172,2020,3,20,80
2020-03-21 12:00:00,0.003000000,0.000277803,0.009000000,-0.000089776,0.009486833,0.237889137,132.551119989,0.000000000,31.561803158,71.565051177,-0.021622716,2020,6,173,2020,3,21,81
2020-03-22 12:00:00,0.000538516,0.000278576,-0.001500000,-0.000064774,0.001593738,0.237978915,132.789098904,338.198590514,27.776529538,-70.251304342,-0.015594964,2020,6,174,2020,3,22,82
2020-03-23 12:00:00,0.001581139,0.000280653,0.000700000,-0.000047249,0.001729162,0.238043691,133.027142595,198.434948823,23.882027620,23.879876254,-0.011372514,2020,6,175,2020,3,23,83
2020-03-24 12:00:00,0.002061553,0.000282643,-0.013000000,-0.000032359,0.013162447,0.238090942,133.265233537,67.166345822,20.268101684,-80.989014700,-0.007787174,2020,6,176,2020,3,24,84
2020-03-25 12:00:00,0.002000000,0.000283664,0.007100000,-0.000016543,0.007376313,0.238123303,133.503356839,323.130102354,17.041564119,74.267995215,-0.003980580,2020,6,177,2020,3,25,85
2020-03-26 12:00:00,0.001749286,0.000283093,0.008000000,0.000004395,0.008189017,0.238139845,133.741496685,149.036243468,14.124301963,77.665795889,0.001057377,2020,6,178,2020,3,26,86
2020-03-27 12:00:00,0.000824621,0.000280853,-0.006000000,0.000036871,0.006056402,0.238135448,133.979632133,284.036243468,11.333147657,-82.174474375,0.008871267,2020,6,179,2020,3,27,87
2020-03-28 12:00:00,0.002109502,0.000278306,0.006400000,0.000077081,0.006738694,0.238098574,134.217730706,354.559667969,8.535458231,71.757276954,0.018548675,2020,6,180,2020,3,28,88
2020-03-29 12:00:00,0.002302173,0.000277586,-0.008600000,0.000114432,0.008902809,0.238021492,134.455752198,214.380344724,5.822305085,-75.013614975,0.027545660,2020,6,181,2020,3,29,89
2020-03-30 12:00:00,0.001700000,0.000280449,0.006000000,0.000146618,0.006236185,0.237907064,134.693659262,0.000000000,3.431555504,74.180806053,0.035310376,2020,6,182,2020,3,30,90
2020-03-31 12:00:00,0.000721110,0.000286874,-0.004500000,0.000178493,0.004557412,0.237760453,134.931419715,123.690067526,1.213565576,-80.895940257,0.043013427,2020,6,183,2020,3,31,91
2020-04-01 12:00:00,0.001029563,0.000295688,-0.004600000,0.000211660,0.004713809,0.237581971,135.169001687,60.945395901,359.236009979,-77.384090571,0.051044325,2020,7,184,2020,4,1,92
2020-04-02 12:00:00,0.000500000,0.000306321,0.000500000,0.000245318,0.000707107,0.237370325,135.406372012,233.130102354,357.505402376,45.000000000,0.059214160,2020,7,185,2020,4,2,93
2020-04-03 12:00:00,0.003008322,0.000317310,0.004100000,0.000275638,0.005085273,0.237125022,135.643497034,344.577838681,356.201456579,53.731124186,0.066601560,2020,7,186,2020,4,3,94
2020-04-04 12:00:00,0.004186884,0.000326314,0.002100000,0.000306599,0.004684015,0.236849397,135.880346431,139.844000375,355.382242477,26.636799452,0.074168754,2020,7,187,2020,4,4,95
2020-04-05 12:00:00,0.001200000,0.000331639,-0.004100000,0.000340869,0.004272002,0.236542805,136.116889237,180.000000000,354.970125781,-73.686147574,0.082565749,2020,7,188,2020,4,5,96
2020-04-06 12:00:00,0.003383785,0.000333504,0.005700000,0.000379263,0.006628725,0.236201940,136.353091177,341.029592192,354.813318285,59.304663468,0.091998414,2020,7,189,2020,4,6,97
2020-04-07 12:00:00,0.001400000,0.000331780,-0.017200000,0.000418181,0.017256883,0.235822674,136.588913851,90.000000000,354.954080449,-85.346648413,0.101601882,2020,7,190,2020,4,7,98
2020-04-08 12:00:00,0.000608276,0.000326296,0.014000000,0.000453296,0.014013208,0.235404486,136.824318337,279.462322208,355.442986063,87.512160256,0.110329171,2020,7,191,2020,4,8,99
2020-04-09 12:00:00,0.002319483,0.000317523,0.004800000,0.000484687,0.005331041,0.234951178,137.059269515,7.431407971,356.344508614,64.208979186,0.118196998,2020,7,192,2020,4,9,100
2020-04-10 12:00:00,0.002942788,0.000305824,-0.001800000,0.000512793,0.003449638,0.234466476,137.293735991,189.782407032,357.627797398,-31.452662020,0.125309553,2020,7,193,2020,4,10,101
2020-04-11 12:00:00,0.001708801,0.000291561,0.004000000,0.000533931,0.004349713,0.233953666,137.527689657,339.443954780,359.242542831,66.867817438,0.130760980,2020,7,194,2020,4,11,102
2020-04-12 12:00:00,0.001389244,0.000278009,-0.002300000,0.000545881,0.002687006,0.233419719,137.761109376,329.743562836,1.143567245,-58.867213430,0.133993356,2020,7,195,2020,4,12,103
2020-04-13 12:00:00,0.001500000,0.000267961,0.001700000,0.000552856,0.002267157,0.232873827,137.993983202,143.130102354,3.468576007,48.576334375,0.136023700,2020,7,196,2020,4,13,104
2020-04-14 12:00:00,0.000608276,0.000260517,0.006600000,0.000564890,0.006627971,0.232320962,138.226304165,260.537677792,6.497741584,84.734320468,0.139315264,2020,7,197,2020,4,14,105
2020-04-15 12:00:00,0.004004997,0.000255623,-0.001500000,0.000578787,0.004276681,0.231756067,138.458060232,2.862405226,10.189306369,-20.532539452,0.143090480,2020,7,198,2020,4,15,106
2020-04-16 12:00:00,0.001236932,0.000255214,-0.014400000,0.000588019,0.014453027,0.231177280,138.689237511,194.036243468,14.007540832,-85.090456500,0.145736748,2020,7,199,2020,4,16,107
2020-04-17 12:00:00,0.001627882,0.000259860,0.014700000,0.000594535,0.014789861,0.230589267,138.919826778,349.380344724,17.368101583,83.680797272,0.147727520,2020,7,200,2020,4,17,108
2020-04-18 12:00:00,0.003900000,0.000268320,0.000800000,0.000597762,0.003981206,0.229994742,139.149821520,67.380135052,19.897319800,11.592175410,0.148913386,2020,7,201,2020,4,18,109
2020-04-19 12:00:00,0.002500000,0.000278825,0.000800000,0.000592836,0.002624881,0.229396992,139.379218512,323.130102354,21.306965121,17.744671625,0.148071073,2020,7,202,2020,4,19,110
2020-04-20 12:00:00,0.001345362,0.000288488,-0.004000000,0.000577118,0.004220190,0.228804169,139.608022681,48.012787504,21.932827995,-71.410117953,0.144518499,2020,7,203,2020,4,20,111
2020-04-21 12:00:00,0.005994164,0.000294919,-0.003200000,0.000551288,0.006794851,0.228227060,139.836249741,207.847578260,22.072989027,-28.095645511,0.138399370,2020,7,204,2020,4,21,112
2020-04-22 12:00:00,0.001118034,0.000296175,0.009100000,0.000515191,0.009168424,0.227675774,140.063925515,169.695153531,22.179488622,82.995692342,0.129650688,2020,7,205,2020,4,22,113
2020-04-23 12:00:00,0.001166190,0.000292555,0.002100000,0.000469376,0.002402082,0.227160579,140.291086093,300.963756532,22.401019846,60.955326917,0.118388790,2020,7,206,2020,4,23,114
2020-04-24 12:00:00,0.002284732,0.000284844,0.001200000,0.000413369,0.002580698,0.226691193,140.517777287,23.198590514,22.652525507,27.709610785,0.104478320,2020,7,207,2020,4,24,115
2020-04-25 12:00:00,0.003190611,0.000275261,-0.003200000,0.000348161,0.004518849,0.226277813,140.744055100,237.804266065,22.869180361,-45.084176095,0.088157727,2020,7,208,2020,4,25,116
2020-04-26 12:00:00,0.001529706,0.000263961,-0.004700000,0.000277291,0.004942671,0.225929639,140.969984739,101.309932474,23.173353760,-71.971520063,0.070321033,2020,7,209,2020,4,26,117
2020-04-27 12:00:00,0.001044031,0.000251386,0.000700000,0.000207231,0.001256981,0.225652334,141.195637073,106.699244234,23.695910793,33.840999026,0.052618349,2020,7,210,2020,4,27,118
2020-04-28 12:00:00,0.002147091,0.000239589,0.002000000,0.000144866,0.002934280,0.225445090,141.421082163,242.241459399,24.714974430,42.968656782,0.036816981,2020,7,211,2020,4,28,119
2020-04-29 12:00:00,0.001044031,0.000230009,0.000800000,0.000094227,0.001315295,0.225300215,141.646382377,73.300755766,26.020075021,37.461539020,0.023962752,2020,7,212,2020,4,29,120
2020-04-30 12:00:00,0.004177320,0.000224125,-0.014500000,0.000053309,0.015089732,0.225205982,141.871588359,11.040940180,27.466158712,-73.928784222,0.013562608,2020,7,213,2020,4,30,121
2020-05-01 12:00:00,0.002202272,0.000222318,0.009500000,0.000025148,0.009751923,0.225152671,142.096741030,309.472459848,28.792363890,76.948341370,0.006399447,2020,8,214,2020,5,1,122
2020-05-02 12:00:00,0.004830114,0.000223152,0.016700000,0.000006002,0.017384476,0.225127524,142.321868554,207.095552494,29.547377038,73.868630532,0.001527645,2020,8,215,2020,5,2,123
2020-05-03 12:00:00,0.001303840,0.000226395,-0.006500000,-0.000002300,0.006629480,0.225121525,142.546990079,327.528807709,29.400397239,-78.657520435,-0.000585374,2020,8,216,2020,5,3,124
2020-05-04 12:00:00,0.005247857,0.000232227,-0.004300000,-0.000006069,0.006784541,0.225123831,142.772113909,59.036243468,28.358170107,-39.330578191,-0.001544569,2020,8,217,2020,5,4,125
2020-05-05 12:00:00,0.002731300,0.000240007,0.012600000,-0.000005298,0.012892634,0.225129908,142.997243817,336.250505507,26.809151628,77.769230796,-0.001348391,2020,8,218,2020,5,5,126
2020-05-06 12:00:00,0.001170470,0.000247698,-0.002700000,0.000004869,0.002942788,0.225135214,143.222379031,250.016893478,25.224497416,-66.562910935,0.001239195,2020,8,219,2020,5,6,127
2020-05-07 12:00:00,0.002308679,0.000254565,-0.015500000,0.000026453,0.015670992,0.225130353,143.447509384,72.349875780,23.335112213,-81.528245525,0.006732364,2020,8,220,2020,5,7,128
2020-05-08 12:00:00,0.003324154,0.000259977,0.006600000,0.000052724,0.007389858,0.225103906,143.672613290,223.781124765,21.204728230,63.267446160,0.013419787,2020,8,221,2020,5,8,129
2020-05-09 12:00:00,0.002002498,0.000262795,-0.002400000,0.000077226,0.003125700,0.225051185,143.897664475,87.137594774,19.299749059,-50.159246096,0.019661054,2020,8,222,2020,5,9,130
2020-05-10 12:00:00,0.003522783,0.000262728,-0.015300000,0.000098747,0.015700318,0.224973959,144.122638434,214.592288688,17.603110655,-77.033781348,0.025148538,2020,8,223,2020,5,10,131
2020-05-11 12:00:00,0.003471311,0.000260942,0.013700000,0.000118166,0.014132940,0.224875210,144.347513644,348.366366001,16.235968524,75.781614385,0.030107477,2020,8,224,2020,5,11,132
2020-05-12 12:00:00,0.002334524,0.000258177,-0.002200000,0.000129223,0.003207803,0.224757041,144.572270685,80.134193057,15.284273597,-43.300732336,0.032941832,2020,8,225,2020,5,12,133
2020-05-13 12:00:00,0.001252996,0.000254282,-0.002300000,0.000123939,0.002619160,0.224627814,144.796898499,61.389540334,14.592749243,-61.419289017,0.031613204,2020,8,226,2020,5,13,134
2020-05-14 12:00:00,0.002941088,0.000250041,-0.005600000,0.000107077,0.006325346,0.224503870,145.021402369,215.311213440,14.278266246,-62.291799506,0.027327272,2020,8,227,2020,5,14,135
2020-05-15 12:00:00,0.002418677,0.000246786,0.013200000,0.000081536,0.013419762,0.224396789,145.245799158,352.874983651,14.577801662,79.616696782,0.020818706,2020,8,228,2020,5,15,136
2020-05-16 12:00:00,0.003140064,0.000245969,-0.002600000,0.000052136,0.004076763,0.224315252,145.470114410,279.162347046,15.070750742,-39.625051720,0.013316885,2020,8,229,2020,5,16,137
2020-05-17 12:00:00,0.003634556,0.000247809,0.006800000,0.000025197,0.007710383,0.224263118,145.694377529,82.092837297,15.793102844,61.875782201,0.006437332,2020,8,230,2020,5,17,138
2020-05-18 12:00:00,0.003088689,0.000250672,-0.012100000,0.000002436,0.012487994,0.224237925,145.918615454,299.054604099,16.830456429,-75.680270305,0.000622514,2020,8,231,2020,5,18,139
2020-05-19 12:00:00,0.004652956,0.000253794,0.017900000,-0.000018369,0.018494864,0.224235492,146.142850946,188.652541791,18.301290488,75.428913821,-0.004693684,2020,8,232,2020,5,19,140
2020-05-20 12:00:00,0.003255764,0.000256963,-0.021300000,-0.000033193,0.021547390,0.224253865,146.367104811,79.380344724,20.174386629,-81.309446420,-0.008480755,2020,8,233,2020,5,20,141
2020-05-21 12:00:00,0.003544009,0.000259903,0.018600000,-0.000037963,0.018934624,0.224287062,146.591391873,343.610459666,22.297066036,79.212278108,-0.009698016,2020,8,234,2020,5,21,142
2020-05-22 12:00:00,0.002039608,0.000262816,-0.015700000,-0.000040112,0.015831930,0.224325029,146.815716902,191.309932474,24.127971833,-82.598084184,-0.010245083,2020,8,235,2020,5,22,143
2020-05-23 12:00:00,0.002549510,0.000266088,0.012600000,-0.000048840,0.012855349,0.224365144,147.040082046,295.559965172,25.299660955,78.561097708,-0.012472110,2020,8,236,2020,5,23,144
2020-05-24 12:00:00,0.005869412,0.000269113,0.002600000,-0.000063331,0.006419502,0.224413987,147.264496034,193.799485396,26.295940772,23.892121636,-0.016169155,2020,8,237,2020,5,24,145
2020-05-25 12:00:00,0.010200490,0.000271562,0.001600000,-0.000079449,0.010325212,0.224477321,147.488973355,37.431602978,27.568663059,8.914505431,-0.020278546,2020,8,238,2020,5,25,146
2020-05-26 12:00:00,0.001486607,0.000271891,0.004800000,-0.000103916,0.005024938,0.224556770,147.713530125,317.726310994,29.133829644,72.791736305,-0.026514190,2020,8,239,2020,5,26,147
2020-05-27 12:00:00,0.003138471,0.000269951,-0.015400000,-0.000136578,0.015716552,0.224660684,147.938190809,210.650667957,30.835873725,-78.481046526,-0.034831889,2020,8,240,2020,5,27,148
2020-05-28 12:00:00,0.003088689,0.000266401,0.003900000,-0.000173648,0.004974937,0.224797257,148.162988066,60.945395901,32.465619202,51.621777842,-0.044258972,2020,8,241,2020,5,28,149
2020-05-29 12:00:00,0.003535534,0.000262842,0.003700000,-0.000216095,0.005117617,0.224970901,148.387958967,298.739795292,33.449207141,46.302127914,-0.055035181,2020,8,242,2020,5,29,150
2020-05-30 12:00:00,0.003255764,0.000260772,-0.010800000,-0.000259096,0.011280071,0.225186993,148.613145961,222.510447078,33.778592483,-73.224060706,-0.065923390,2020,8,243,2020,5,30,151
2020-05-31 12:00:00,0.003700000,0.000259882,-0.006000000,-0.000298066,0.007049113,0.225446088,148.838592048,90.000000000,33.604495124,-58.339248903,-0.075751628,2020,8,244,2020,5,31,152
2020-06-01 12:00:00,0.003701351,0.000260945,0.022200000,-0.000328008,0.022506444,0.225744154,149.064336203,321.581944655,33.255443332,80.534285016,-0.083251219,2020,9,245,2020,6,1,153
2020-06-02 12:00:00,0.004967897,0.000265389,-0.014900000,-0.000347516,0.015706368,0.226072167,149.290408370,319.899092454,33.050226986,-71.560793532,-0.088074662,2020,9,246,2020,6,2,154
2020-06-03 12:00:00,0.005994164,0.000273411,-0.001900000,-0.000354117,0.006288084,0.226419693,149.516828063,117.847578260,33.152981511,-17.587312789,-0.089609769,2020,9,247,2020,6,3,155
2020-06-04 12:00:00,0.002376973,0.000283520,0.004300000,-0.000350577,0.004913247,0.226773822,149.743601885,247.750976343,33.457736934,61.066867647,-0.088575522,2020,9,248,2020,6,4,156
2020-06-05 12:00:00,0.003423449,0.000291897,-0.001300000,-0.000339123,0.003661967,0.227124410,149.970726294,173.290163192,34.037141963,-20.793474956,-0.085549187,2020,9,249,2020,6,5,157
2020-06-06 12:00:00,0.002657066,0.000296423,-0.013800000,-0.000316606,0.014053469,0.227463538,150.198189832,289.798876355,35.098214478,-79.101581683,-0.079750004,2020,9,250,2020,6,6,158
2020-06-07 12:00:00,0.002555386,0.000298150,0.009900000,-0.000281922,0.010224480,0.227780146,150.425969979,30.579226872,36.349896251,75.526733755,-0.070914727,2020,9,251,2020,6,7,159
2020-06-08 12:00:00,0.001300000,0.000298741,0.004400000,-0.000233457,0.004588028,0.228062069,150.654032048,292.619864948,37.356954686,73.539985188,-0.058651202,2020,9,252,2020,6,8,160
2020-06-09 12:00:00,0.001403567,0.000299094,-0.010800000,-0.000172195,0.010890822,0.228295527,150.882327575,94.085616780,37.995165640,-82.595347444,-0.043216215,2020,9,253,2020,6,9,161
2020-06-10 12:00:00,0.000700000,0.000298708,0.002500000,-0.000094796,0.002596151,0.228467722,151.110795296,90.000000000,38.170681603,74.357753543,-0.023773270,2020,9,254,2020,6,10,162
2020-06-11 12:00:00,0.006560488,0.000297275,-0.002500000,-0.000006717,0.007020684,0.228562516,151.339357812,217.568592029,37.613690470,-20.860304076,-0.001683806,2020,9,255,2020,6,11,163
2020-06-12 12:00:00,0.006476110,0.000296080,0.016100000,0.000084005,0.017353674,0.228569231,151.567927044,346.607502246,36.372552213,68.087895188,0.021057607,2020,9,256,2020,6,12,164
2020-06-13 12:00:00,0.004341659,0.000296166,-0.015700000,0.000163796,0.016289260,0.228485227,151.796412270,151.073574165,34.597885951,-74.541814784,0.041074085,2020,9,257,2020,6,13,165
2020-06-14 12:00:00,0.003036445,0.000297263,0.007100000,0.000225235,0.007722046,0.228321432,152.024733702,17.241459399,32.361120171,66.845137309,0.056521250,2020,9,258,2020,6,14,166
2020-06-15 12:00:00,0.001000000,0.000298923,-0.001800000,0.000276621,0.002059126,0.228096200,152.252829902,90.000000000,29.958911556,-60.945395901,0.069484889,2020,9,259,2020,6,15,167
2020-06-16 12:00:00,0.002720294,0.000301165,-0.006100000,0.000323641,0.006679072,0.227819581,152.480649483,36.027373385,27.358871351,-65.965525129,0.081394624,2020,9,260,2020,6,16,168
2020-06-17 12:00:00,0.002507987,0.000305126,0.009400000,0.000362691,0.009728823,0.227495946,152.708145429,274.573921260,24.769614978,75.061068188,0.091345330,2020,9,261,2020,6,17,169
2020-06-18 12:00:00,0.003206244,0.000311076,-0.002600000,0.000390191,0.004127953,0.227133263,152.935278692,183.576334375,22.674957991,-39.039208490,0.098428160,2020,9,262,2020,6,18,170
2020-06-19 12:00:00,0.005053712,0.000317766,0.011800000,0.000409499,0.012836666,0.226743081,153.162021773,332.927919762,21.161524124,66.815486788,0.103476381,2020,9,263,2020,6,19,171
2020-06-20 12:00:00,0.002061553,0.000325360,-0.015200000,0.000425854,0.015339166,0.226333594,153.388355367,67.166345822,19.949028695,-82.276190760,0.107803832,2020,9,264,2020,6,20,172
2020-06-21 12:00:00,0.001044031,0.000331934,0.012500000,0.000440979,0.012543524,0.225907750,153.614263117,253.300755766,18.846460464,85.225597501,0.111843266,2020,9,265,2020,6,21,173
2020-06-22 12:00:00,0.001000000,0.000335193,-0.009000000,0.000454835,0.009055385,0.225466776,153.839729894,270.000000000,17.687995637,-83.659808254,0.115583164,2020,9,266,2020,6,22,174
2020-06-23 12:00:00,0.006428841,0.000334934,0.003000000,0.000463398,0.007094364,0.225011941,154.064741835,105.333284793,16.620240648,25.015971902,0.117997036,2020,9,267,2020,6,23,175
2020-06-24 12:00:00,0.010285913,0.000333292,0.015600000,0.000461055,0.018685824,0.224548542,154.289290377,243.434948823,15.574067900,56.601003618,0.117642788,2020,9,268,2020,6,24,176
2020-06-25 12:00:00,0.009831073,0.000332450,-0.006800000,0.000444603,0.011953661,0.224087486,154.513377863,43.763592397,14.363002064,-34.671005328,0.113678461,2020,9,269,2020,6,25,177
2020-06-26 12:00:00,0.004891830,0.000334061,-0.005600000,0.000420085,0.007435725,0.223642886,154.737020749,310.855376259,12.887696306,-48.861452786,0.107623057,2020,9,270,2020,6,26,178
2020-06-27 12:00:00,0.005503635,0.000336373,0.010400000,0.000394711,0.011766478,0.223222804,154.960243553,182.082565280,11.252327613,62.112399807,0.101312509,2020,9,271,2020,6,27,179
2020-06-28 12:00:00,0.003130495,0.000336881,0.000800000,0.000367894,0.003231099,0.222828095,155.183071648,63.434948823,9.731856872,14.335170292,0.094596568,2020,9,272,2020,6,28,180
2020-06-29 12:00:00,0.004044750,0.000334906,-0.001600000,0.000334104,0.004349713,0.222460198,155.405531846,8.530765610,8.736191928,-21.582490169,0.086050287,2020,9,273,2020,6,29,181
2020-06-30 12:00:00,0.004140048,0.000331025,-0.012900000,0.000294923,0.013548063,0.222126089,155.627657935,232.853313302,8.509522322,-72.206799304,0.076073178,2020,9,274,2020,6,30,182
2020-07-01 12:00:00,0.002823119,0.000326473,0.000900000,0.000245950,0.002963106,0.221831160,155.849489094,292.932100438,8.986646056,17.682091990,0.063525362,2020,10,275,2020,7,1,183
2020-07-02 12:00:00,0.004709565,0.000322971,-0.011400000,0.000186958,0.012334504,0.221585205,156.071074299,93.652222780,9.503332959,-67.553515359,0.048342165,2020,10,276,2020,7,2,184
2020-07-03 12:00:00,0.000360555,0.000320091,0.029100000,0.000119012,0.029102234,0.221398243,156.292472542,326.309932474,9.653145494,89.290129551,0.030799309,2020,10,277,2020,7,3,185
2020-07-04 12:00:00,0.001581139,0.000319006,-0.004400000,0.000049403,0.004675468,0.221279229,156.513751770,55.304846469,9.620673678,-70.234113385,0.012791888,2020,10,278,2020,7,4,186
2020-07-05 12:00:00,0.002973214,0.000320539,-0.013800000,-0.000016446,0.014116657,0.221229828,156.734981598,250.346175942,9.637534745,-77.841463298,-0.004259354,2020,10,279,2020,7,5,187
2020-07-06 12:00:00,0.004939636,0.000323565,0.002200000,-0.000078907,0.005407402,0.221246279,156.956227877,291.370622269,10.250522782,24.007090703,-0.020434390,2020,10,280,2020,7,6,188
2020-07-07 12:00:00,0.003182766,0.000326506,0.007400000,-0.000139403,0.008055433,0.221325190,157.177553067,133.726969980,11.576634721,66.727289382,-0.036088144,2020,10,281,2020,7,7,189
2020-07-08 12:00:00,0.002801785,0.000329464,-0.002800000,-0.000198483,0.003961060,0.221464597,157.399017664,34.824489157,13.158284606,-44.981741305,-0.051350024,2020,10,282,2020,7,8,190
2020-07-09 12:00:00,0.003190611,0.000334304,0.001100000,-0.000253634,0.003374907,0.221663087,157.620680751,122.195733935,14.718989260,19.022223300,-0.065559678,2020,10,283,2020,7,9,191
2020-07-10 12:00:00,0.001843909,0.000339545,0.012600000,-0.000302182,0.012734206,0.221916728,157.842597479,12.528807709,15.908270769,81.674320944,-0.078019110,2020,10,284,2020,7,10,192
2020-07-11 12:00:00,0.006760178,0.000343719,-0.015700000,-0.000335838,0.017093566,0.222218916,158.064816395,262.349349045,16.849365615,-66.704035063,-0.086590899,2020,10,285,2020,7,11,193
2020-07-12 12:00:00,0.008360024,0.000347461,-0.004600000,-0.000356715,0.009542012,0.222554760,158.287371156,53.267173336,17.373694896,-28.821247133,-0.091834712,2020,10,286,2020,7,12,194
2020-07-13 12:00:00,0.001204159,0.000351968,-0.003000000,-0.000363856,0.003232646,0.222911481,158.510282637,221.633539337,17.437708922,-68.130140691,-0.093523339,2020,10,287,2020,7,13,195
2020-07-14 12:00:00,0.000781025,0.000359164,0.010800000,-0.000364791,0.010828204,0.223275348,158.733557985,309.805571092,17.292915249,85.863734397,-0.093610899,2020,10,288,2020,7,14,196
2020-07-15 12:00:00,0.001603122,0.000368278,0.000100000,-0.000368752,0.001606238,0.223640154,158.957198139,183.576334375,17.075795046,3.569387768,-0.094472828,2020,10,289,2020,7,15,197
2020-07-16 12:00:00,0.000806226,0.000378029,0.003100000,-0.000378791,0.003203123,0.224008921,159.181207061,97.125016349,16.947116007,75.421875211,-0.096885258,2020,10,290,2020,7,16,198
2020-07-17 12:00:00,0.004866210,0.000386630,-0.013900000,-0.000394662,0.014727186,0.224387727,159.405594788,260.537677792,16.888244859,-70.705510500,-0.100774104,2020,10,291,2020,7,17,199
2020-07-18 12:00:00,0.002061553,0.000395004,0.007900000,-0.000415588,0.008164558,0.224782403,159.630377191,67.166345822,17.180275975,75.374486506,-0.105931045,2020,10,292,2020,7,18,200
2020-07-19 12:00:00,0.004177320,0.000403651,-0.013100000,-0.000436939,0.013749909,0.225198005,159.855575196,281.040940180,18.290306472,-72.313590694,-0.111167849,2020,10,293,2020,7,19,201
2020-07-20 12:00:00,0.005110773,0.000412535,0.008300000,-0.000456718,0.009747307,0.225634960,160.081210155,59.420773128,20.291295907,58.377075685,-0.115974968,2020,10,294,2020,7,20,202
2020-07-21 12:00:00,0.002080865,0.000424145,0.002000000,-0.000468804,0.002886174,0.226091698,160.307301853,125.217592968,23.026908851,43.864792534,-0.118803614,2020,10,295,2020,7,21,203
2020-07-22 12:00:00,0.002500000,0.000441874,-0.007700000,-0.000473510,0.008095678,0.226560535,160.533862388,253.739795292,26.005444686,-72.012665348,-0.119747833,2020,10,296,2020,7,22,204
2020-07-23 12:00:00,0.005608030,0.000466709,0.013700000,-0.000474119,0.014803378,0.227034094,160.760896482,21.991129917,28.893565502,67.738493858,-0.119651862,2020,10,297,2020,7,23,205
2020-07-24 12:00:00,0.006248200,0.000500470,-0.011400000,-0.000477753,0.013000000,0.227508284,160.988404765,219.805571092,31.231820700,-61.273394652,-0.120317603,2020,10,298,2020,7,24,206
2020-07-25 12:00:00,0.000721110,0.000543515,-0.011700000,-0.000484274,0.011722201,0.227986134,161.216390899,146.309932474,32.932293121,-86.473130164,-0.121704354,2020,10,299,2020,7,25,207
2020-07-26 12:00:00,0.003224903,0.000593088,0.009200000,-0.000488195,0.009748846,0.228470530,161.444861430,60.255118703,33.750823966,70.682755156,-0.122429402,2020,10,300,2020,7,26,208
2020-07-27 12:00:00,0.006545991,0.000647728,0.003400000,-0.000490401,0.007376313,0.228958871,161.673820301,304.418364479,34.014256151,27.447448743,-0.122720543,2020,10,301,2020,7,27,209
2020-07-28 12:00:00,0.005544367,0.000705058,0.000100000,-0.000491695,0.005545268,0.229449440,161.903269741,82.746805387,33.920658361,1.033293302,-0.122781124,2020,10,302,2020,7,28,210
2020-07-29 12:00:00,0.006802941,0.000763264,0.018600000,-0.000491413,0.019805050,0.229941318,162.133211059,204.304549266,33.699100461,69.910032769,-0.122448309,2020,10,303,2020,7,29,211
2020-07-30 12:00:00,0.007093659,0.000820798,0.025300000,-0.000491914,0.026275654,0.230432927,162.363643986,40.426078740,33.657688808,74.337471222,-0.122311519,2020,10,304,2020,7,30,212
2020-07-31 12:00:00,0.002983287,0.000876553,-0.026800000,-0.000498808,0.026965534,0.230925042,162.594569028,256.429565615,33.758514094,-83.648174443,-0.123761340,2020,10,305,2020,7,31,213
2020-08-01 12:00:00,0.003080584,0.000929761,-0.021200000,-0.000514302,0.021422652,0.231424054,162.825993082,346.865977694,33.756677790,-81.732184881,-0.127330546,2020,11,306,2020,8,1,214
2020-08-02 12:00:00,0.002941088,0.000981522,-0.000500000,-0.000537891,0.002983287,0.231938565,163.057931646,215.311213440,33.872873528,-9.648329329,-0.132875294,2020,11,307,2020,8,2,215
2020-08-03 12:00:00,0.004891830,0.001032819,-0.006100000,-0.000573303,0.007819207,0.232476673,163.290408319,40.855376259,34.165258882,-51.272502445,-0.141295290,2020,11,308,2020,8,3,216
2020-08-04 12:00:00,0.003992493,0.001084002,0.005400000,-0.000625032,0.006715653,0.233050203,163.523458522,202.067899562,34.623768207,53.522610608,-0.153665295,2020,11,309,2020,8,4,217
2020-08-05 12:00:00,0.002700000,0.001136351,0.005000000,-0.000694592,0.005682429,0.233675476,163.757133998,270.000000000,35.221856225,61.630953707,-0.170309819,2020,11,310,2020,8,5,218
2020-08-06 12:00:00,0.003889730,0.001189048,-0.000700000,-0.000777189,0.003952215,0.234370321,163.991504320,226.041626676,35.853401645,-10.201813397,-0.189997324,2020,11,311,2020,8,6,219
2020-08-07 12:00:00,0.001252996,0.001239736,-0.008800000,-0.000863551,0.008888757,0.235147762,164.226652082,28.610459666,36.401373461,-81.896356494,-0.210412112,2020,11,312,2020,8,7,220
2020-08-08 12:00:00,0.006370243,0.001292207,0.005700000,-0.000959471,0.008548099,0.236011583,164.462663664,317.544804380,36.962723876,41.821711415,-0.232928368,2020,11,313,2020,8,8,221
2020-08-09 12:00:00,0.007738863,0.001347223,-0.002100000,-0.001068166,0.008018728,0.236971346,164.699635010,25.240529265,37.678435696,-15.182054815,-0.258265932,2020,11,314,2020,8,9,222
2020-08-10 12:00:00,0.004016217,0.001402792,0.002300000,-0.001193696,0.004628175,0.238039816,164.937674826,198.886087370,38.539932504,29.798826514,-0.287321814,2020,11,315,2020,8,10,223
2020-08-11 12:00:00,0.004925444,0.001459219,-0.005400000,-0.001331905,0.007308899,0.239233829,165.176908654,354.173657970,39.509370406,-47.631453626,-0.318988931,2020,11,316,2020,8,11,224
2020-08-12 12:00:00,0.004400000,0.001516848,-0.001000000,-0.001473321,0.004512206,0.240566066,165.417474720,270.000000000,40.515045113,-12.804266065,-0.350903930,2020,11,317,2020,8,12,225
2020-08-13 12:00:00,0.003640055,0.001574722,0.001400000,-0.001609922,0.003900000,0.242039727,165.659514447,69.075498255,41.522410425,21.037221256,-0.381104362,2020,11,318,2020,8,13,226
2020-08-14 12:00:00,0.005345091,0.001630583,-0.005000000,-0.001726208,0.007319153,0.243649982,165.903164429,287.417970792,42.413679703,-43.089437758,-0.405931737,2020,11,319,2020,8,14,227
2020-08-15 12:00:00,0.001720465,0.001683721,0.004800000,-0.001810829,0.005099020,0.245376511,166.148540939,35.537677792,43.154584096,70.280786146,-0.422835040,2020,11,320,2020,8,15,228
2020-08-16 12:00:00,0.004609772,0.001732145,-0.000700000,-0.001856933,0.004662617,0.247187632,166.395728571,335.658910063,43.817944670,-8.634476058,-0.430423829,2020,11,321,2020,8,16,229
2020-08-17 12:00:00,0.003275668,0.001772823,-0.001700000,-0.001869264,0.003690528,0.249044806,166.644773377,238.736268306,44.446673749,-27.428325611,-0.430050945,2020,11,322,2020,8,17,230
2020-08-18 12:00:00,0.007874643,0.001805233,-0.006200000,-0.001865422,0.010022475,0.250914254,166.895687631,342.255328375,45.051240911,-38.214677643,-0.425969337,2020,11,323,2020,8,18,231
2020-08-19 12:00:00,0.005333854,0.001828656,-0.013400000,-0.001865929,0.014422552,0.252779796,167.148467427,96.458816379,45.642529492,-68.295029946,-0.422940541,2020,11,324,2020,8,19,232
2020-08-20 12:00:00,0.005590170,0.001841894,0.006000000,-0.001877596,0.008200610,0.254645772,167.403113200,243.434948823,46.389520192,47.025143148,-0.422466578,2020,11,325,2020,8,20,233
2020-08-21 12:00:00,0.003794733,0.001845684,-0.009500000,-0.001898339,0.010229858,0.256523347,167.659636547,341.565051177,47.280468457,-68.225979219,-0.424007330,2020,11,326,2020,8,21,234
2020-08-22 12:00:00,0.001529706,0.001840850,0.006400000,-0.001922913,0.006580274,0.258421602,167.918058149,258.690067526,48.266872142,76.557557837,-0.426341367,2020,11,327,2020,8,22,235
2020-08-23 12:00:00,0.004609772,0.001831383,-0.011600000,-0.001945871,0.012482388,0.260344400,168.178402550,310.601294645,49.296360948,-68.327416201,-0.428245192,2020,11,328,2020,8,23,236
2020-08-24 12:00:00,0.001044031,0.001821062,-0.011100000,-0.001966027,0.011148991,0.262290152,168.440692701,16.699244234,50.342854025,-84.626749386,-0.429471280,2020,11,329,2020,8,24,237
2020-08-25 12:00:00,0.003240756,0.001806578,0.006800000,-0.001985781,0.007532762,0.264256032,168.704948733,321.892423122,51.731970849,64.518381979,-0.430559555,2020,11,330,2020,8,25,238
2020-08-26 12:00:00,0.003240756,0.001806578,0.006800000,-0.001985781,0.007532762,0.266241767,168.971190501,321.892423122,51.731970849,64.518381979,-0.427348213,2020,11,331,2020,8,26,239
2020-08-27 12:00:00,0.004341659,0.001784457,-0.013900000,-0.001983528,0.014562280,0.268227355,169.239417856,172.056528189,52.999697438,-72.653829217,-0.423703230,2020,11,332,2020,8,27,240
2020-08-28 12:00:00,0.001700000,0.001761645,-0.005100000,-0.001962524,0.005375872,0.270210689,169.509628545,0.000000000,53.884526621,-71.565051177,-0.416139360,2020,11,333,2020,8,28,241
2020-08-29 12:00:00,0.003443835,0.001734220,0.011200000,-0.001928092,0.011717508,0.272172995,169.781801541,334.179008026,54.821120999,72.908107889,-0.405890653,2020,11,334,2020,8,29,242
2020-08-30 12:00:00,0.005478138,0.001704802,-0.003200000,-0.001881984,0.006344289,0.274100864,170.055902405,291.412969475,55.822163072,-30.290911367,-0.393397509,2020,11,335,2020,8,30,243
2020-08-31 12:00:00,0.003700000,0.001675360,-0.006300000,-0.001827704,0.007306162,0.275982632,170.331885037,270.000000000,56.817415682,-59.574216198,-0.379445904,2020,11,336,2020,8,31,244
2020-09-01 12:00:00,0.003705401,0.001646778,-0.000800000,-0.001768298,0.003790778,0.277810132,170.609695169,183.094058059,57.732873452,-12.183215413,-0.364697613,2020,12,337,2020,9,1,245
2020-09-02 12:00:00,0.005032892,0.001618921,0.003500000,-0.001707345,0.006130253,0.279578236,170.889273405,339.044223269,58.524184306,34.815726152,-0.349899548,2020,12,338,2020,9,2,246
2020-09-03 12:00:00,0.003067572,0.001592594,0.007800000,-0.001645373,0.008381527,0.281285403,171.170558807,289.025606038,59.191779654,68.531352319,-0.335152294,2020,12,339,2020,9,3,247
2020-09-04 12:00:00,0.002202272,0.001567968,-0.001900000,-0.001583867,0.002908608,0.282930612,171.453489419,50.527540152,59.682349567,-40.785836568,-0.320747698,2020,12,340,2020,9,4,248
2020-09-05 12:00:00,0.000608276,0.001542947,-0.012600000,-0.001533473,0.012614674,0.284514317,171.738003736,350.537677792,59.952547624,-87.236140855,-0.308813886,2020,12,341,2020,9,5,249
2020-09-06 12:00:00,0.003753665,0.001515696,-0.004300000,-0.001498746,0.005707889,0.286047622,172.024051358,228.239700296,60.020047669,-48.880818586,-0.300202566,2020,12,342,2020,9,6,250
2020-09-07 12:00:00,0.003634556,0.001486091,0.003600000,-0.001477167,0.005115662,0.287546193,172.311597551,277.907162703,59.953854127,44.726324747,-0.294338126,2020,12,343,2020,9,7,251
2020-09-08 12:00:00,0.004846648,0.001453412,-0.000200000,-0.001468247,0.004850773,0.289023174,172.600620725,338.198590514,59.865215462,-2.363005804,-0.291065614,2020,12,344,2020,9,8,252
2020-09-09 12:00:00,0.003894868,0.001418540,-0.010100000,-0.001471791,0.010824971,0.290491230,172.891111956,131.877869538,59.729716106,-68.911837647,-0.290293687,2020,12,345,2020,9,9,253
2020-09-10 12:00:00,0.005239275,0.001381204,0.005600000,-0.001488815,0.007668768,0.291962825,173.183074780,293.629377731,59.524149576,46.906069298,-0.292171411,2020,12,346,2020,9,10,254
2020-09-11 12:00:00,0.001431782,0.001341741,-0.005500000,-0.001516006,0.005683309,0.293451440,173.476526220,102.094757077,59.316980060,-75.408395759,-0.295998336,2020,12,347,2020,9,11,255
2020-09-12 12:00:00,0.004531004,0.001300144,0.000700000,-0.001551158,0.004584757,0.294967244,173.771493465,337.963773060,59.186512242,8.782259043,-0.301305359,2020,12,348,2020,9,12,256
2020-09-13 12:00:00,0.003807887,0.001254033,0.010300000,-0.001587917,0.010981348,0.296518189,174.068011653,193.671307132,59.139743881,69.710761461,-0.306832281,2020,12,349,2020,9,13,257
2020-09-14 12:00:00,0.000728011,0.001202356,-0.005600000,-0.001625482,0.005647123,0.298105878,174.366117531,164.054604099,59.141398274,-82.592977308,-0.312418212,2020,12,350,2020,9,14,258
2020-09-15 12:00:00,0.003640055,0.001144785,-0.007200000,-0.001666701,0.008067837,0.299731121,174.665848653,290.924501745,59.098178732,-63.180518978,-0.318603649,2020,12,351,2020,9,15,259
2020-09-16 12:00:00,0.001649242,0.001086548,0.001300000,-0.001709815,0.002100000,0.301397595,174.967246247,345.963756532,58.932289100,38.246619878,-0.325038150,2020,12,352,2020,9,16,260
2020-09-17 12:00:00,0.000600000,0.001032316,-0.004700000,-0.001745638,0.004738143,0.303107209,175.270353456,0.000000000,58.532192617,-82.724995042,-0.329976535,2020,12,353,2020,9,17,261
2020-09-18 12:00:00,0.003001666,0.000982867,-0.003300000,-0.001763440,0.004460942,0.304852674,175.575206130,358.090847567,57.903572315,-47.710475894,-0.331433003,2020,12,354,2020,9,18,262
2020-09-19 12:00:00,0.002863564,0.000937341,-0.004800000,-0.001758589,0.005589275,0.306615962,175.881822093,335.224859431,57.091473450,-59.180717116,-0.328620374,2020,12,355,2020,9,19,263
2020-09-20 12:00:00,0.002202272,0.000895494,-0.004100000,-0.001730288,0.004654031,0.308374418,176.190196511,230.527540152,56.140133946,-61.758002398,-0.321488144,2020,12,356,2020,9,20,264
2020-09-21 12:00:00,0.002202272,0.000857745,0.006400000,-0.001677119,0.006768309,0.310104593,176.500301104,182.602562202,55.067707684,71.011407208,-0.309870564,2020,12,357,2020,9,21,265
2020-09-22 12:00:00,0.006545991,0.000824305,0.005100000,-0.001606873,0.008298193,0.311781615,176.812082718,325.581635521,53.952985253,37.922256012,-0.295294600,2020,12,358,2020,9,22,266
2020-09-23 12:00:00,0.004310452,0.000793296,-0.020000000,-0.001528881,0.020459228,0.313388402,177.125471120,93.990913098,52.891614777,-77.837501953,-0.279521460,2020,12,359,2020,9,23,267
2020-09-24 12:00:00,0.003546830,0.000763052,0.007300000,-0.001452049,0.008116034,0.314917203,177.440388323,319.573921260,52.015005481,64.086409778,-0.264185538,2020,12,360,2020,9,24,268
2020-09-25 12:00:00,0.004883646,0.000734659,0.015400000,-0.001379314,0.016155804,0.316369181,177.756757503,227.489552922,51.547937834,72.405143614,-0.249800321,2020,12,361,2020,9,25,269
2020-09-26 12:00:00,0.000565685,0.000707704,-0.018900000,-0.001306622,0.018908464,0.317748430,178.074505933,225.000000000,51.490026003,-88.285623587,-0.235608163,2020,12,362,2020,9,26,270
2020-09-27 12:00:00,0.000721110,0.000680766,-0.006400000,-0.001237778,0.006440497,0.319054990,178.393560923,326.309932474,51.683835054,-83.571398163,-0.222280220,2020,12,363,2020,9,27,271
2020-09-28 12:00:00,0.002758623,0.000651493,0.003600000,-0.001178399,0.004535416,0.320292704,178.713853626,136.468800714,52.032125097,52.537627254,-0.210799265,2020,12,364,2020,9,28,272
2020-09-29 12:00:00,0.002720294,0.000619306,-0.005700000,-0.001125791,0.006315853,0.321471037,179.035324663,323.972626615,52.628854106,-64.487443137,-0.200650067,2020,12,365,2020,9,29,273
2020-09-30 12:00:00,0.003482815,0.000586368,-0.002400000,-0.001073461,0.004229657,0.322596764,179.357921427,219.173657970,53.469049742,-34.570639939,-0.190655637,2020,12,366,2020,9,30,274
2020-10-01 12:00:00,0.004031129,0.000552429,-0.014300000,-0.001020584,0.014857321,0.323670163,179.681591591,113.385221057,54.572847728,-74.257008388,-0.180663108,2021,1,1,2020,10,1,275
2020-10-02 12:00:00,0.003931921,0.000518766,0.008400000,-0.000960766,0.009274697,0.324690690,180.006282281,352.694240467,55.835251518,64.916373785,-0.169539555,2021,1,2,2020,10,2,276
2020-10-03 12:00:00,0.000632456,0.000485812,0.002900000,-0.000891885,0.002968164,0.325651404,180.331933685,18.434948823,56.900260128,77.697109148,-0.156920290,2021,1,3,2020,10,3,277
2020-10-04 12:00:00,0.002570992,0.000454672,-0.004800000,-0.000815808,0.005445181,0.326543244,180.658476929,346.504266719,57.238260639,-61.825458927,-0.143143070,2021,1,4,2020,10,4,278
2020-10-05 12:00:00,0.002353720,0.000426309,0.002100000,-0.000734995,0.003154362,0.327359013,180.985835942,77.735226272,56.410348222,41.739486450,-0.128642038,2021,1,5,2020,10,5,279
2020-10-06 12:00:00,0.004805206,0.000401168,0.013800000,-0.000650018,0.014612666,0.328093975,181.313929917,257.988521614,54.180940864,70.801714194,-0.113514093,2021,1,6,2020,10,6,280
2020-10-07 12:00:00,0.001486607,0.000381163,-0.001100000,-0.000562502,0.001849324,0.328743968,181.642673885,70.346175942,50.870828673,-36.499222434,-0.098036805,2021,1,7,2020,10,7,281
2020-10-08 12:00:00,0.001303840,0.000367249,-0.009200000,-0.000468892,0.009291932,0.329306454,181.971980339,274.398705355,46.880900101,-81.933657583,-0.081582181,2021,1,8,2020,10,8,282
2020-10-09 12:00:00,0.001612452,0.000360992,0.011200000,-0.000372302,0.011315476,0.329775339,182.301755678,299.744881297,42.699367754,81.807483026,-0.064684476,2021,1,9,2020,10,9,283
2020-10-10 12:00:00,0.001902630,0.000361712,-0.011000000,-0.000277840,0.011163333,0.330147642,182.631903320,183.012787504,38.621922855,-80.186851046,-0.048218024,2021,1,10,2020,10,10,284
2020-10-11 12:00:00,0.002024846,0.000366646,0.004800000,-0.000190192,0.005209607,0.330425487,182.962328807,20.224859431,34.878914508,67.127898643,-0.032979252,2021,1,11,2020,10,11,285
2020-10-12 12:00:00,0.001303840,0.000374850,0.000300000,-0.000117422,0.001337909,0.330615688,183.292944494,184.398705355,31.556533485,12.957634568,-0.020349335,2021,1,12,2020,10,12,286
2020-10-13 12:00:00,0.001702939,0.000385042,-0.005600000,-0.000062876,0.005853204,0.330733122,183.623677616,266.633539337,28.947931147,-73.085683542,-0.010892608,2021,1,13,2020,10,13,287
2020-10-14 12:00:00,0.002061553,0.000396408,0.009500000,-0.000025692,0.009721111,0.330796012,183.954473628,67.166345822,27.172661653,77.756332165,-0.004449995,2021,1,14,2020,10,14,288
2020-10-15 12:00:00,0.001220656,0.000407479,-0.008600000,-0.000010613,0.008686196,0.330821717,184.285295345,235.007979801,25.977778403,-81.921587415,-0.001838091,2021,1,15,2020,10,15,289
2020-10-16 12:00:00,0.001140175,0.000416627,-0.004500000,-0.000020118,0.004642198,0.330832341,184.616127686,15.255118703,25.106708831,-75.782047666,-0.003484165,2021,1,16,2020,10,16,290
2020-10-17 12:00:00,0.001627882,0.000421290,0.001600000,-0.000048611,0.002282542,0.330852465,184.946980151,259.380344724,24.745218063,44.505098210,-0.008418301,2021,1,17,2020,10,17,291
2020-10-18 12:00:00,0.001788854,0.000419725,0.003400000,-0.000085397,0.003841875,0.330901074,185.277881225,26.565051177,24.888077304,62.249632469,-0.014786539,2021,1,18,2020,10,18,292
2020-10-19 12:00:00,0.004738143,0.000413540,-0.005100000,-0.000129469,0.006961322,0.330986463,185.608867689,225.855097396,25.243028105,-47.106447458,-0.022411897,2021,1,19,2020,10,19,293
2020-10-20 12:00:00,0.004308132,0.000403548,0.010700000,-0.000175007,0.011534730,0.331115920,185.939983609,21.801409486,25.558453279,68.068847257,-0.030283005,2021,1,20,2020,10,20,294
2020-10-21 12:00:00,0.006935416,0.000392112,0.006200000,-0.000211782,0.009302688,0.331290914,186.271274522,61.587338557,25.616492317,41.795510070,-0.036627087,2021,1,21,2020,10,21,295
2020-10-22 12:00:00,0.004031129,0.000381721,-0.003100000,-0.000234920,0.005085273,0.331502683,186.602777206,226.005086005,25.338602917,-37.560837101,-0.040602790,2021,1,22,2020,10,22,296
2020-10-23 12:00:00,0.001216553,0.000373363,-0.009900000,-0.000249862,0.009974467,0.331737594,186.934514800,9.462322208,24.517137693,-82.994382080,-0.043154713,2021,1,23,2020,10,23,297
2020-10-24 12:00:00,0.001360147,0.000367630,0.003100000,-0.000260912,0.003385262,0.331987449,187.266502249,323.972626615,23.180400246,66.310194503,-0.045029353,2021,1,24,2020,10,24,298
2020-10-25 12:00:00,0.016521804,0.000363799,-0.029200000,-0.000268873,0.033550112,0.332248357,187.598750606,29.357753543,21.559601471,-60.498158910,-0.046366806,2021,1,25,2020,10,25,299
2020-10-26 12:00:00,0.005869412,0.000362316,0.036200000,-0.000276885,0.036672742,0.332517229,187.931267835,246.929587750,20.010997862,80.790296726,-0.047709894,2021,1,26,2020,10,26,300
2020-10-27 12:00:00,0.012261321,0.000361673,-0.011900000,-0.000290266,0.017086544,0.332794113,188.264061948,217.711047676,18.785651953,-44.143232186,-0.049973979,2021,1,27,2020,10,27,301
2020-10-28 12:00:00,0.003661967,0.000361439,-0.004200000,-0.000302504,0.005572253,0.333084379,188.597146327,55.007979801,18.115917021,-48.914929901,-0.052035427,2021,1,28,2020,10,28,302
2020-10-29 12:00:00,0.007414850,0.000361128,0.011900000,-0.000309326,0.014021056,0.333386882,188.930533210,169.902495616,17.775534435,58.073105273,-0.053160651,2021,1,29,2020,10,29,303
2020-10-30 12:00:00,0.006207254,0.000358278,-0.003500000,-0.000312746,0.007126009,0.333696205,189.264229415,357.229784203,17.620772468,-29.416757254,-0.053698574,2021,1,30,2020,10,30,304
2020-10-31 12:00:00,0.003720215,0.000352617,-0.002300000,-0.000307949,0.004373786,0.334008944,189.598238359,306.253837737,17.690168594,-31.726173539,-0.052825558,2021,1,31,2020,10,31,305
2020-11-01 12:00:00,0.002545584,0.000344925,-0.001500000,-0.000294943,0.002954657,0.334316886,189.932555245,135.000000000,18.049088770,-30.508958866,-0.050547870,2021,2,32,2020,11,1,306
2020-11-02 12:00:00,0.000707107,0.000335652,0.001200000,-0.000273335,0.001392839,0.334611819,190.267167064,278.130102354,18.714377625,59.491041134,-0.046803340,2021,2,33,2020,11,2,307
2020-11-03 12:00:00,0.001204159,0.000324909,-0.004700000,-0.000242622,0.004851804,0.334885144,190.602052208,48.366460663,19.560665770,-75.629687022,-0.041510401,2021,2,34,2020,11,3,308
2020-11-04 12:00:00,0.005381450,0.000313264,-0.001500000,-0.000205582,0.005586591,0.335127754,190.937179962,228.012787504,20.576287728,-15.575030708,-0.035147765,2021,2,35,2020,11,4,309
2020-11-05 12:00:00,0.002343075,0.000301298,0.011600000,-0.000162848,0.011834272,0.335333326,191.272513288,129.805571092,21.617550917,78.580519501,-0.027824608,2021,2,36,2020,11,5,310
2020-11-06 12:00:00,0.004393177,0.000289008,-0.019200000,-0.000119194,0.019696193,0.335496163,191.608009451,11.821488341,22.514167853,-77.111939111,-0.020355830,2021,2,37,2020,11,6,311
2020-11-07 12:00:00,0.001676305,0.000277464,0.007100000,-0.000082732,0.007295204,0.335615347,191.943624798,197.354024636,23.161856496,76.715771212,-0.014123806,2021,2,38,2020,11,7,312
2020-11-08 12:00:00,0.000728011,0.000267937,0.008300000,-0.000057402,0.008331867,0.335698071,192.279322868,254.054604099,23.686193148,84.987291696,-0.009797100,2021,2,39,2020,11,8,313
2020-11-09 12:00:00,0.000608276,0.000261686,0.002800000,-0.000042884,0.002865310,0.335755467,192.615078336,9.462322208,24.050635183,77.743421321,-0.007317999,2021,2,40,2020,11,9,314
2020-11-10 12:00:00,0.004272002,0.000258189,-0.020500000,-0.000042847,0.020940392,0.335798348,192.950876684,57.425942865,24.575242167,-78.228580990,-0.007310853,2021,2,41,2020,11,10,315
2020-11-11 12:00:00,0.001612452,0.000257569,0.005800000,-0.000055779,0.006019967,0.335841195,193.286717880,277.125016349,25.691615496,74.463596644,-0.009516075,2021,2,42,2020,11,11,316
2020-11-12 12:00:00,0.002267157,0.000260037,0.001700000,-0.000072137,0.002833725,0.335896976,193.622614855,131.423665625,27.228888445,36.863951453,-0.012304807,2021,2,43,2020,11,12,317
2020-11-13 12:00:00,0.004341659,0.000264071,0.002800000,-0.000080122,0.005166237,0.335969116,193.958583972,308.453709217,28.833053524,32.818569176,-0.013663943,2021,2,44,2020,11,13,318
2020-11-14 12:00:00,0.005707889,0.000268545,-0.012400000,-0.000075473,0.013650641,0.336049242,194.294633213,183.012787504,30.043344079,-65.282739168,-0.012868050,2021,2,45,2020,11,14,319
2020-11-15 12:00:00,0.004275512,0.000272998,0.026200000,-0.000059544,0.026546563,0.336124719,194.630757932,349.215702132,30.695368032,80.731742273,-0.010149914,2021,2,46,2020,11,15,320
2020-11-16 12:00:00,0.004162932,0.000278427,-0.008400000,-0.000033397,0.009374967,0.336184267,194.966942199,24.102234501,30.928611839,-63.637577983,-0.005691828,2021,2,47,2020,11,16,321
2020-11-17 12:00:00,0.003921734,0.000283838,-0.004700000,0.000005365,0.006121274,0.336217669,195.303159868,160.641005824,31.220122295,-50.157989341,0.000914211,2021,2,48,2020,11,17,322
2020-11-18 12:00:00,0.001581139,0.000289133,0.015300000,0.000058634,0.015381482,0.336212309,195.639372177,214.695153531,32.028479426,84.099860553,0.009992159,2021,2,49,2020,11,18,323
2020-11-19 12:00:00,0.006082763,0.000295674,-0.005000000,0.000120406,0.007874008,0.336153680,195.975525857,9.462322208,33.723499380,-39.420031564,0.020522683,2021,2,50,2020,11,19,324
2020-11-20 12:00:00,0.003420526,0.000301652,0.004600000,0.000185598,0.005732364,0.336033279,196.311559136,232.125016349,36.540799921,53.365778207,0.031645584,2021,2,51,2020,11,20,325
2020-11-21 12:00:00,0.001615549,0.000307205,-0.004800000,0.000252071,0.005064583,0.335847687,196.647406823,68.198590514,40.628565421,-71.398166820,0.043003496,2021,2,52,2020,11,21,326
2020-11-22 12:00:00,0.001118034,0.000315474,-0.001400000,0.000315180,0.001791647,0.335595623,196.983002446,349.695153531,46.037794424,-51.389286404,0.053810221,2021,2,53,2020,11,22,327
2020-11-23 12:00:00,0.001204159,0.000329147,-0.006200000,0.000368877,0.006315853,0.335280457,197.318282902,274.763641691,52.414106914,-79.008891342,0.063036995,2021,2,54,2020,11,23,328
2020-11-24 12:00:00,0.002807134,0.000349798,-0.004500000,0.000409881,0.005303772,0.334911601,197.653194504,175.914383220,59.010153485,-58.043775688,0.070121316,2021,2,55,2020,11,24,329
2020-11-25 12:00:00,0.002088061,0.000376527,-0.002200000,0.000435423,0.003033150,0.334501750,197.987696253,286.699244234,64.924633334,-46.495351453,0.074582241,2021,2,56,2020,11,25,330
2020-11-26 12:00:00,0.001431782,0.000403960,-0.000800000,0.000443663,0.001640122,0.334066359,198.321762612,294.775140569,69.630999839,-29.194023917,0.076092684,2021,2,57,2020,11,26,331
2020-11-27 12:00:00,0.001503330,0.000424846,-0.013000000,0.000441735,0.013086634,0.333622723,198.655385335,3.814074834,73.112134047,-83.403573639,0.075862824,2021,2,58,2020,11,27,332
2020-11-28 12:00:00,0.001562050,0.000433938,0.015000000,0.000432931,0.015081114,0.333181000,198.988566335,140.194428908,75.253490955,84.054837619,0.074449455,2021,2,59,2020,11,28,333
2020-11-29 12:00:00,0.002024846,0.000431300,0.004100000,0.000417064,0.004572745,0.332748065,199.321314401,302.905242923,76.427772914,63.716855305,0.071814046,2021,2,60,2020,11,29,334
2020-11-30 12:00:00,0.001063015,0.000420823,0.003300000,0.000401834,0.003466987,0.332330989,199.653645390,131.185925166,77.081844684,72.144919797,0.069278483,2021,2,61,2020,11,30,335
2020-12-01 12:00:00,0.000608276,0.000405825,0.004500000,0.000398763,0.004540925,0.331929137,199.985574526,80.537677792,77.458154250,82.301845795,0.068832213,2021,3,62,2020,12,1,336
2020-12-02 12:00:00,0.002617250,0.000388692,-0.000500000,0.000412128,0.002664583,0.331530354,200.317104880,43.451842301,77.529735845,-10.815477499,0.071224829,2021,3,63,2020,12,2,337
2020-12-03 12:00:00,0.001700000,0.000371532,-0.008800000,0.000443424,0.008962700,0.331118207,200.648223087,208.072486936,77.178436655,-79.066183214,0.076728897,2021,3,64,2020,12,3,338
2020-12-04 12:00:00,0.002901724,0.000355130,0.008000000,0.000494067,0.008509994,0.330674765,200.978897852,358.025065989,76.164163978,70.063509284,0.085606694,2021,3,65,2020,12,4,339
2020-12-05 12:00:00,0.008407735,0.000340422,-0.000400000,0.000563871,0.008417244,0.330180683,201.309078534,243.130186913,74.155597874,-2.723806755,0.097847785,2021,3,66,2020,12,5,340
2020-12-06 12:00:00,0.003401470,0.000329354,0.010300000,0.000638022,0.010847119,0.329616800,201.638695335,268.315315682,71.457835821,71.724719054,0.110904450,2021,3,67,2020,12,6,341
2020-12-07 12:00:00,0.001992486,0.000323446,-0.002000000,0.000709262,0.002823119,0.328978773,201.967674108,107.525568374,68.861457960,-45.107834219,0.123526951,2021,3,68,2020,12,7,342
2020-12-08 12:00:00,0.002061553,0.000321965,-0.002600000,0.000770982,0.003318132,0.328269510,202.295943618,247.166345822,66.407587669,-51.588927701,0.134566397,2021,3,69,2020,12,8,343
2020-12-09 12:00:00,0.001280625,0.000324715,0.006900000,0.000815997,0.007017834,0.327498532,202.623442150,38.659808254,63.714712193,79.485667225,0.142758562,2021,3,70,2020,12,9,344
2020-12-10 12:00:00,0.001802776,0.000331413,-0.002900000,0.000844533,0.003414674,0.326682542,202.950124692,70.559965172,60.762566637,-58.132982953,0.148120118,2021,3,71,2020,12,10,345
2020-12-11 12:00:00,0.000761577,0.000335324,-0.003400000,0.000789658,0.003484250,0.325838013,203.275962705,203.198590514,39.774064748,-77.374527208,0.138854647,2021,3,72,2020,12,11,346
2020-12-12 12:00:00,0.001780449,0.000355075,-0.000800000,0.000804221,0.001951922,0.325048376,203.601011081,308.157226587,37.609119984,-24.195564122,0.141758981,2021,3,73,2020,12,12,347
2020-12-13 12:00:00,0.001824829,0.000363713,0.001100000,0.000815603,0.002130728,0.324244165,203.925255246,99.462322208,36.803000304,31.081416678,0.144121829,2021,3,74,2020,12,13,348
2020-12-14 12:00:00,0.002920616,0.000366463,-0.001000000,0.000821849,0.003087070,0.323428566,204.248683812,51.952957468,36.293531397,-18.900869414,0.145591811,2021,3,75,2020,12,14,349
2020-12-15 12:00:00,0.001442221,0.000366731,-0.001000000,0.000824433,0.001754993,0.322606717,204.571290529,213.690067526,35.699702137,-34.736481281,0.146421617,2021,3,76,2020,12,15,350
2020-12-16 12:00:00,0.005178803,0.000366116,0.010700000,0.000824853,0.011887388,0.321782284,204.893072812,10.007979801,34.962285669,64.173005076,0.146871562,2021,3,77,2020,12,16,351
2020-12-17 12:00:00,0.004651881,0.000365328,-0.003700000,0.000824100,0.005943904,0.320957430,205.214030242,205.463345062,34.101640755,-38.497936764,0.147114591,2021,3,78,2020,12,17,352
2020-12-18 12:00:00,0.000989949,0.000364592,0.002200000,0.000822458,0.002412468,0.320133329,205.534163572,225.000000000,33.165982573,65.773348549,0.147199291,2021,3,79,2020,12,18,353
2020-12-19 12:00:00,0.002000000,0.000364093,-0.004500000,0.000820230,0.004924429,0.319310872,205.853474443,53.130102354,32.168436712,-66.037511025,0.147178694,2021,3,80,2020,12,19,354
2020-12-20 12:00:00,0.000989949,0.000363995,0.004100000,0.000817690,0.004217819,0.318490642,206.171965086,45.000000000,31.112156843,76.425679109,0.147100888,2021,3,81,2020,12,20,355
2020-12-21 12:00:00,0.001403567,0.000364432,0.003600000,0.000815223,0.003863936,0.317672953,206.489638039,94.085616780,30.014163884,68.700199824,0.147034495,2021,3,82,2020,12,21,356
2020-12-22 12:00:00,0.003894868,0.000365516,0.002000000,0.000812994,0.004378356,0.316857732,206.806495771,330.802513954,28.898718151,27.180324545,0.147009798,2021,3,83,2020,12,22,357
2020-12-23 12:00:00,0.003700000,0.000367323,0.005300000,0.000810942,0.006463745,0.316044740,207.122540511,18.924644416,27.792901219,55.080597988,0.147015867,2021,3,84,2020,12,23,358
2020-12-24 12:00:00,0.003969887,0.000369745,-0.020500000,0.000808851,0.020880852,0.315233802,207.437774313,220.914383220,26.726985014,-79.040159621,0.147014138,2021,3,85,2020,12,24,359
2020-12-25 12:00:00,0.010435516,0.000372587,0.004200000,0.000806517,0.011249000,0.314424954,207.752199268,198.434948823,25.732895696,21.923389909,0.146966963,2021,3,86,2020,12,25,360
2020-12-26 12:00:00,0.003920459,0.000375697,0.004000000,0.000804503,0.005600893,0.313618442,208.065817709,52.253194613,24.814208476,45.575370863,0.146976861,2021,3,87,2020,12,26,361
2020-12-27 12:00:00,0.009302150,0.000379012,0.007600000,0.000803481,0.012012077,0.312813944,208.378631653,358.768022597,23.950091735,39.249351492,0.147167705,2021,3,88,2020,12,27,362
2020-12-28 12:00:00,0.000894427,0.000382564,0.010800000,0.000803893,0.010836974,0.312010468,208.690642120,333.434948823,23.128749391,85.265720336,0.147622293,2021,3,89,2020,12,28,363
2020-12-29 12:00:00,0.003306055,0.000386204,0.012700000,0.000805627,0.013123262,0.311206580,209.001848701,93.468229259,22.353482437,75.408649245,0.148322902,2021,3,90,2020,12,29,364
2020-12-30 12:00:00,0.000273077,0.000297745,-0.000896078,-0.000663233,0.000936765,0.310400857,209.312249557,305.059426967,24.872852080,-73.051540668,-0.122423968,2021,3,91,2020,12,30,365
2020-12-31 12:00:00,0.000273077,0.000297745,-0.000896078,-0.000663233,0.000936765,0.311064090,209.623313647,305.059426967,24.872852080,-73.051540668,-0.122162943,2021,3,92,2020,12,31,366
2021-01-01 12:00:00,0.000273077,0.000297745,-0.000896078,-0.000663233,0.000936765,0.311727323,209.935040970,305.059426967,24.872852080,-73.051540668,-0.121903028,2021,4,93,2021,1,1,1
2021-01-02 12:00:00,0.000273077,0.000297745,-0.000896078,-0.000663233,0.000936765,0.312390556,210.247431526,305.059426967,24.872852080,-73.051540668,-0.121644216,2021,4,94,2021,1,2,2
2021-01-03 12:00:00,0.000273077,0.000297745,-0.000896078,-0.000663233,0.000936765,0.313053789,210.560485315,305.059426967,24.872852080,-73.051540668,-0.121386501,2021,4,95,2021,1,3,3
2021-01-04 12:00:00,0.000273077,0.000297745,-0.000896078,-0.000663233,0.000936765,0.313717022,210.874202337,305.059426967,24.872852080,-73.051540668,-0.121129876,2021,4,96,2021,1,4,4
2021-01-05 12:00:00,0.000273077,0.000297745,-0.000896078,-0.000663233,0.000936765,0.314380255,211.188582592,305.059426967,24.872852080,-73.051540668,-0.120874334,2021,4,97,2021,1,5,5
2021-01-06 12:00:00,0.000273077,0.000297745,-0.000896078,-0.000663233,0.000936765,0.315043488,211.503626081,305.059426967,24.872852080,-73.051540668,-0.120619867,2021,4,98,2021,1,6,6
2021-01-07 12:00:00,0.000273077,0.000297745,-0.000896078,-0.000663233,0.000936765,0.315706722,211.819332803,305.059426967,24.872852080,-73.051540668,-0.120366470,2021,4,99,2021,1,7,7
2021-01-08 12:00:00,0.000273077,0.000297745,-0.000896078,-0.000663233,0.000936765,0.316369955,212.135702757,305.059426967,24.872852080,-73.051540668,-0.120114135,2021,4,100,2021,1,8,8
2021-01-09 12:00:00,0.000273077,0.000297745,-0.000896078,-0.000663233,0.000936765,0.317033188,212.452735945,305.059426967,24.872852080,-73.051540668,-0.119862856,2021,4,101,2021,1,9,9
2021-01-10 12:00:00,0.000273077,0.000297745,-0.000896078,-0.000663233,0.000936765,0.317696421,212.770432366,305.059426967,24.872852080,-73.051540668,-0.119612627,2021,4,102,2021,1,10,10
2021-01-11 12:00:00,0.000273077,0.000297745,-0.000896078,-0.000663233,0.000936765,0.318359654,213.088792020,305.059426967,24.872852080,-73.051540668,-0.119363439,2021,4,103,2021,1,11,11
2021-01-12 12:00:00,0.000273077,0.000297745,-0.000896078,-0.000663233,0.000936765,0.319022887,213.407814907,305.059426967,24.872852080,-73.051540668,-0.119115288,2021,4,104,2021,1,12,12
2021-01-13 12:00:00,0.000273077,0.000297745,-0.000896078,-0.000663233,0.000936765,0.319686120,213.727501028,305.059426967,24.872852080,-73.051540668,-0.118868167,2021,4,105,2021,1,13,13
2021-01-14 12:00:00,0.000273077,0.000297745,-0.000896078,-0.000663233,0.000936765,0.320349353,214.047850381,305.059426967,24.872852080,-73.051540668,-0.118622068,2021,4,106,2021,1,14,14
2021-01-15 12:00:00,0.000273077,0.000297745,-0.000896078,-0.000663233,0.000936765,0.321012587,214.368862968,305.059426967,24.872852080,-73.051540668,-0.118376987,2021,4,107,2021,1,15,15
2021-01-16 12:00:00,0.000273077,0.000297745,-0.000896078,-0.000663233,0.000936765,0.321675820,214.690538787,305.059426967,24.872852080,-73.051540668,-0.118132916,2021,4,108,2021,1,16,16
2021-01-17 12:00:00,0.000273077,0.000297745,-0.000896078,-0.000663233,0.000936765,0.322339053,215.012877840,305.059426967,24.872852080,-73.051540668,-0.117889850,2021,4,109,2021,1,17,17
2021-01-18 12:00:00,0.000273077,0.000297745,-0.000896078,-0.000663233,0.000936765,0.323002286,215.335880126,305.059426967,24.872852080,-73.051540668,-0.117647782,2021,4,110,2021,1,18,18
2021-01-19 12:00:00,0.000273077,0.000297745,-0.000896078,-0.000663233,0.000936765,0.323665519,215.659545646,305.059426967,24.872852080,-73.051540668,-0.117406706,2021,4,111,2021,1,19,19
2021-01-20 12:00:00,0.000273077,0.000297745,-0.000896078,-0.000663233,0.000936765,0.324328752,215.983874398,305.059426967,24.872852080,-73.051540668,-0.117166616,2021,4,112,2021,1,20,20
2021-01-21 12:00:00,0.000273077,0.000297745,-0.000896078,-0.000663233,0.000936765,0.324991985,216.308866383,305.059426967,24.872852080,-73.051540668,-0.116927505,2021,4,113,2021,1,21,21
2021-01-22 12:00:00,0.000273077,0.000297745,-0.000896078,-0.000663233,0.000936765,0.325655219,216.634521602,305.059426967,24.872852080,-73.051540668,-0.116689369,2021,4,114,2021,1,22,22
2021-01-23 12:00:00,0.000273077,0.000297745,-0.000896078,-0.000663233,0.000936765,0.326318452,216.960840054,305.059426967,24.872852080,-73.051540668,-0.116452201,2021,4,115,2021,1,23,23
2021-01-24 12:00:00,0.000273077,0.000297745,-0.000896078,-0.000663233,0.000936765,0.326981685,217.287821738,305.059426967,24.872852080,-73.051540668,-0.116215995,2021,4,116,2021,1,24,24
2021-01-25 12:00:00,0.000273077,0.000297745,-0.000896078,-0.000663233,0.000936765,0.327644918,217.615466656,305.059426967,24.872852080,-73.051540668,-0.115980745,2021,4,117,2021,1,25,25
2021-01-26 12:00:00,0.000273077,0.000297745,-0.000896078,-0.000663233,0.000936765,0.328308151,217.943774808,305.059426967,24.872852080,-73.051540668,-0.115746446,2021,4,118,2021,1,26,26
2021-01-27 12:00:00,0.000273077,0.000297745,-0.000896078,-0.000663233,0.000936765,0.328971384,218.272746192,305.059426967,24.872852080,-73.051540668,-0.115513091,2021,4,119,2021,1,27,27
2021-01-28 12:00:00,0.000273077,0.000297745,-0.000896078,-0.000663233,0.000936765,0.329634617,218.602380809,305.059426967,24.872852080,-73.051540668,-0.115280676,2021,4,120,2021,1,28,28
2021-01-29 12:00:00,0.000273077,0.000297745,-0.000896078,-0.000663233,0.000936765,0.330297851,218.932678660,305.059426967,24.872852080,-73.051540668,-0.115049193,2021,4,121,2021,1,29,29
2021-01-30 12:00:00,0.000273077,0.000297745,-0.000896078,-0.000663233,0.000936765,0.330961084,219.263639744,305.059426967,24.872852080,-73.051540668,-0.114818639,2021,4,122,2021,1,30,30
2021-01-31 12:00:00,0.000273077,0.000297745,-0.000896078,-0.000663233,0.000936765,0.331624317,219.595264061,305.059426967,24.872852080,-73.051540668,-0.114589007,2021,4,123,2021,1,31,31
2021-02-01 12:00:00,0.000273077,0.000297745,-0.000896078,-0.000663233,0.000936765,0.332287550,219.927551611,305.059426967,24.872852080,-73.051540668,-0.114360291,2021,5,124,2021,2,1,32
2021-02-02 12:00:00,0.000273077,0.000297745,-0.000896078,-0.000663233,0.000936765,0.332950783,220.260502394,305.059426967,24.872852080,-73.051540668,-0.114132487,2021,5,125,2021,2,2,33
2021-02-03 12:00:00,0.000273077,0.000297745,-0.000896078,-0.000663233,0.000936765,0.333614016,220.594116410,305.059426967,24.872852080,-73.051540668,-0.113905588,2021,5,126,2021,2,3,34
2021-02-04 12:00:00,0.000273077,0.000297745,-0.000896078,-0.000663233,0.000936765,0.334277250,220.928393660,305.059426967,24.872852080,-73.051540668,-0.113679590,2021,5,127,2021,2,4,35
2021-02-05 12:00:00,0.000273077,0.000297745,-0.000896078,-0.000663233,0.000936765,0.334940483,221.263334142,305.059426967,24.872852080,-73.051540668,-0.113454487,2021,5,128,2021,2,5,36
2021-02-06 12:00:00,0.000273077,0.000297745,-0.000896078,-0.000663233,0.000936765,0.335603716,221.598937858,305.059426967,24.872852080,-73.051540668,-0.113230273,2021,5,129,2021,2,6,37
2021-02-07 12:00:00,0.000273077,0.000297745,-0.000896078,-0.000663233,0.000936765,0.336266949,221.935204807,305.059426967,24.872852080,-73.051540668,-0.113006944,2021,5,130,2021,2,7,38
2021-02-08 12:00:00,0.000273077,0.000297745,-0.000896078,-0.000663233,0.000936765,0.336930182,222.272134989,305.059426967,24.872852080,-73.051540668,-0.112784495,2021,5,131,2021,2,8,39
2021-02-09 12:00:00,0.000273077,0.000297745,-0.000896078,-0.000663233,0.000936765,0.337593415,222.609728405,305.059426967,24.872852080,-73.051540668,-0.112562919,2021,5,132,2021,2,9,40
2021-02-10 12:00:00,0.000273077,0.000297745,-0.000896078,-0.000663233,0.000936765,0.338256648,222.947985053,305.059426967,24.872852080,-73.051540668,-0.112342212,2021,5,133,2021,2,10,41
2021-02-11 12:00:00,0.000273077,0.000297745,-0.000896078,-0.000663233,0.000936765,0.338919882,223.286904935,305.059426967,24.872852080,-73.051540668,-0.112122369,2021,5,134,2021,2,11,42
2021-02-12 12:00:00,0.000273077,0.000297745,-0.000896078,-0.000663233,0.000936765,0.339583115,223.626488050,305.059426967,24.872852080,-73.051540668,-0.111903385,2021,5,135,2021,2,12,43
2021-02-13 12:00:00,0.000273077,0.000297745,-0.000896078,-0.000663233,0.000936765,0.340246348,223.966734398,305.059426967,24.872852080,-73.051540668,-0.111685254,2021,5,136,2021,2,13,44
2021-02-14 12:00:00,0.000273077,0.000297745,-0.000896078,-0.000663233,0.000936765,0.340909581,224.307643979,305.059426967,24.872852080,-73.051540668,-0.111467972,2021,5,137,2021,2,14,45
2021-02-15 12:00:00,0.000273077,0.000297745,-0.000896078,-0.000663233,0.000936765,0.341572814,224.649216793,305.059426967,24.872852080,-73.051540668,-0.111251534,2021,5,138,2021,2,15,46
2021-02-16 12:00:00,0.000273077,0.000297745,-0.000896078,-0.000663233,0.000936765,0.342236047,224.991452841,305.059426967,24.872852080,-73.051540668,-0.111035935,2021,5,139,2021,2,16,47
2021-02-17 12:00:00,0.000273077,0.000297745,-0.000896078,-0.000663233,0.000936765,0.342899281,225.334352121,305.059426967,24.872852080,-73.051540668,-0.110821170,2021,5,140,2021,2,17,48
2021-02-18 12:00:00,0.000273077,0.000297745,-0.000896078,-0.000663233,0.000936765,0.343562514,225.677914635,305.059426967,24.872852080,-73.051540668,-0.110607234,2021,5,141,2021,2,18,49
2021-02-19 12:00:00,0.003757659,0.000312835,0.000900000,0.000034751,0.003863936,0.344225760,226.022140395,25.201123645,16.144131456,13.469229576,0.005784235,2021,5,142,2021,2,19,50
2021-02-20 12:00:00,0.001984943,0.000308721,-0.007800000,0.000047894,0.008048602,0.344191006,226.366331401,319.085616780,16.827654311,-75.722431045,0.007972748,2021,5,143,2021,2,20,51
2021-02-21 12:00:00,0.003889730,0.000304607,0.002200000,0.000060467,0.004468781,0.344143108,226.710474509,136.041626676,17.540553599,29.492150814,0.010067099,2021,5,144,2021,2,21,52
2021-02-22 12:00:00,0.002121320,0.000300509,-0.003400000,0.000072054,0.004007493,0.344082637,227.054557145,351.869897646,18.272495384,-58.039228840,0.011998208,2021,5,145,2021,2,22,53
2021-02-23 12:00:00,0.002475884,0.000296598,-0.006500000,0.000082228,0.006955573,0.344010580,227.398567725,313.363422958,19.025988495,-69.147903593,0.013695268,2021,5,146,2021,2,23,54
2021-02-24 12:00:00,0.001802776,0.000293005,-0.001700000,0.000090769,0.002477902,0.343928349,227.742496074,183.179830120,19.806028629,-43.319355302,0.015121407,2021,5,147,2021,2,24,55
2021-02-25 12:00:00,0.000538516,0.000289780,0.000400000,0.000097840,0.000670820,0.343837577,228.086333651,338.198590514,20.604975964,36.604276443,0.016303612,2021,5,148,2021,2,25,56
2021-02-26 12:00:00,0.002061553,0.000287049,0.002700000,0.000103778,0.003397058,0.343739735,228.430073386,337.166345822,21.402720808,52.636887803,0.017298116,2021,5,149,2021,2,26,57
2021-02-27 12:00:00,0.001664332,0.000284940,-0.002000000,0.000108956,0.002601922,0.343635955,228.773709341,32.735226272,22.172050957,-50.233928788,0.018166656,2021,5,150,2021,2,27,58
2021-02-28 12:00:00,0.002102380,0.000283505,0.001700000,0.000113727,0.002703701,0.343526998,229.117236339,25.346175942,22.882813544,38.959265058,0.018968173,2021,5,151,2021,2,28,59
2021-03-01 12:00:00,0.001640122,0.000282735,0.004200000,0.000118586,0.004508880,0.343413270,229.460649609,217.568592029,23.514713055,68.669095011,0.019785164,2021,6,152,2021,3,1,60
2021-03-02 12:00:00,0.006942622,0.000282592,0.012700000,0.000124083,0.014473769,0.343294684,229.803944294,11.633633999,24.057980308,61.336198096,0.020709499,2021,6,153,2021,3,2,61
2021-03-03 12:00:00,0.004617359,0.000283072,0.000300000,0.000130586,0.004627094,0.343170601,230.147114895,197.650124220,24.493330962,3.717408549,0.021802627,2021,6,154,2021,3,3,62
2021-03-04 12:00:00,0.000721110,0.000284229,-0.019800000,0.000137951,0.019813127,0.343040016,230.490154911,123.690067526,24.803110339,-87.914226195,0.023041058,2021,6,155,2021,3,4,63
2021-03-05 12:00:00,0.001140175,0.000286018,-0.000100000,0.000146052,0.001144552,0.342902067,230.833056978,164.744881297,24.967600868,-5.012346377,0.024403904,2021,6,156,2021,3,5,64
2021-03-06 12:00:00,0.001204159,0.000288296,0.004200000,0.000156216,0.004369210,0.342756017,231.175812995,355.236358309,24.984875601,74.002157593,0.026113425,2021,6,157,2021,3,6,65
2021-03-07 12:00:00,0.001902630,0.000290536,0.002100000,0.000172276,0.002833725,0.342599803,231.518412798,93.012787504,24.932649423,47.822976480,0.028811074,2021,6,158,2021,3,7,66
2021-03-08 12:00:00,0.003894868,0.000290524,0.000600000,0.000203805,0.003940812,0.342427527,231.860840325,221.877869538,25.192084560,8.757507016,0.034101187,2021,6,159,2021,3,8,67
2021-03-09 12:00:00,0.000670820,0.000281812,-0.004800000,0.000269900,0.004846648,0.342223715,232.203064040,296.565051177,26.954884617,-82.044199917,0.045187176,2021,6,160,2021,3,9,68
2021-03-10 12:00:00,0.002385372,0.000227490,0.000000000,0.000386721,0.002385372,0.341953774,232.545017814,326.976132444,44.305712249,0.000000000,0.064796723,2021,6,161,2021,3,10,69
2021-03-11 12:00:00,0.001923538,0.000211815,0.002900000,0.000387106,0.003479943,0.341567043,232.886584857,117.897271031,48.533356326,56.444116787,0.064934669,2021,6,162,2021,3,11,70
2021-03-12 12:00:00,0.004701064,0.000196666,0.005600000,0.000372123,0.007311635,0.341179929,233.227764786,60.708637829,53.121167022,49.987359215,0.062492173,2021,6,163,2021,3,12,71
2021-03-13 12:00:00,0.004992995,0.000183933,0.017300000,0.000349559,0.018006110,0.340807799,233.568572585,237.264773728,57.321617748,73.901202484,0.058767089,2021,6,164,2021,3,13,72
2021-03-14 12:00:00,0.002209072,0.000175628,-0.009100000,0.000323126,0.009364294,0.340458235,233.909030819,275.194428908,60.222262368,-76.355097276,0.054378960,2021,6,165,2021,3,14,73
2021-03-15 12:00:00,0.001992486,0.000171963,-0.002300000,0.000293414,0.003043025,0.340135107,234.249165926,162.474431626,61.176883952,-49.097674738,0.049425621,2021,6,166,2021,3,15,74
2021-03-16 12:00:00,0.003124100,0.000172346,-0.000700000,0.000263597,0.003201562,0.339841693,234.589007619,320.194428908,59.781765085,-12.629358014,0.044441272,2021,6,167,2021,3,16,75
2021-03-17 12:00:00,0.000608276,0.000177679,-0.008700000,0.000236457,0.008721238,0.339578099,234.928585718,9.462322208,55.766291182,-86.000570241,0.039896481,2021,6,168,2021,3,17,76
2021-03-18 12:00:00,0.000300000,0.000187653,-0.001800000,0.000215392,0.001824829,0.339341648,235.267927366,90.000000000,50.106938879,-80.537677792,0.036367623,2021,6,169,2021,3,18,77
2021-03-19 12:00:00,0.001118034,0.000200188,0.011400000,0.000201864,0.011454693,0.339126263,235.607053629,259.695153531,44.048304512,84.398734495,0.034105164,2021,6,170,2021,3,19,78
2021-03-20 12:00:00,0.003190611,0.000214283,-0.001200000,0.000193031,0.003408812,0.338924408,235.945978036,32.195733935,38.068782876,-20.611455240,0.032632249,2021,6,171,2021,3,20,79
2021-03-21 12:00:00,0.002088061,0.000229058,0.004000000,0.000181507,0.004512206,0.338731386,236.284709422,196.699244234,32.488574616,62.434751016,0.030701508,2021,6,172,2021,3,21,80
2021-03-22 12:00:00,0.001456022,0.000243576,-0.005800000,0.000160201,0.005979967,0.338549890,236.623259312,15.945395901,27.452829712,-75.907780948,0.027112223,2021,6,173,2021,3,22,81
2021-03-23 12:00:00,0.003195309,0.000257742,0.000400000,0.000122846,0.003220248,0.338389699,236.961649011,200.136303428,22.908264029,7.135368636,0.020800098,2021,6,174,2021,3,23,82
2021-03-24 12:00:00,0.000900000,0.000271536,0.000600000,0.000074756,0.001081665,0.338266864,237.299915876,90.000000000,19.046372373,33.690067526,0.012662272,2021,6,175,2021,3,24,83
2021-03-25 12:00:00,0.003111270,0.000284258,-0.000100000,0.000030327,0.003112876,0.338192118,237.638107994,45.000000000,16.045870873,-1.840922349,0.005137949,2021,6,176,2021,3,25,84
2021-03-26 12:00:00,0.002773085,0.000295917,0.001600000,-0.000003008,0.003201562,0.338161801,237.976269796,244.358994176,13.807740893,29.983860919,-0.000509633,2021,6,177,2021,3,26,85
2021-03-27 12:00:00,0.001523155,0.000306688,-0.004500000,-0.000022945,0.004750789,0.338164819,238.314434614,293.198590514,12.269742647,-71.300129598,-0.003887543,2021,6,178,2021,3,27,86
2021-03-28 12:00:00,0.001843909,0.000315761,-0.006200000,-0.000027758,0.006468385,0.338187772,238.652622386,77.471192291,11.507964825,-73.437276911,-0.004702834,2021,6,179,2021,3,28,87
2021-03-29 12:00:00,0.001131371,0.000323042,0.002400000,-0.000014785,0.002653300,0.338215537,238.990837923,225.000000000,11.398483684,64.760598179,-0.002504588,2021,6,180,2021,3,29,88
2021-03-30 12:00:00,0.002420744,0.000327063,-0.001300000,0.000015626,0.002747726,0.338230326,239.329068249,51.709836808,11.904880664,-28.236912474,0.002646952,2021,6,181,2021,3,30,89
2021-03-31 12:00:00,0.005503635,0.000327313,0.010600000,0.000055458,0.011943618,0.338214700,239.667282949,2.082565280,12.941028360,62.561170345,0.009395024,2021,6,182,2021,3,31,90
2021-04-01 12:00:00,0.002195450,0.000326375,-0.001200000,0.000095590,0.002501999,0.338159241,240.005442190,30.068582822,14.484123890,-28.660355423,0.016196173,2021,7,183,2021,4,1,91
2021-04-02 12:00:00,0.004924429,0.000324903,-0.012100000,0.000125406,0.013063690,0.338063650,240.343505840,209.167613380,16.566923982,-67.854778135,0.021254135,2021,7,184,2021,4,2,92
2021-04-03 12:00:00,0.001581139,0.000324685,0.003600000,0.000137928,0.003931921,0.337938243,240.681444083,198.434948823,19.019037308,66.288667598,0.023385052,2021,7,185,2021,4,3,93
2021-04-04 12:00:00,0.002901724,0.000326754,0.002000000,0.000133018,0.003524202,0.337800317,241.019244400,1.974934011,21.373420833,34.576379467,0.022561800,2021,7,186,2021,4,4,94
2021-04-05 12:00:00,0.001334166,0.000330401,0.007000000,0.000114962,0.007126009,0.337667303,241.356911703,192.994616792,23.325628960,79.209122213,0.019506900,2021,7,187,2021,4,5,95
2021-04-06 12:00:00,0.001345362,0.000331945,-0.000100000,0.000092179,0.001349074,0.337552342,241.694464045,138.012787504,24.751218987,-4.250944625,0.015646379,2021,7,188,2021,4,6,96
2021-04-07 12:00:00,0.005805170,0.000329671,-0.006100000,0.000069931,0.008420808,0.337460161,242.031924206,10.922804720,25.782577504,-46.418632084,0.011873290,2021,7,189,2021,4,7,97
2021-04-08 12:00:00,0.003130495,0.000323167,-0.003600000,0.000048157,0.004770744,0.337390223,242.369314429,206.565051177,26.577698349,-48.990365841,0.008178069,2021,7,190,2021,4,8,98
2021-04-09 12:00:00,0.001476482,0.000311085,0.005100000,0.000025535,0.005309426,0.337342055,242.706656484,241.699244234,27.422984616,73.853935148,0.004336979,2021,7,191,2021,4,9,99
2021-04-10 12:00:00,0.002780288,0.000293795,-0.004100000,0.000007234,0.004953786,0.337316504,243.043972989,52.305759533,28.641291388,-55.858059957,0.001228762,2021,7,192,2021,4,10,100
2021-04-11 12:00:00,0.005161395,0.000274025,0.002800000,-0.000005297,0.005871967,0.337309254,243.381282242,305.537677792,30.126213889,28.479343347,-0.000899782,2021,7,193,2021,4,11,101
2021-04-12 12:00:00,0.003920459,0.000253050,0.007500000,-0.000012567,0.008462860,0.337314535,243.718596777,174.143986415,31.960009993,62.402676463,-0.002134682,2021,7,194,2021,4,12,102
2021-04-13 12:00:00,0.002193171,0.000233159,0.007700000,-0.000010326,0.008006248,0.337327088,244.055923864,43.152389734,34.078261907,74.101593174,-0.001753814,2021,7,195,2021,4,13,103
2021-04-14 12:00:00,0.003605551,0.000218486,-0.002300000,0.000001274,0.004276681,0.337337403,244.393261268,3.179830120,36.431814616,-32.534016127,0.000216456,2021,7,196,2021,4,14,104
2021-04-15 12:00:00,0.007220111,0.000211586,0.005400000,0.000020021,0.009016097,0.337336124,244.730597392,216.552472752,38.651799087,36.793217161,0.003400463,2021,7,197,2021,4,15,105
2021-04-16 12:00:00,0.002555386,0.000211117,-0.002900000,0.000045324,0.003865230,0.337316104,245.067913496,59.420773128,39.713558133,-48.614537777,0.007698615,2021,7,198,2021,4,16,106
2021-04-17 12:00:00,0.002195450,0.000215436,-0.007900000,0.000078025,0.008199390,0.337270782,245.405184278,210.068582822,39.310297820,-74.469119796,0.013254905,2021,7,199,2021,4,17,107
2021-04-18 12:00:00,0.002332381,0.000224863,-0.008100000,0.000114516,0.008429116,0.337192764,245.742377042,149.036243468,37.776017231,-73.936337900,0.019458553,2021,7,200,2021,4,18,108
2021-04-19 12:00:00,0.006900725,0.000239739,0.004200000,0.000145109,0.008078366,0.337078258,246.079455300,359.169684514,35.651424498,31.326020746,0.024665368,2021,7,201,2021,4,19,109
2021-04-20 12:00:00,0.002785678,0.000257752,-0.001300000,0.000166248,0.003074085,0.336933162,246.416388462,201.037511025,33.637637304,-25.017182193,0.028270684,2021,7,202,2021,4,20,110
2021-04-21 12:00:00,0.001200000,0.000272856,-0.001000000,0.000169026,0.001562050,0.336766925,246.753155387,0.000000000,32.020741288,-39.805571092,0.028757291,2021,7,203,2021,4,21,111
2021-04-22 12:00:00,0.001769181,0.000282796,-0.003600000,0.000154000,0.004011234,0.336597907,247.089753294,47.290610043,30.568537524,-63.828695755,0.026213966,2021,7,204,2021,4,22,112
2021-04-23 12:00:00,0.000854400,0.000287750,-0.002600000,0.000126476,0.002736786,0.336443911,247.426197206,200.556045220,29.224695690,-71.808673787,0.021538716,2021,7,205,2021,4,23,113
2021-04-24 12:00:00,0.004459821,0.000288179,0.007200000,0.000085347,0.008469357,0.336317435,247.762514641,132.273689006,28.017884908,58.225117125,0.014539980,2021,7,206,2021,4,24,114
2021-04-25 12:00:00,0.003182766,0.000283877,-0.006100000,0.000030953,0.006880407,0.336232084,248.098746725,223.726969980,27.165846635,-62.446026373,0.005274595,2021,7,207,2021,4,25,115
2021-04-26 12:00:00,0.001603122,0.000277280,-0.000800000,-0.000029494,0.001791647,0.336201125,248.434947850,183.576334375,26.738871926,-26.520402182,-0.005026480,2021,7,208,2021,4,26,116
2021-04-27 12:00:00,0.005360037,0.000272012,0.001400000,-0.000080765,0.005539856,0.336230616,248.771178466,8.583621480,26.309290891,14.638181012,-0.013762868,2021,7,209,2021,4,27,117
2021-04-28 12:00:00,0.002102380,0.000268030,0.009100000,-0.000114510,0.009339700,0.336311377,249.107489843,295.346175942,25.949824662,76.991159011,-0.019508606,2021,7,210,2021,4,28,118
2021-04-29 12:00:00,0.003101612,0.000269338,-0.001400000,-0.000127784,0.003402940,0.336425889,249.443915732,20.772254682,25.722070817,-24.293374843,-0.021762487,2021,7,211,2021,4,29,119
2021-04-30 12:00:00,0.003832754,0.000277443,-0.012000000,-0.000120809,0.012597222,0.336553679,249.780469411,187.495857640,25.637424682,-72.286719134,-0.020566843,2021,7,212,2021,4,30,120
2021-05-01 12:00:00,0.000806226,0.000290016,0.027800000,-0.000096421,0.027811688,0.336674499,250.117143910,330.255118703,25.985821331,88.338834878,-0.016409065,2021,8,213,2021,5,1,121
2021-05-02 12:00:00,0.004964877,0.000305188,-0.009000000,-0.000057673,0.010278619,0.336770933,250.453914843,325.669782804,26.608128255,-61.116544844,-0.009812014,2021,8,214,2021,5,2,122
2021-05-03 12:00:00,0.003397058,0.000323765,-0.002100000,-0.000009271,0.003993745,0.336828623,250.790743466,317.385944030,27.561548084,-31.723612563,-0.001577092,2021,8,215,2021,5,3,123
2021-05-04 12:00:00,0.005758472,0.000345169,0.003100000,0.000043274,0.006539878,0.336837916,251.127581381,69.676863170,28.769289465,28.295234981,0.007360945,2021,8,216,2021,5,4,124
2021-05-05 12:00:00,0.002334524,0.000367916,0.005700000,0.000093381,0.006159545,0.336794665,251.464376046,316.735704589,30.065862401,67.727685149,0.015886092,2021,8,217,2021,5,5,125
2021-05-06 12:00:00,0.004535416,0.000392568,-0.007300000,0.000133830,0.008594184,0.336701312,251.801077358,194.036243468,31.105212536,-58.147733742,0.022773622,2021,8,218,2021,5,6,126
2021-05-07 12:00:00,0.003482815,0.000417488,-0.012400000,0.000154198,0.012879829,0.336567512,252.137644870,320.826342030,31.714024424,-74.311425144,0.026250040,2021,8,219,2021,5,7,127
2021-05-08 12:00:00,0.002376973,0.000438345,0.016400000,0.000150153,0.016571361,0.336413340,252.474058210,22.249023657,31.981371407,81.753127355,0.025573086,2021,8,220,2021,5,8,128
2021-05-09 12:00:00,0.010242070,0.000448934,-0.016200000,0.000117120,0.019166116,0.336263201,252.810321411,152.684392027,32.162044353,-57.697838966,0.019956076,2021,8,221,2021,5,9,129
2021-05-10 12:00:00,0.002024846,0.000444239,-0.019300000,0.000053312,0.019405927,0.336146075,253.146467486,339.775140569,32.625558220,-84.010764728,0.009086987,2021,8,222,2021,5,10,130
2021-05-11 12:00:00,0.004427189,0.000425333,0.021300000,-0.000035397,0.021755229,0.336092738,253.482560224,251.565051177,33.410226496,78.258296602,-0.006034358,2021,8,223,2021,5,11,131
2021-05-12 12:00:00,0.002500000,0.000398251,-0.009600000,-0.000136184,0.009920181,0.336128102,253.818688327,16.260204708,34.517990322,-75.403424475,-0.023213726,2021,8,224,2021,5,12,132
2021-05-13 12:00:00,0.000700000,0.000367789,0.002600000,-0.000243110,0.002692582,0.336264252,254.154952578,180.000000000,35.686943681,74.931511841,-0.041423386,2021,8,225,2021,5,13,133
2021-05-14 12:00:00,0.001931321,0.000336655,0.008900000,-0.000349209,0.009107140,0.336507330,254.491459908,248.749494493,36.861909494,77.756508530,-0.059458515,2021,8,226,2021,5,14,134
2021-05-15 12:00:00,0.008100617,0.000307682,0.018100000,-0.000447701,0.019830028,0.336856511,254.828316419,28.779806304,38.175800362,65.889196859,-0.076149358,2021,8,227,2021,5,15,135
2021-05-16 12:00:00,0.007002857,0.000281526,-0.019600000,-0.000522691,0.020813457,0.337304189,255.165620608,178.363422958,39.410376843,-70.338770454,-0.088786310,2021,8,228,2021,5,16,136
2021-05-17 12:00:00,0.009124144,0.000258437,0.000000000,-0.000568299,0.009124144,0.337826862,255.503447470,316.332219854,40.507731639,0.000000000,-0.096384139,2021,8,229,2021,5,17,137
2021-05-18 12:00:00,0.004964877,0.000241127,0.039700000,-0.000592196,0.040009249,0.338395148,255.841842618,34.330217196,41.179693223,82.871606441,-0.100268482,2021,8,230,2021,5,18,138
2021-05-19 12:00:00,0.006378871,0.000231494,-0.038900000,-0.000597567,0.039419538,0.338987337,256.180829955,189.019322431,40.953081702,-80.687446179,-0.101001115,2021,8,231,2021,5,19,139
2021-05-20 12:00:00,0.001101136,0.000234121,0.005750000,-0.000568968,0.005854485,0.339584906,256.520414861,320.527540152,39.413265981,79.159002986,-0.095998071,2021,8,232,2021,5,20,140
2021-05-21 12:00:00,0.001101136,0.000234121,0.005750000,-0.000568968,0.005854485,0.340153874,256.860568735,320.527540152,39.413265981,79.159002986,-0.095837497,2021,8,233,2021,5,21,141
2021-05-22 12:00:00,0.002801785,0.000253612,-0.000500000,-0.000519831,0.002846050,0.340722856,257.201291591,34.824489157,36.834994855,-10.118354095,-0.087414578,2021,8,234,2021,5,22,142
2021-05-23 12:00:00,0.006334824,0.000273001,-0.006500000,-0.000490217,0.009076343,0.341242702,257.542534294,348.157923885,34.555702918,-45.737317697,-0.082309163,2021,8,235,2021,5,23,143
2021-05-24 12:00:00,0.004951767,0.000292467,0.001400000,-0.000466762,0.005145872,0.341732936,257.884267229,223.363422958,32.260043157,15.787048010,-0.078258440,2021,8,236,2021,5,24,144
2021-05-25 12:00:00,0.005080354,0.000309095,-0.010000000,-0.000455216,0.011216506,0.342199712,258.226466941,100.203973722,30.410589173,-63.067816825,-0.076218610,2021,8,237,2021,5,25,145
2021-05-26 12:00:00,0.004652956,0.000318423,0.002400000,-0.000462527,0.005235456,0.342654937,258.569121878,188.652541791,29.016941589,27.284734923,-0.077339818,2021,8,238,2021,5,26,146
2021-05-27 12:00:00,0.004401136,0.000317536,-0.013000000,-0.000488402,0.013724795,0.343117463,258.912239341,111.317912275,27.993037356,-71.296524293,-0.081556332,2021,8,239,2021,5,27,147
2021-05-28 12:00:00,0.005028916,0.000306294,0.005800000,-0.000531389,0.007676588,0.343605855,259.255845196,252.645975364,27.193627642,49.072927833,-0.088608389,2021,8,240,2021,5,28,148
2021-05-29 12:00:00,0.001788854,0.000287993,-0.010800000,-0.000591259,0.010947146,0.344137228,259.599982424,63.434948823,26.491547014,-80.595218652,-0.098439325,2021,8,241,2021,5,29,149
2021-05-30 12:00:00,0.006824222,0.000269178,0.016500000,-0.000651447,0.017855531,0.344728471,259.944710895,325.145544434,25.570571206,67.530541875,-0.108274166,2021,8,242,2021,5,30,150
2021-05-31 12:00:00,0.003721559,0.000252952,-0.015900000,-0.000702766,0.016329727,0.345379906,260.290090800,83.829824905,24.182161519,-76.826482420,-0.116583404,2021,8,243,2021,5,31,151
2021-06-01 12:00:00,0.003337664,0.000242401,0.008000000,-0.000732475,0.008668333,0.346082664,260.636173464,188.615648184,21.994262415,67.353713092,-0.121265049,2021,9,244,2021,6,1,152
2021-06-02 12:00:00,0.002765863,0.000239399,-0.008700000,-0.000737284,0.009129074,0.346815136,260.982988601,229.398705355,19.171836991,-72.363742013,-0.121803462,2021,9,245,2021,6,2,153
2021-06-03 12:00:00,0.006451356,0.000243526,0.018000000,-0.000718642,0.019121192,0.347552423,261.330541024,71.003345845,16.128903316,70.281879191,-0.118471833,2021,9,246,2021,6,3,154
2021-06-04 12:00:00,0.005872819,0.000253149,0.008600000,-0.000686193,0.010413933,0.348271071,261.678812095,222.929969347,13.508209169,55.671382034,-0.112889047,2021,9,247,2021,6,4,155
2021-06-05 12:00:00,0.005531727,0.000266069,-0.030100000,-0.000646510,0.030604085,0.348957274,262.027769369,347.471192291,11.820973693,-79.586478748,-0.106151364,2021,9,248,2021,6,5,156
2021-06-06 12:00:00,0.003313608,0.000282541,0.013100000,-0.000594377,0.013512587,0.349603796,262.377373165,5.194428908,10.991675776,75.804938079,-0.097411116,2021,9,249,2021,6,6,157
2021-06-07 12:00:00,0.002969848,0.000300210,-0.002900000,-0.000528310,0.004150904,0.350198187,262.727571352,225.000000000,10.573039486,-44.318238912,-0.086436673,2021,9,250,2021,6,7,158
2021-06-08 12:00:00,0.000900000,0.000319385,-0.000200000,-0.000454036,0.000921954,0.350726515,263.078297867,180.000000000,10.392060658,-12.528807709,-0.074172712,2021,9,251,2021,6,8,159
2021-06-09 12:00:00,0.003114482,0.000340366,0.003100000,-0.000373424,0.004394315,0.351180570,263.429478437,354.472459848,10.193940418,44.866477503,-0.060924888,2021,9,252,2021,6,9,160
2021-06-10 12:00:00,0.003769615,0.000361380,-0.011000000,-0.000289153,0.011627983,0.351554015,263.781032452,21.801409486,9.737140480,-71.083807045,-0.047125683,2021,9,253,2021,6,10,161
2021-06-11 12:00:00,0.001708801,0.000377569,0.027300000,-0.000214061,0.027353428,0.351843184,264.132875636,159.443954780,9.029718675,86.418333111,-0.034858708,2021,9,254,2021,6,11,162
2021-06-12 12:00:00,0.001523155,0.000386219,-0.013300000,-0.000155981,0.013386934,0.352057255,264.484932890,203.198590514,8.343215390,-83.466783860,-0.025385188,2021,9,255,2021,6,12,163
2021-06-13 12:00:00,0.001708801,0.000387866,-0.008300000,-0.000111181,0.008474078,0.352213237,264.837146127,159.443954780,7.826521869,-78.366516862,-0.018086203,2021,9,256,2021,6,13,164
2021-06-14 12:00:00,0.000806226,0.000384119,-0.004500000,-0.000076471,0.004571652,0.352324414,265.189470541,262.874983651,7.786970669,-79.842579886,-0.012435916,2021,9,257,2021,6,14,165
2021-06-15 12:00:00,0.003811824,0.000377036,-0.008200000,-0.000052371,0.009042677,0.352400877,265.541871418,355.486011542,8.497964995,-65.068330573,-0.008514850,2021,9,258,2021,6,15,166
2021-06-16 12:00:00,0.002109502,0.000371301,0.000700000,-0.000039575,0.002222611,0.352453242,265.894324661,121.429565615,9.910081396,18.357486854,-0.006433444,2021,9,259,2021,6,16,167
2021-06-17 12:00:00,0.001500000,0.000368053,0.017800000,-0.000027173,0.017863090,0.352492814,266.246817475,36.869897646,11.589088083,85.183084704,-0.004416754,2021,9,260,2021,6,17,168
2021-06-18 12:00:00,0.002683282,0.000364527,-0.008700000,-0.000013471,0.009104395,0.352519983,266.599337458,206.565051177,12.996968730,-72.859025254,-0.002189436,2021,9,261,2021,6,18,169
2021-06-19 12:00:00,0.005110773,0.000358062,0.015400000,0.000004751,0.016225905,0.352533447,266.951870905,329.420773128,14.126980382,71.640626816,0.000772180,2021,9,262,2021,6,19,170
2021-06-20 12:00:00,0.002549510,0.000349204,-0.021900000,0.000026595,0.022047902,0.352528687,267.304399592,41.820169880,15.242991183,-83.359746305,0.004322460,2021,9,263,2021,6,20,171
2021-06-21 12:00:00,0.009803061,0.000340603,0.012100000,0.000050755,0.015572733,0.352502083,267.656901675,161.565051177,16.447459493,50.986635769,0.008249708,2021,9,264,2021,6,21,172
2021-06-22 12:00:00,0.005745433,0.000334554,-0.007500000,0.000070450,0.009447751,0.352451323,268.009352998,301.476839350,17.816806671,-52.545800723,0.011452570,2021,9,265,2021,6,22,173
2021-06-23 12:00:00,0.006010824,0.000331591,0.001400000,0.000081552,0.006171710,0.352380870,268.361733868,45.674036898,19.456358651,13.111189849,0.013260047,2021,9,266,2021,6,23,174
2021-06-24 12:00:00,0.004904080,0.000332166,0.010000000,0.000079747,0.011137774,0.352299319,268.714033187,267.662694141,21.260850139,63.876298695,0.012969580,2021,9,267,2021,6,24,175
2021-06-25 12:00:00,0.011060289,0.000335549,0.008000000,0.000072545,0.013650275,0.352219575,269.066252762,52.715673564,23.189437454,35.878531114,0.011800962,2021,9,268,2021,6,25,176
2021-06-26 12:00:00,0.007156116,0.000339552,-0.018200000,0.000068845,0.019556329,0.352147034,269.418399796,236.976132444,25.247303092,-68.535585236,0.011201351,2021,9,269,2021,6,26,177
2021-06-27 12:00:00,0.005400000,0.000343407,0.010300000,0.000065020,0.011629703,0.352078193,269.770477988,90.000000000,27.417908714,62.333242708,0.010581089,2021,9,270,2021,6,27,178
2021-06-28 12:00:00,0.005048762,0.000346858,0.011800000,0.000064756,0.012834719,0.352013176,270.122491164,262.030389606,29.292221672,66.835796713,0.010540116,2021,9,271,2021,6,28,179
2021-06-29 12:00:00,0.002209072,0.000348067,-0.020100000,0.000069055,0.020221029,0.351948421,270.474439585,185.194428908,30.878021618,-83.728131123,0.011241807,2021,9,272,2021,6,29,180
2021-06-30 12:00:00,0.002915476,0.000344869,-0.009500000,0.000078369,0.009937303,0.351879363,270.826318949,239.036243468,32.583780585,-72.939158194,0.012760684,2021,9,273,2021,6,30,181
2021-07-01 12:00:00,0.000500000,0.000337692,0.025600000,0.000090904,0.025604882,0.351800987,271.178119936,36.869897646,34.758681630,88.881084069,0.014805059,2021,10,274,2021,7,1,182
2021-07-02 12:00:00,0.007513322,0.000329682,-0.002400000,0.000094830,0.007887332,0.351710075,271.529830011,333.093906544,37.411940066,-17.715178137,0.015448349,2021,10,275,2021,7,2,183
2021-07-03 12:00:00,0.004356604,0.000323235,-0.011700000,0.000083235,0.012484791,0.351615240,271.881445251,148.134022306,40.332989976,-69.576715625,0.013563179,2021,10,276,2021,7,3,184
2021-07-04 12:00:00,0.005056679,0.000319272,-0.012900000,0.000059274,0.013855685,0.351532001,272.232977252,335.462271523,43.043251747,-68.595287369,0.009660934,2021,10,277,2021,7,4,185
2021-07-05 12:00:00,0.003440930,0.000316455,0.033300000,0.000032445,0.033477306,0.351472725,272.584449977,125.537677792,45.265294826,84.100493941,0.005289078,2021,10,278,2021,7,5,186
2021-07-06 12:00:00,0.003466987,0.000313455,-0.022100000,0.000004236,0.022370293,0.351440277,272.935890254,146.768288932,47.253562593,-81.084262086,0.000690573,2021,10,279,2021,7,6,187
2021-07-07 12:00:00,0.004509989,0.000311249,0.008300000,-0.000029346,0.009446163,0.351436039,273.287326293,93.814074834,48.770670785,61.481574654,-0.004784448,2021,10,280,2021,7,7,188
2021-07-08 12:00:00,0.009481034,0.000311033,0.001700000,-0.000067347,0.009632238,0.351465386,273.638791679,296.294790071,49.402799442,10.165417227,-0.010978843,2021,10,281,2021,7,8,189
2021-07-09 12:00:00,0.001941649,0.000311892,-0.006800000,-0.000103186,0.007071775,0.351532733,273.990324412,55.491477012,48.840167198,-74.064017581,-0.016818098,2021,10,282,2021,7,9,190
2021-07-10 12:00:00,0.001878829,0.000313219,-0.005300000,-0.000133865,0.005623166,0.351635920,274.341960332,244.798876355,47.257949774,-70.480780910,-0.021812068,2021,10,283,2021,7,10,191
2021-07-11 12:00:00,0.002920616,0.000316362,0.001300000,-0.000151885,0.003196873,0.351769788,274.693730120,218.047042532,44.918912932,23.994397365,-0.024738754,2021,10,284,2021,7,11,192
2021-07-12 12:00:00,0.010261579,0.000322710,-0.013000000,-0.000160647,0.016562005,0.351921678,275.045651798,74.744881297,41.936703140,-51.714124421,-0.026154602,2021,10,285,2021,7,12,193
2021-07-13 12:00:00,0.007731753,0.000332103,0.013800000,-0.000162078,0.015818344,0.352082333,275.397734131,264.805571092,38.731676299,60.739313920,-0.026375542,2021,10,286,2021,7,13,194
2021-07-14 12:00:00,0.002692582,0.000343082,0.006100000,-0.000156813,0.006667833,0.352244421,275.749978553,201.801409486,35.961401050,66.183003369,-0.025506991,2021,10,287,2021,7,14,195
2021-07-15 12:00:00,0.003280244,0.000353393,-0.005400000,-0.000152576,0.006318228,0.352401244,276.102379797,322.431407971,33.481951304,-58.723304201,-0.024806852,2021,10,288,2021,7,15,196
2021-07-16 12:00:00,0.002983287,0.000361261,0.008100000,-0.000150912,0.008631918,0.352553828,276.454933625,76.429565615,31.329406381,69.780894050,-0.024525661,2021,10,289,2021,7,16,197
2021-07-17 12:00:00,0.002308679,0.000365397,-0.002700000,-0.000146914,0.003552464,0.352704744,276.807638369,197.650124220,29.760203713,-49.467359802,-0.023865703,2021,10,290,2021,7,17,198
2021-07-18 12:00:00,0.003036445,0.000367104,0.012100000,-0.000140911,0.012475175,0.352851660,277.160490029,197.241459399,28.585945210,75.912760267,-0.022881079,2021,10,291,2021,7,18,199
2021-07-19 12:00:00,0.003622154,0.000369147,-0.008300000,-0.000135245,0.009055937,0.352992573,277.513482602,353.659808254,27.612722351,-66.423346125,-0.021952171,2021,10,292,2021,7,19,200
2021-07-20 12:00:00,0.002469818,0.000373486,-0.008900000,-0.000126704,0.009236341,0.353127822,277.866610424,328.240519915,26.688622538,-74.490260166,-0.020557985,2021,10,293,2021,7,20,201
2021-07-21 12:00:00,0.005232590,0.000379883,-0.005500000,-0.000118522,0.007591443,0.353254533,278.219864957,225.000000000,25.524775867,-46.427268207,-0.019223492,2021,10,294,2021,7,21,202
2021-07-22 12:00:00,0.006228965,0.000386841,-0.004600000,-0.000118198,0.007743384,0.353373062,278.573238019,42.397437798,24.023048537,-36.445329939,-0.019164537,2021,10,295,2021,7,22,203
2021-07-23 12:00:00,0.001486607,0.000392323,0.015100000,-0.000122671,0.015173002,0.353491266,278.926729285,109.653824058,22.292544865,84.377304831,-0.019883199,2021,10,296,2021,7,23,204
2021-07-24 12:00:00,0.004522168,0.000396916,-0.010700000,-0.000122070,0.011616368,0.353613942,279.280343227,234.904183213,20.710690320,-67.089501294,-0.019778850,2021,10,297,2021,7,24,205
2021-07-25 12:00:00,0.006341136,0.000400696,-0.005400000,-0.000119304,0.008328865,0.353736016,279.634079243,52.045769125,19.626199800,-40.417134107,-0.019324070,2021,10,298,2021,7,25,206
2021-07-26 12:00:00,0.004049691,0.000406849,0.013700000,-0.000116584,0.014286007,0.353855327,279.987934570,327.094757077,19.234563972,73.532430855,-0.018877102,2021,10,299,2021,7,26,207
2021-07-27 12:00:00,0.002765863,0.000416491,0.002200000,-0.000110549,0.003534119,0.353971922,280.341906491,167.471192291,19.462445878,38.499149424,-0.017894008,2021,10,300,2021,7,27,208
2021-07-28 12:00:00,0.003959798,0.000427047,0.002800000,-0.000102871,0.004849742,0.354082483,280.695988974,315.000000000,19.996750984,35.264389683,-0.016646129,2021,10,301,2021,7,28,209
2021-07-29 12:00:00,0.004346263,0.000435646,-0.002400000,-0.000095871,0.004964877,0.354185365,281.050174339,23.025492009,20.740957656,-28.907416194,-0.015508776,2021,10,302,2021,7,29,210
2021-07-30 12:00:00,0.005852350,0.000440324,-0.008300000,-0.000087152,0.010155787,0.354281241,281.404455580,163.113208876,21.563502202,-54.812244240,-0.014094525,2021,10,303,2021,7,30,211
2021-07-31 12:00:00,0.005656854,0.000440130,-0.007600000,-0.000072931,0.009474175,0.354368393,281.758823973,278.130102354,22.439640403,-53.338844520,-0.011791849,2021,10,304,2021,7,31,212
2021-08-01 12:00:00,0.000600000,0.000435427,0.015400000,-0.000054224,0.015411684,0.354441318,282.113265291,90.000000000,23.412937354,87.768825392,-0.008765298,2021,11,305,2021,8,1,213
2021-08-02 12:00:00,0.008823831,0.000427113,-0.009600000,-0.000029178,0.013039172,0.354495532,282.467760823,66.630886837,24.641947525,-47.412359547,-0.004715902,2021,11,306,2021,8,2,214
2021-08-03 12:00:00,0.003785499,0.000415994,0.002400000,-0.000001420,0.004482187,0.354524696,282.822285519,257.799531273,26.095320599,32.374631047,-0.000229450,2021,11,307,2021,8,3,215
2021-08-04 12:00:00,0.006435060,0.000402325,-0.001500000,0.000020975,0.006607571,0.354526100,283.176811619,212.949215117,27.730689277,-13.121237053,0.003389804,2021,11,308,2021,8,4,216
2021-08-05 12:00:00,0.005748913,0.000386557,0.012700000,0.000030256,0.013940588,0.354505108,283.531316727,13.069317896,29.704004799,65.645149049,0.004889955,2021,11,309,2021,8,5,217
2021-08-06 12:00:00,0.003546830,0.000372739,-0.014000000,0.000020036,0.014442299,0.354474837,283.885791564,68.498565676,32.235587541,-75.783520043,0.003238582,2021,11,310,2021,8,6,218
2021-08-07 12:00:00,0.005001000,0.000363857,0.003700000,-0.000006588,0.006220932,0.354454792,284.240246356,258.465379346,35.283084317,36.495963069,-0.001064975,2021,11,311,2021,8,7,219
2021-08-08 12:00:00,0.002039608,0.000361341,-0.000400000,-0.000049464,0.002078461,0.354461378,284.594707734,78.690067526,38.819597841,-11.095803283,-0.007995450,2021,11,312,2021,8,8,220
2021-08-09 12:00:00,0.001166190,0.000365064,0.001200000,-0.000102757,0.001673320,0.354510845,284.949218579,30.963756532,42.697338804,45.818622539,-0.016607439,2021,11,313,2021,8,9,221
2021-08-10 12:00:00,0.001562050,0.000375320,-0.003300000,-0.000156226,0.003651027,0.354613613,285.303832192,230.194428908,46.670115347,-64.669537594,-0.025241859,2021,11,314,2021,8,10,222
2021-08-11 12:00:00,0.002102380,0.000393650,0.013200000,-0.000206604,0.013366376,0.354769859,285.658602050,272.726310994,50.383389279,80.950443564,-0.033366813,2021,11,315,2021,8,11,223
2021-08-12 12:00:00,0.001552417,0.000420556,-0.017200000,-0.000255848,0.017269916,0.354976493,286.013578544,194.931417178,53.612345661,-84.842638759,-0.041295695,2021,11,316,2021,8,12,224
2021-08-13 12:00:00,0.004338202,0.000456026,0.020100000,-0.000306013,0.020562831,0.355232385,286.368810929,334.025606038,56.040710745,77.820620403,-0.049357166,2021,11,317,2021,8,13,225
2021-08-14 12:00:00,0.001910497,0.000498013,-0.009200000,-0.000352783,0.009396276,0.355538454,286.724349383,173.990994043,57.557091069,-78.268539249,-0.056851714,2021,11,318,2021,8,14,226
2021-08-15 12:00:00,0.001788854,0.000544717,0.008700000,-0.000395597,0.008882004,0.355891305,287.080240688,116.565051177,58.494718746,78.381037546,-0.063688143,2021,11,319,2021,8,15,227
2021-08-16 12:00:00,0.001456022,0.000593096,-0.013700000,-0.000441639,0.013777155,0.356286979,287.436527667,344.054604099,58.978957876,-83.933435862,-0.071021541,2021,11,320,2021,8,16,228
2021-08-17 12:00:00,0.002220360,0.000641161,-0.001800000,-0.000492508,0.002858321,0.356728700,287.793256367,97.765166018,59.040945163,-39.030963884,-0.079103873,2021,11,321,2021,8,17,229
2021-08-18 12:00:00,0.003178050,0.000686767,0.007600000,-0.000548972,0.008237718,0.357221292,288.150477659,245.854458040,58.839529450,67.307052728,-0.088051227,2021,11,322,2021,8,18,230
2021-08-19 12:00:00,0.000100000,0.000729521,-0.009000000,-0.000607118,0.009000556,0.357770347,288.508248007,0.000000000,58.506639583,-89.363406424,-0.097228064,2021,11,323,2021,8,19,231
2021-08-20 12:00:00,0.003889730,0.000768453,0.006900000,-0.000664714,0.007920859,0.358377546,288.866625552,342.030860260,58.016507187,60.588783277,-0.106271473,2021,11,324,2021,8,20,232
2021-08-21 12:00:00,0.002343075,0.000803748,0.005500000,-0.000720468,0.005978294,0.359042335,289.225667887,129.805571092,57.434081678,66.925334990,-0.114971907,2021,11,325,2021,8,21,233
2021-08-22 12:00:00,0.001140175,0.000837004,-0.010800000,-0.000774844,0.010860018,0.359762877,289.585430764,195.255118703,56.876161109,-83.973504589,-0.123401699,2021,11,326,2021,8,22,234
2021-08-23 12:00:00,0.000921954,0.000870446,-0.006100000,-0.000825429,0.006169279,0.360537798,289.945968562,49.398705355,56.508882904,-81.405361114,-0.131175307,2021,11,327,2021,8,23,235
2021-08-24 12:00:00,0.005780138,0.000903181,-0.004500000,-0.000872574,0.007325299,0.361363305,290.307331868,307.266401901,56.175083748,-37.901759116,-0.138350599,2021,11,328,2021,8,24,236
2021-08-25 12:00:00,0.001476482,0.000935128,0.015000000,-0.000914922,0.015072491,0.362235957,290.669567825,208.300755766,55.687724339,84.378362158,-0.144715701,2021,11,329,2021,8,25,237
2021-08-26 12:00:00,0.002692582,0.000966380,-0.013100000,-0.000953309,0.013373855,0.363150958,291.032718783,291.801409486,55.195963668,-78.385149749,-0.150407584,2021,11,330,2021,8,26,238
2021-08-27 12:00:00,0.001200000,0.000998937,0.002400000,-0.000982229,0.002683282,0.364104352,291.396823135,180.000000000,54.817100090,63.434948823,-0.154564650,2021,11,331,2021,8,27,239
2021-08-28 12:00:00,0.001500000,0.001032192,0.002900000,-0.001002029,0.003264966,0.365086670,291.761909805,306.869897646,54.531023835,62.650124220,-0.157256102,2021,11,332,2021,8,28,240
2021-08-29 12:00:00,0.002941088,0.001067644,-0.007500000,-0.001016215,0.008056054,0.366088797,292.127998602,342.181111085,54.355703424,-68.587614758,-0.159045788,2021,11,333,2021,8,29,241
2021-08-30 12:00:00,0.002000000,0.001105340,-0.008500000,-0.001029549,0.008732125,0.367105119,292.495103720,270.000000000,54.377061461,-76.759480085,-0.160686709,2021,11,334,2021,8,30,242
2021-08-31 12:00:00,0.003052868,0.001142812,0.007700000,-0.001040618,0.008283115,0.368134778,292.863238498,328.392497754,54.509886661,68.372847556,-0.161959999,2021,11,335,2021,8,31,243
2021-09-01 12:00:00,0.000894427,0.001177062,-0.006300000,-0.001048617,0.006363175,0.369175499,293.232413996,63.434948823,54.680095430,-81.919572431,-0.162744860,2021,12,336,2021,9,1,244
2021-09-02 12:00:00,0.002256103,0.001206234,0.007800000,-0.001051517,0.008119729,0.370224204,293.602638200,282.804266065,54.824583128,73.867806900,-0.162732641,2021,12,337,2021,9,2,245
2021-09-03 12:00:00,0.004318565,0.001228959,-0.009200000,-0.001056024,0.010163169,0.371275790,293.973913991,354.685454330,54.863254148,-64.854207838,-0.162967242,2021,12,338,2021,9,3,246
2021-09-04 12:00:00,0.002507987,0.001245361,0.008300000,-0.001063648,0.008670640,0.372331863,294.346245853,203.498565676,54.726088329,73.186908382,-0.163678169,2021,12,339,2021,9,4,247
2021-09-05 12:00:00,0.004837355,0.001256494,-0.008300000,-0.001073549,0.009606768,0.373395542,294.719641395,277.125016349,54.449648334,-59.765776922,-0.164731247,2021,12,340,2021,9,5,248
2021-09-06 12:00:00,0.002334524,0.001262531,0.003500000,-0.001078844,0.004207137,0.374469105,295.094110500,99.865806943,54.068679378,56.296446089,-0.165069163,2021,12,341,2021,9,6,249
2021-09-07 12:00:00,0.002418677,0.001263353,-0.008900000,-0.001079794,0.009222798,0.375547946,295.469658445,97.125016349,53.583495352,-74.796397903,-0.164739869,2021,12,342,2021,9,7,250
2021-09-08 12:00:00,0.005508176,0.001259276,0.004900000,-0.001076872,0.007372245,0.376627720,295.846286165,285.802513954,53.044303223,41.655866857,-0.163823000,2021,12,343,2021,9,8,251
2021-09-09 12:00:00,0.002202272,0.001250520,0.004200000,-0.001072755,0.004742362,0.377704556,296.223990721,2.602562202,52.526363752,62.329713670,-0.162731481,2021,12,344,2021,9,9,252
2021-09-10 12:00:00,0.001835756,0.001237473,-0.003600000,-0.001071671,0.004041039,0.378777263,296.602767984,240.642246457,52.089420764,-62.981500612,-0.162106669,2021,12,345,2021,9,10,253
2021-09-11 12:00:00,0.001170470,0.001221575,-0.003500000,-0.001074694,0.003690528,0.379848877,296.982616861,70.016893478,51.689496872,-71.509034316,-0.162105289,2021,12,346,2021,9,11,254
2021-09-12 12:00:00,0.004177320,0.001203957,0.008900000,-0.001077287,0.009831582,0.380923509,297.363540370,317.910837826,51.327733887,64.856434616,-0.162038067,2021,12,347,2021,9,12,255
2021-09-13 12:00:00,0.001303840,0.001184918,-0.008300000,-0.001073477,0.008401786,0.382000732,297.745541102,147.528807709,51.080865796,-81.072409349,-0.161009554,2021,12,348,2021,9,13,256
2021-09-14 12:00:00,0.003465545,0.001164151,0.000600000,-0.001069810,0.003517101,0.383074140,298.128615241,316.169139328,50.875369547,9.822417744,-0.160009929,2021,12,349,2021,9,14,257
2021-09-15 12:00:00,0.001886796,0.001141521,-0.005900000,-0.001075093,0.006194352,0.384143877,298.512759118,212.005383208,50.650894611,-72.265933162,-0.160352329,2021,12,350,2021,9,15,258
2021-09-16 12:00:00,0.005003998,0.001118154,-0.003000000,-0.001085744,0.005834381,0.385218896,298.897978014,357.709389957,50.306622401,-30.943554454,-0.161489107,2021,12,351,2021,9,16,259
2021-09-17 12:00:00,0.007102816,0.001095091,-0.011200000,-0.001097851,0.013262353,0.386304570,299.284282584,215.256358713,49.874240198,-57.617945673,-0.162830893,2021,12,352,2021,9,17,260
2021-09-18 12:00:00,0.004263801,0.001072464,0.013600000,-0.001109047,0.014252719,0.387402353,299.671684937,39.289406862,49.476554395,72.593020463,-0.164025263,2021,12,353,2021,9,18,261
2021-09-19 12:00:00,0.003605551,0.001051110,0.000200000,-0.001114619,0.003611094,0.388511337,300.060196275,250.559965172,49.150259978,3.174944328,-0.164378902,2021,12,354,2021,9,19,262
2021-09-20 12:00:00,0.003047950,0.001030768,-0.003000000,-0.001113232,0.004276681,0.389625898,300.449822173,311.009086902,48.832868509,-44.545749799,-0.163704679,2021,12,355,2021,9,20,263
2021-09-21 12:00:00,0.005408327,0.001011048,-0.006400000,-0.001106467,0.008379141,0.390739075,300.840561248,19.440034828,48.465390818,-49.800482644,-0.162246309,2021,12,356,2021,9,21,264
2021-09-22 12:00:00,0.000500000,0.000991888,-0.000400000,-0.001096514,0.000640312,0.391845489,301.232406737,0.000000000,48.060499577,-38.659808254,-0.160332831,2021,12,357,2021,9,22,265
2021-09-23 12:00:00,0.002280351,0.000971168,-0.005700000,-0.001082260,0.006139218,0.392941948,301.625348684,254.744881297,47.692123960,-68.195550313,-0.157807072,2021,12,358,2021,9,23,266
2021-09-24 12:00:00,0.001140175,0.000947374,0.011800000,-0.001062882,0.011854957,0.394024147,302.019372831,15.255118703,47.435208342,84.480926772,-0.154555777,2021,12,359,2021,9,24,267
2021-09-25 12:00:00,0.002353720,0.000922040,-0.011400000,-0.001040959,0.011640447,0.395086965,302.414459796,77.735226272,47.265299837,-78.334250162,-0.150960770,2021,12,360,2021,9,25,268
2021-09-26 12:00:00,0.005675385,0.000895524,0.011000000,-0.001013078,0.012377803,0.396127861,302.810587657,255.718904264,47.063399365,62.708793950,-0.146531369,2021,12,361,2021,9,26,269
2021-09-27 12:00:00,0.002061553,0.000868365,-0.015000000,-0.000978957,0.015141004,0.397140876,303.207728533,67.166345822,46.886564038,-82.174474375,-0.141234982,2021,12,362,2021,9,27,270
2021-09-28 12:00:00,0.001788854,0.000839649,0.004000000,-0.000939665,0.004381780,0.398119769,303.605848302,296.565051177,46.772232289,65.905157448,-0.135232870,2021,12,363,2021,9,28,271
2021-09-29 12:00:00,0.002469818,0.000807676,-0.001100000,-0.000899088,0.002703701,0.399059366,304.004907668,31.759480085,46.688213113,-24.007090703,-0.129088512,2021,12,364,2021,9,29,272
2021-09-30 12:00:00,0.001811077,0.000772301,-0.002100000,-0.000860581,0.002773085,0.399958382,304.404866050,263.659808254,46.604002993,-49.224936498,-0.123282070,2021,12,365,2021,9,30,273
2021-10-01 12:00:00,0.005140039,0.000733785,0.012000000,-0.000825986,0.013054501,0.400818889,304.805684939,217.092837297,46.482709379,66.812778511,-0.118072112,2022,1,1,2021,10,1,274
2021-10-02 12:00:00,0.010324728,0.000693795,-0.015700000,-0.000793193,0.018790689,0.401644803,305.207329742,21.595310449,46.252771550,-56.670041750,-0.113151269,2022,1,2,2021,10,2,275
2021-10-03 12:00:00,0.007253275,0.000653284,-0.005300000,-0.000762511,0.008983318,0.402437926,305.609767668,164.814162738,45.905029813,-36.155763698,-0.108560124,2022,1,3,2021,10,3,276
2021-10-04 12:00:00,0.007119691,0.000613853,0.008200000,-0.000733348,0.010859558,0.403200375,306.012968043,330.554571270,45.589695868,49.033687854,-0.104210591,2022,1,4,2021,10,4,277
2021-10-05 12:00:00,0.003807887,0.000575639,0.004600000,-0.000703983,0.005971599,0.403933665,306.416901708,203.198590514,45.438060228,50.381993956,-0.099856249,2022,1,5,2021,10,5,278
2021-10-06 12:00:00,0.002080865,0.000539226,-0.004500000,-0.000673015,0.004957822,0.404637598,306.821539306,215.217592968,45.531828520,-65.183494830,-0.095297476,2022,1,6,2021,10,6,279
2021-10-07 12:00:00,0.004167733,0.000505886,-0.001900000,-0.000638131,0.004580393,0.405310569,307.226849875,329.743562836,45.808812166,-24.507450574,-0.090207996,2022,1,7,2021,10,7,280
2021-10-08 12:00:00,0.001843909,0.000477076,-0.001800000,-0.000601609,0.002576820,0.405948665,307.632798540,77.471192291,45.921805326,-44.309622583,-0.084911358,2022,1,8,2021,10,8,281
2021-10-09 12:00:00,0.001264911,0.000453935,0.004900000,-0.000568904,0.005060632,0.406550247,308.039348787,18.434948823,45.821591054,75.525376345,-0.080176580,2022,1,9,2021,10,9,282
2021-10-10 12:00:00,0.000921954,0.000435703,-0.008900000,-0.000541655,0.008947625,0.407119131,308.446467918,257.471192291,45.364167039,-84.085802839,-0.076229659,2022,1,10,2021,10,10,283
2021-10-11 12:00:00,0.002102380,0.000420270,0.010300000,-0.000518980,0.010512374,0.407660769,308.854128687,177.273689006,44.649158733,78.463570137,-0.072941431,2022,1,11,2021,10,11,284
2021-10-12 12:00:00,0.001019804,0.000405613,-0.006900000,-0.000498758,0.006974955,0.408179734,309.262308421,78.690067526,43.750406864,-81.592681792,-0.070010216,2022,1,12,2021,10,12,285
2021-10-13 12:00:00,0.005292447,0.000391727,-0.005300000,-0.000478757,0.007489993,0.408678478,309.670986900,292.203478532,42.488011548,-45.040852620,-0.067120588,2022,1,13,2021,10,13,286
2021-10-14 12:00:00,0.002624881,0.000379238,0.007500000,-0.000450409,0.007946068,0.409157223,310.080144123,40.364536573,40.736855404,70.710764010,-0.063072434,2022,1,14,2021,10,14,287
2021-10-15 12:00:00,0.002302173,0.000369642,-0.004200000,-0.000410036,0.004789572,0.409607623,310.489751746,182.489552922,38.451323580,-61.271248747,-0.057355692,2022,1,15,2021,10,15,288
2021-10-16 12:00:00,0.001303840,0.000364745,-0.001500000,-0.000358749,0.001987461,0.410017654,310.899769400,184.398705355,35.557076406,-49.001950008,-0.050131482,2022,1,16,2021,10,16,289
2021-10-17 12:00:00,0.000860233,0.000365039,-0.000400000,-0.000297220,0.000948683,0.410376403,311.310145804,54.462322208,32.044850558,-24.937982703,-0.041497217,2022,1,17,2021,10,17,290
2021-10-18 12:00:00,0.002184033,0.000368814,0.001500000,-0.000215687,0.002649528,0.410673627,311.720819431,15.945395901,28.566254285,34.481389372,-0.030091913,2022,1,18,2021,10,18,291
2021-10-19 12:00:00,0.004159327,0.000371519,-0.007300000,-0.000111658,0.008401786,0.410889316,312.131708747,152.818888915,25.693996706,-60.326772466,-0.015569935,2022,1,19,2021,10,19,292
2021-10-20 12:00:00,0.006312686,0.000369411,0.009000000,0.000008699,0.010993180,0.411000972,312.542709719,3.632950739,23.817672507,54.953814814,0.001212666,2022,1,20,2021,10,20,293
2021-10-21 12:00:00,0.002061553,0.000359848,0.003500000,0.000129883,0.004062019,0.410992265,312.953701984,247.166345822,22.979096400,59.501273013,0.018106819,2022,1,21,2021,10,21,294
2021-10-22 12:00:00,0.002828427,0.000343958,-0.007700000,0.000231349,0.008203048,0.410862368,313.364564352,225.000000000,23.007873356,-69.830292690,0.032262166,2022,1,22,2021,10,22,295
2021-10-23 12:00:00,0.003700000,0.000323508,0.002500000,0.000303616,0.004465423,0.410631003,313.775195355,161.075355584,24.265419710,34.045937357,0.042363898,2022,1,23,2021,10,23,296
2021-10-24 12:00:00,0.001019804,0.000303600,-0.005700000,0.000344269,0.005790509,0.410327371,314.185522727,348.690067526,26.468996744,-79.856365564,0.048071745,2022,1,24,2021,10,24,297
2021-10-25 12:00:00,0.005346027,0.000289160,0.007100000,0.000363043,0.008887632,0.409983092,314.595505819,352.476179561,28.977645773,53.021660961,0.050735853,2022,1,25,2021,10,25,298
2021-10-26 12:00:00,0.001780449,0.000282507,-0.008400000,0.000375995,0.008586617,0.409620045,315.005125863,141.842773413,31.021425410,-78.032802327,0.052592508,2022,1,26,2021,10,26,299
2021-10-27 12:00:00,0.002002498,0.000282139,0.005900000,0.000388698,0.006230570,0.409244049,315.414369913,267.137594774,32.669803257,71.252452906,0.054419255,2022,1,27,2021,10,27,300
2021-10-28 12:00:00,0.010300485,0.000283685,-0.002200000,0.000403590,0.010532806,0.408855352,315.823225265,0.556252227,34.449988746,-12.056210966,0.056557911,2022,1,28,2021,10,28,301
2021-10-29 12:00:00,0.003824265,0.000285479,-0.003100000,0.000437989,0.004922906,0.408451764,316.231677029,138.179830120,38.107901465,-39.028686438,0.061439170,2022,1,29,2021,10,29,302
2021-10-30 12:00:00,0.003824265,0.000285479,-0.003100000,0.000437989,0.004922906,0.408013775,316.639690803,138.179830120,38.107901465,-39.028686438,0.061505123,2022,1,30,2021,10,30,303
2021-10-31 12:00:00,0.004254409,0.000287351,-0.016700000,0.000485610,0.017233398,0.407575787,317.047266590,293.552263673,42.408293402,-75.707626188,0.068265547,2022,1,31,2021,10,31,304
2021-11-01 12:00:00,0.003956008,0.000289155,0.037700000,0.000519821,0.037906991,0.407090179,317.454356769,343.855661220,45.217139166,84.009652940,0.073162059,2022,2,32,2021,11,1,305
2021-11-02 12:00:00,0.001969772,0.000289683,0.002500000,0.000553625,0.003182766,0.406570358,317.860927127,156.037511025,47.800893439,51.765120086,0.078019430,2022,2,33,2021,11,2,306
2021-11-03 12:00:00,0.004632494,0.000286127,0.016100000,0.000588591,0.016753209,0.406016731,318.266943858,103.736268306,50.200858952,73.947750977,0.083060147,2022,2,34,2021,11,3,307
2021-11-04 12:00:00,0.006705222,0.000277606,0.000200000,0.000616933,0.006708204,0.405428134,318.672371992,252.645975364,52.716988025,1.708483277,0.087185990,2022,2,35,2021,11,4,308
2021-11-05 12:00:00,0.002220360,0.000264807,-0.019300000,0.000637121,0.019427300,0.404811193,319.077183184,187.765166018,55.369810486,-83.437282890,0.090176287,2022,2,36,2021,11,5,309
2021-11-06 12:00:00,0.001204159,0.000249889,0.002000000,0.000651256,0.002334524,0.404174062,319.481357246,138.366460663,58.006052611,58.948706434,0.092322141,2022,2,37,2021,11,6,310
2021-11-07 12:00:00,0.002080865,0.000233899,-0.002000000,0.000659100,0.002886174,0.403522797,319.884880043,324.782407032,60.916058025,-43.864792534,0.093584917,2022,2,38,2021,11,7,311
2021-11-08 12:00:00,0.003101612,0.000217932,-0.003000000,0.000659889,0.004315090,0.402863688,320.287743732,181.847610266,64.680102257,-44.045919687,0.093850353,2022,2,39,2021,11,8,312
2021-11-09 12:00:00,0.003827532,0.000204308,-0.004800000,0.000651723,0.006139218,0.402203792,320.689947524,19.855214369,69.376703145,-51.431055385,0.092841049,2022,2,40,2021,11,9,313
2021-11-10 12:00:00,0.004686150,0.000193172,0.004200000,0.000621976,0.006292853,0.401552063,321.091499587,219.805571092,74.631426281,41.868543437,0.088747177,2022,2,41,2021,11,10,314
2021-11-11 12:00:00,0.003275668,0.000183885,-0.003400000,0.000570911,0.004721229,0.400930083,321.492429670,31.263731694,78.629018636,-46.066991780,0.081587331,2022,2,42,2021,11,11,315
2021-11-12 12:00:00,0.002915476,0.000174331,0.007400000,0.000508366,0.007953616,0.400359167,321.892788837,337.833654178,79.001832242,68.496391195,0.072752742,2022,2,43,2021,11,12,316
2021-11-13 12:00:00,0.012288613,0.000164831,0.013600000,0.000443222,0.018329484,0.399850797,322.292639634,304.724641835,74.486166191,47.899838512,0.063510579,2022,2,44,2021,11,13,317
2021-11-14 12:00:00,0.010960383,0.000158242,-0.013700000,0.000386400,0.017544800,0.399407573,322.692047207,135.369645062,65.048487857,-51.339214546,0.055429781,2022,2,45,2021,11,14,318
2021-11-15 12:00:00,0.003758989,0.000157941,0.000400000,0.000344800,0.003780212,0.399021173,323.091068380,151.389540334,53.006667953,6.074077057,0.049510147,2022,2,46,2021,11,15,319
2021-11-16 12:00:00,0.001264911,0.000164205,0.003100000,0.000322124,0.003348134,0.398676375,323.489744756,198.434948823,41.808761947,67.802780694,0.046293991,2022,2,47,2021,11,16,320
2021-11-17 12:00:00,0.001414214,0.000172893,0.008000000,0.000313009,0.008124038,0.398354256,323.888099011,8.130102354,33.186827264,79.975012138,0.045020414,2022,2,48,2021,11,17,321
2021-11-18 12:00:00,0.001476482,0.000179942,-0.008800000,0.000312672,0.008923004,0.398041250,324.286140261,298.300755766,27.502551831,-80.475507828,0.045007317,2022,2,49,2021,11,18,322
2021-11-19 12:00:00,0.002000000,0.000183254,0.002800000,0.000318680,0.003440930,0.397728580,324.683868841,143.130102354,24.032992997,54.462322208,0.045908314,2022,2,50,2021,11,19,323
2021-11-20 12:00:00,0.000500000,0.000182347,-0.005400000,0.000333698,0.005423099,0.397409899,325.081278740,90.000000000,22.465759452,-84.709918795,0.048110255,2022,2,51,2021,11,20,324
2021-11-21 12:00:00,0.000538516,0.000179517,0.009600000,0.000351768,0.009615092,0.397076200,325.478354940,68.198590514,22.168125701,86.789331357,0.050758057,2022,2,52,2021,11,21,325
2021-11-22 12:00:00,0.003640055,0.000178498,-0.010100000,0.000366590,0.010735921,0.396724432,325.875079372,200.924501745,21.972003917,-70.180762326,0.052943736,2022,2,53,2021,11,22,326
2021-11-23 12:00:00,0.004237924,0.000179381,-0.002600000,0.000373997,0.004971921,0.396357842,326.271437214,19.290046219,21.549088099,-31.529445906,0.054063345,2022,2,54,2021,11,23,327
2021-11-24 12:00:00,0.005748913,0.000181461,0.005700000,0.000372344,0.008095678,0.395983846,326.667421060,346.930682104,20.933069619,44.755217982,0.053875297,2022,2,55,2021,11,24,328
2021-11-25 12:00:00,0.000761577,0.000186514,-0.000900000,0.000362368,0.001178983,0.395611505,327.063032564,156.801409486,20.233616156,-49.762200439,0.052481144,2022,2,56,2021,11,25,329
2021-11-26 12:00:00,0.002088061,0.000195861,0.003600000,0.000340310,0.004161730,0.395249141,327.458281706,163.300755766,19.611493141,59.885536797,0.049331737,2022,2,57,2021,11,26,330
2021-11-27 12:00:00,0.004455334,0.000208954,0.011400000,0.000309112,0.012239690,0.394908838,327.853190544,350.960517197,19.430060244,68.653509346,0.044847924,2022,2,58,2021,11,27,331
2021-11-28 12:00:00,0.002607681,0.000225061,-0.016000000,0.000274300,0.016211107,0.394599735,328.247790279,85.601294645,19.601649388,-80.743318005,0.039828354,2022,2,59,2021,11,28,332
2021-11-29 12:00:00,0.003640055,0.000243279,0.022400000,0.000239484,0.022693832,0.394325445,328.642115724,142.815293547,19.680119340,80.769976832,0.034797168,2022,2,60,2021,11,29,333
2021-11-30 12:00:00,0.004427189,0.000261249,-0.014300000,0.000207544,0.014969636,0.394085973,329.036201696,341.565051177,19.614865258,-72.797808861,0.030174600,2022,2,61,2021,11,30,334
2021-12-01 12:00:00,0.004360046,0.000276071,-0.008800000,0.000174678,0.009820896,0.393878439,329.430080136,216.607074813,19.496525835,-63.643435896,0.025409589,2022,3,62,2021,12,1,335
2021-12-02 12:00:00,0.002657066,0.000284105,0.004900000,0.000140309,0.005574047,0.393703767,329.823783903,19.798876355,19.750974801,61.530865967,0.020419233,2022,3,63,2021,12,2,336
2021-12-03 12:00:00,0.002701851,0.000283484,0.007100000,0.000104001,0.007596710,0.393563458,330.217347360,182.121096397,20.572058368,69.166056714,0.015140701,2022,3,64,2021,12,3,337
2021-12-04 12:00:00,0.004118252,0.000275748,-0.005600000,0.000066944,0.006951259,0.393459451,330.610806811,240.945395901,22.171392847,-53.669156512,0.009748389,2022,3,65,2021,12,4,338
2021-12-05 12:00:00,0.002701851,0.000262210,-0.004400000,0.000031478,0.005163332,0.393392498,331.004199309,38.990994043,24.640108908,-58.447699390,0.004584552,2022,3,66,2021,12,5,339
2021-12-06 12:00:00,0.003047950,0.000247228,0.004500000,-0.000004720,0.005435071,0.393361011,331.397560320,221.009086902,27.732546477,55.889340809,-0.000687479,2022,3,67,2021,12,6,340
2021-12-07 12:00:00,0.001612452,0.000233648,0.004600000,-0.000044656,0.004874423,0.393365722,331.790926043,97.125016349,31.290637950,70.682755156,-0.006504399,2022,3,68,2021,12,7,341
2021-12-08 12:00:00,0.001414214,0.000222976,0.004600000,-0.000093266,0.004812484,0.393410372,332.184336415,315.000000000,35.103424437,72.910596650,-0.013583160,2022,3,69,2021,12,8,342
2021-12-09 12:00:00,0.000905539,0.000217763,-0.002000000,-0.000146893,0.002195450,0.393503635,332.577840050,353.659808254,38.482484084,-65.640444124,-0.021388256,2022,3,70,2021,12,9,343
2021-12-10 12:00:00,0.004205948,0.000218947,-0.004500000,-0.000199031,0.006159545,0.393650529,332.971490580,28.393019421,40.688255831,-46.934485037,-0.028969006,2022,3,71,2021,12,10,344
2021-12-11 12:00:00,0.002059126,0.000223512,0.000900000,-0.000247427,0.002247221,0.393849563,333.365340143,209.054604099,41.570280666,23.609110928,-0.035994747,2022,3,72,2021,12,11,345
2021-12-12 12:00:00,0.004753946,0.000230445,-0.003700000,-0.000297596,0.006024118,0.394096994,333.759437137,247.750976343,41.350720425,-37.893652411,-0.043266028,2022,3,73,2021,12,12,346
2021-12-13 12:00:00,0.004263801,0.000240504,0.008000000,-0.000348502,0.009065319,0.394394596,334.153831733,39.289406863,39.791216042,61.943493522,-0.050628683,2022,3,74,2021,12,13,347
2021-12-14 12:00:00,0.000707107,0.000252168,-0.018600000,-0.000400532,0.018613436,0.394743105,334.548574838,8.130102354,36.903156719,-87.822863798,-0.058136028,2022,3,75,2021,12,14,348
2021-12-15 12:00:00,0.002607681,0.000263426,0.011600000,-0.000452374,0.011889491,0.395143644,334.943718483,212.471192291,32.973687318,77.330519441,-0.065594180,2022,3,76,2021,12,15,349
2021-12-16 12:00:00,0.002109502,0.000273767,0.000200000,-0.000495799,0.002118962,0.395596025,335.339314508,354.559667969,28.411314913,5.415971951,-0.071808558,2022,3,77,2021,12,16,350
2021-12-17 12:00:00,0.008681590,0.000283063,-0.004000000,-0.000530543,0.009558766,0.396091830,335.735406338,24.498574191,23.666230456,-24.737655980,-0.076744538,2022,3,78,2021,12,17,351
2021-12-18 12:00:00,0.004716991,0.000291810,0.001200000,-0.000564896,0.004867237,0.396622380,336.132028718,184.864514438,18.911309113,14.273241278,-0.081604462,2022,3,79,2021,12,18,352
2021-12-19 12:00:00,0.005922837,0.000301127,-0.014300000,-0.000597315,0.015478049,0.397187282,336.529216000,191.689369175,14.512094561,-67.501425387,-0.086165018,2022,3,80,2021,12,19,353
2021-12-20 12:00:00,0.001208305,0.000309536,0.010600000,-0.000624642,0.010668646,0.397784604,336.927000604,335.556045220,10.680042461,83.496866994,-0.089971662,2022,3,81,2021,12,20,354
2021-12-21 12:00:00,0.000860233,0.000315142,0.001400000,-0.000638767,0.001643168,0.398409249,337.325409853,144.462322208,7.641532452,58.431279529,-0.091862055,2022,3,82,2021,12,21,355
2021-12-22 12:00:00,0.003178050,0.000317328,0.003600000,-0.000636558,0.004802083,0.399048018,337.724457872,347.275644315,5.427216750,48.562206471,-0.091397770,2022,3,83,2021,12,22,356
2021-12-23 12:00:00,0.001726268,0.000315700,-0.004800000,-0.000627052,0.005100980,0.399684575,338.124142447,190.007979801,4.021380159,-70.219431702,-0.089889573,2022,3,84,2021,12,23,357
2021-12-24 12:00:00,0.002863564,0.000313130,-0.004400000,-0.000610961,0.005249762,0.400311625,338.524454072,24.775140569,3.139785879,-56.943517209,-0.087445620,2022,3,85,2021,12,24,358
2021-12-25 12:00:00,0.001264911,0.000311389,0.004000000,-0.000586565,0.004195235,0.400922585,338.925376656,251.565051177,2.831654102,72.451599386,-0.083825975,2022,3,86,2021,12,25,359
2021-12-26 12:00:00,0.001166190,0.000308297,-0.014600000,-0.000558070,0.014646501,0.401509147,339.326885804,210.963756532,3.285823502,-85.433135268,-0.079637177,2022,3,87,2021,12,26,360
2021-12-27 12:00:00,0.007117584,0.000303879,0.009600000,-0.000535695,0.011950732,0.402067214,339.728953017,355.971736334,4.482016529,53.446208238,-0.076338146,2022,3,88,2021,12,27,361
2021-12-28 12:00:00,0.002408319,0.000298852,0.010800000,-0.000523741,0.011065261,0.402602905,340.131555922,184.763641691,6.346595385,77.429142796,-0.074535350,2022,3,89,2021,12,28,362
2021-12-29 12:00:00,0.008472308,0.000292422,0.013800000,-0.000516475,0.016193208,0.403126640,340.534682562,149.500166767,8.827351685,58.452765113,-0.073405859,2022,3,90,2021,12,29,363
2021-12-30 12:00:00,0.005015974,0.000283884,-0.030000000,-0.000511120,0.030416443,0.403643109,340.938325672,293.498565676,11.843175046,-80.507995913,-0.072551737,2022,3,91,2021,12,30,364
2021-12-31 12:00:00,0.007816009,0.000274575,-0.001900000,-0.000509485,0.008043631,0.404154223,341.342479894,356.332211944,15.396861034,-13.663060878,-0.072228241,2022,3,92,2021,12,31,365
2022-01-01 12:00:00,0.007009280,0.000268214,-0.004500000,-0.000506480,0.008329466,0.404663703,341.747143597,42.108730404,18.842260324,-32.700709062,-0.071711836,2022,4,93,2022,1,1,1
2022-01-02 12:00:00,0.008558621,0.000264595,0.007400000,-0.000498918,0.011314150,0.405170181,342.152313778,186.709836808,21.517975685,40.847520625,-0.070552846,2022,4,94,2022,1,2,2
2022-01-03 12:00:00,0.002886174,0.000261095,0.019200000,-0.000488957,0.019415715,0.405669097,342.557982875,104.036243468,23.632230058,81.451216670,-0.069059238,2022,4,95,2022,1,3,3
2022-01-04 12:00:00,0.004785394,0.000257844,-0.009000000,-0.000474859,0.010193135,0.406158052,342.964140926,259.159694546,25.160685447,-61.999952550,-0.066987237,2022,4,96,2022,1,4,4
2022-01-05 12:00:00,0.006307139,0.000255042,-0.018800000,-0.000462529,0.019829776,0.406632909,343.370773835,25.346175942,26.166131245,-71.454112600,-0.065171677,2022,4,97,2022,1,5,5
2022-01-06 12:00:00,0.002220360,0.000252334,0.006400000,-0.000455363,0.006774216,0.407095435,343.777869270,277.765166018,26.921063070,70.866739005,-0.064089098,2022,4,98,2022,1,6,6
2022-01-07 12:00:00,0.003498571,0.000249565,0.010300000,-0.000448346,0.010877959,0.407550797,344.185420067,149.036243468,27.804255814,71.239065793,-0.063030952,2022,4,99,2022,1,7,7
2022-01-08 12:00:00,0.002617250,0.000246267,-0.005900000,-0.000436352,0.006454456,0.407999140,344.593419207,263.418055345,28.652437576,-66.077841147,-0.061277374,2022,4,100,2022,1,8,8
2022-01-09 12:00:00,0.001300000,0.000243338,0.004500000,-0.000411243,0.004684015,0.408435490,345.001854697,22.619864948,29.125650270,73.886581767,-0.057689630,2022,4,101,2022,1,9,9
2022-01-10 12:00:00,0.001486607,0.000239691,-0.016000000,-0.000375475,0.016068914,0.408846731,345.410701428,199.653824058,29.341917192,-84.691721386,-0.052619011,2022,4,102,2022,1,10,10
2022-01-11 12:00:00,0.005660389,0.000235447,0.015200000,-0.000334502,0.016219741,0.409222203,345.819923630,32.005383208,29.424380227,69.574971576,-0.046834053,2022,4,103,2022,1,11,11
2022-01-12 12:00:00,0.006648308,0.000231376,-0.003900000,-0.000293505,0.007707788,0.409556702,346.229480332,291.161259817,29.338305059,-30.396543126,-0.041060428,2022,4,104,2022,1,12,12
2022-01-13 12:00:00,0.008807383,0.000228526,-0.004900000,-0.000250370,0.010078690,0.409850205,346.639330537,167.541753560,28.937126802,-29.089436432,-0.035000895,2022,4,105,2022,1,13,13
2022-01-14 12:00:00,0.000806226,0.000225949,-0.007300000,-0.000207119,0.007344386,0.410100573,347.049431110,262.874983651,28.204724646,-83.697687144,-0.028936920,2022,4,106,2022,1,14,14
2022-01-15 12:00:00,0.001910497,0.000221818,-0.004000000,-0.000165027,0.004432832,0.410307690,347.459738800,47.121096397,27.008010543,-64.469724019,-0.023044537,2022,4,107,2022,1,15,15
2022-01-16 12:00:00,0.003140064,0.000215435,0.016000000,-0.000118746,0.016305214,0.410472713,347.870211514,232.765166018,25.319395720,78.896591455,-0.016575143,2022,4,108,2022,1,16,16
2022-01-17 12:00:00,0.002549510,0.000205166,-0.000900000,-0.000075072,0.002703701,0.410591454,348.280802968,48.179830120,23.777801149,-19.443492511,-0.010475877,2022,4,109,2022,1,17,17
2022-01-18 12:00:00,0.001702939,0.000193344,-0.013700000,-0.000041070,0.013805434,0.410666520,348.691469488,319.763641691,22.388473454,-82.914359121,-0.005730090,2022,4,110,2022,1,18,18
2022-01-19 12:00:00,0.003405877,0.000184845,0.014700000,-0.000011922,0.015089400,0.410707587,349.102177075,3.366460663,20.739310532,76.955177801,-0.001663116,2022,4,111,2022,1,19,19
2022-01-20 12:00:00,0.001204159,0.000179541,-0.001300000,0.000016594,0.001772005,0.410719506,349.512896581,138.366460663,18.929098604,-47.191785244,0.002314828,2022,4,112,2022,1,20,20
2022-01-21 12:00:00,0.005147815,0.000176123,-0.008600000,0.000041148,0.010022974,0.410702911,349.923599491,204.075498255,17.465049383,-59.095971704,0.005740473,2022,4,113,2022,1,21,21
2022-01-22 12:00:00,0.005360037,0.000175871,0.000400000,0.000057643,0.005374942,0.410661762,350.334261254,14.036243468,16.936114007,4.267863700,0.008042420,2022,4,114,2022,1,22,22
2022-01-23 12:00:00,0.002842534,0.000178721,0.002200000,0.000066302,0.003594440,0.410604120,350.744865374,219.289406862,17.248275926,37.738341066,0.009251735,2022,4,115,2022,1,23,23
2022-01-24 12:00:00,0.002000000,0.000184678,-0.007300000,0.000069956,0.007569016,0.410537821,351.155403195,36.869897646,17.834475026,-74.678489925,0.009763316,2022,4,116,2022,1,24,24
2022-01-25 12:00:00,0.002596151,0.000193077,0.006800000,0.000074633,0.007278736,0.410467869,351.565871064,15.642246457,18.430801193,69.103798219,0.010417742,2022,4,117,2022,1,25,25
2022-01-26 12:00:00,0.003201562,0.000200897,-0.002700000,0.000085965,0.004188078,0.410393240,351.976264304,51.340191746,19.281672830,-40.142218182,0.012001788,2022,4,118,2022,1,26,26
2022-01-27 12:00:00,0.003014963,0.000206995,0.014900000,0.000104238,0.015201974,0.410307277,352.386571581,174.289406863,20.385206596,78.560853056,0.014555973,2022,4,119,2022,1,27,27
2022-01-28 12:00:00,0.003901282,0.000211335,0.004000000,0.000126909,0.005587486,0.410203041,352.796774622,181.468800714,21.807679821,45.715812919,0.017726244,2022,4,120,2022,1,28,28
2022-01-29 12:00:00,0.002418677,0.000215036,-0.001600000,0.000151823,0.002900000,0.410076134,353.206850756,352.874983651,23.341042708,-33.485376623,0.021212696,2022,4,121,2022,1,29,29
2022-01-30 12:00:00,0.002692582,0.000218817,-0.015600000,0.000173364,0.015830666,0.409924313,353.616775069,328.671307132,24.971674033,-80.207152511,0.024231342,2022,4,122,2022,1,30,30
2022-01-31 12:00:00,0.002051828,0.000221475,0.018300000,0.000189579,0.018414668,0.409750951,354.026526020,46.974934011,26.970955761,83.602614114,0.026509021,2022,4,123,2022,1,31,31
2022-02-01 12:00:00,0.001140175,0.000221234,0.012300000,0.000195061,0.012352732,0.409561371,354.436087391,52.125016349,29.401528307,84.703976860,0.027288092,2022,5,124,2022,2,1,32
2022-02-02 12:00:00,0.005481788,0.000217426,0.001700000,0.000192191,0.005739338,0.409366308,354.845453699,194.796762245,32.069900548,17.229593258,0.026899448,2022,5,125,2022,2,2,33
2022-02-03 12:00:00,0.003622154,0.000211318,-0.020300000,0.000185386,0.020620621,0.409174114,355.254627814,353.659808254,35.117818948,-79.883112852,0.025959188,2022,5,126,2022,2,3,34
2022-02-04 12:00:00,0.007111259,0.000205006,-0.008400000,0.000176077,0.011005908,0.408988725,355.663616539,205.844387555,38.881142335,-49.749468498,0.024666846,2022,5,127,2022,2,4,35
2022-02-05 12:00:00,0.001303840,0.000200948,-0.003000000,0.000160495,0.003271085,0.408812647,356.072429186,85.601294645,43.286000758,-66.509583931,0.022493630,2022,5,128,2022,2,5,36
2022-02-06 12:00:00,0.008612781,0.000200566,0.006600000,0.000133562,0.010850806,0.408652151,356.481081337,15.488501443,47.435518887,37.463053856,0.018726322,2022,5,129,2022,2,6,37
2022-02-07 12:00:00,0.011315918,0.000205211,0.001700000,0.000094697,0.011442902,0.408518592,356.889599929,205.659264517,50.783042948,8.543700956,0.013281533,2022,5,130,2022,2,7,38
2022-02-08 12:00:00,0.008612201,0.000214062,-0.002700000,0.000047313,0.009025519,0.408423899,357.298023827,12.745289473,53.209665886,-17.406662955,0.006637348,2022,5,131,2022,2,8,39
2022-02-09 12:00:00,0.001208305,0.000225656,-0.002600000,-0.000012251,0.002867054,0.408376592,357.706400419,245.556045220,54.589843133,-65.074173666,-0.001718799,2022,5,132,2022,2,9,40
2022-02-10 12:00:00,0.001612452,0.000239126,0.005000000,-0.000079051,0.005253570,0.408388850,358.114789269,209.744881297,54.866228883,72.125991530,-0.011090598,2022,5,133,2022,2,10,41
2022-02-11 12:00:00,0.002785678,0.000252345,-0.001200000,-0.000143981,0.003033150,0.408467909,358.523257178,21.037511025,53.938658996,-23.305164288,-0.020196256,2022,5,134,2022,2,11,42
2022-02-12 12:00:00,0.001486607,0.000263330,0.001100000,-0.000201548,0.001849324,0.408611897,358.931869076,312.273689006,51.930814489,36.499222434,-0.028261128,2022,5,135,2022,2,12,43
2022-02-13 12:00:00,0.002501999,0.000271322,-0.005200000,-0.000248248,0.005770615,0.408813450,359.340682526,177.709389957,48.923612912,-64.305294606,-0.034792250,2022,5,136,2022,2,13,44
2022-02-14 12:00:00,0.001208305,0.000275533,0.006400000,-0.000282271,0.006513064,0.409061700,359.749744226,335.556045220,45.571485305,79.308539996,-0.039536604,2022,5,137,2022,2,14,45
2022-02-15 12:00:00,0.001334166,0.000275967,0.000300000,-0.000305461,0.001367479,0.409343971,360.159088197,192.994616792,42.205514984,12.672721466,-0.042755286,2022,5,138,2022,2,15,46
2022-02-16 12:00:00,0.004669047,0.000274477,0.001100000,-0.000322608,0.004796874,0.409649431,360.568737628,313.264295411,38.510781309,13.256805727,-0.045121714,2022,5,139,2022,2,16,47
2022-02-17 12:00:00,0.004981967,0.000273907,-0.006400000,-0.000339297,0.008110487,0.409972039,360.978709667,79.592288688,33.960566060,-52.101653274,-0.047418559,2022,5,140,2022,2,17,48
2022-02-18 12:00:00,0.003534119,0.000275624,0.000400000,-0.000359645,0.003556684,0.410311337,361.389021003,205.114834886,28.566994198,6.457391913,-0.050220790,2022,5,141,2022,2,18,49
2022-02-19 12:00:00,0.002920616,0.000277013,-0.001500000,-0.000379691,0.003283291,0.410670983,361.799691986,51.952957468,23.004129868,-27.184588748,-0.052973568,2022,5,142,2022,2,19,50
2022-02-20 12:00:00,0.000921954,0.000275632,0.004900000,-0.000397358,0.004985980,0.411050673,362.210742659,229.398705355,17.798509532,79.344151934,-0.055387233,2022,5,143,2022,2,20,51
2022-02-21 12:00:00,0.004809366,0.000271347,-0.003300000,-0.000418151,0.005832667,0.411448028,362.622190687,176.423665625,13.188780885,-34.456400477,-0.058229224,2022,5,144,2022,2,21,52
2022-02-22 12:00:00,0.002884441,0.000265656,-0.003200000,-0.000440641,0.004308132,0.411866176,363.034056863,303.690067526,9.211401455,-47.968886226,-0.061298710,2022,5,145,2022,2,22,53
2022-02-23 12:00:00,0.003501428,0.000261507,-0.000100000,-0.000467811,0.003502856,0.412306814,363.446363676,358.363422958,5.702660802,-1.635909823,-0.065008941,2022,5,146,2022,2,23,54
2022-02-24 12:00:00,0.002500000,0.000259095,0.008600000,-0.000498158,0.008956004,0.412774624,363.859138300,73.739795292,2.588879721,73.790975072,-0.069147568,2022,5,147,2022,2,24,55
2022-02-25 12:00:00,0.003828838,0.000259161,-0.010900000,-0.000525763,0.011552922,0.413272782,364.272411082,319.236394799,0.014516524,-70.645178503,-0.072891335,2022,5,148,2022,2,25,56
2022-02-26 12:00:00,0.000632456,0.000260057,0.006500000,-0.000548560,0.006530697,0.413798545,364.686209627,198.434948823,358.431735468,84.442566083,-0.075955301,2022,5,149,2022,2,26,57
2022-02-27 12:00:00,0.002879236,0.000260584,-0.003200000,-0.000570480,0.004304649,0.414347105,365.100556732,20.323136830,357.609777057,-48.020345966,-0.078885864,2022,5,150,2022,2,27,58
2022-02-28 12:00:00,0.003176476,0.000262113,-0.001800000,-0.000591654,0.003651027,0.414917587,365.515474319,208.178590110,357.045739011,-29.538740120,-0.081701191,2022,5,151,2022,2,28,59
2022-03-01 12:00:00,0.002408319,0.000264261,-0.007300000,-0.000611939,0.007687002,0.415509241,365.930983560,138.366460663,356.876835132,-71.741930871,-0.084382143,2022,6,152,2022,3,1,60
2022-03-02 12:00:00,0.002816026,0.000268358,0.002400000,-0.000633164,0.003700000,0.416121183,366.347104743,6.115503566,356.875860545,40.439793092,-0.087180525,2022,6,153,2022,3,2,61
2022-03-03 12:00:00,0.000424264,0.000275036,0.000100000,-0.000655494,0.000435890,0.416754352,366.763859095,45.000000000,356.836054699,13.262676008,-0.090117953,2022,6,154,2022,3,3,62
2022-03-04 12:00:00,0.003360060,0.000281092,-0.001900000,-0.000673871,0.003860052,0.417409850,367.181268945,216.528855367,356.662627626,-29.486690780,-0.092499004,2022,6,155,2022,3,4,63
2022-03-05 12:00:00,0.001166190,0.000284397,0.003700000,-0.000680659,0.003879433,0.418083723,367.599352668,30.963756532,356.467366448,72.505847475,-0.093280158,2022,6,156,2022,3,5,64
2022-03-06 12:00:00,0.004263801,0.000285650,-0.002800000,-0.000669276,0.005100980,0.418764383,368.018117051,39.289406863,356.288482298,-33.292547420,-0.091571091,2022,6,157,2022,3,6,65
2022-03-07 12:00:00,0.002906888,0.000285209,0.009800000,-0.000642615,0.010222035,0.419433659,368.437550710,26.565051177,356.106029054,73.478523635,-0.087783015,2022,6,158,2022,3,7,66
2022-03-08 12:00:00,0.002640076,0.000283443,-0.017500000,-0.000603789,0.017698022,0.420076272,368.857626982,217.303948278,355.879726779,-81.420967936,-0.082353082,2022,6,159,2022,3,8,67
2022-03-09 12:00:00,0.002801785,0.000277701,0.009500000,-0.000557299,0.009904544,0.420680058,369.278307040,177.954591511,355.800028140,73.567907081,-0.075902989,2022,6,160,2022,3,9,68
2022-03-10 12:00:00,0.001802776,0.000267717,-0.003700000,-0.000503800,0.004115823,0.421237350,369.699544389,266.820169880,356.222954156,-64.022958737,-0.068525809,2022,6,161,2022,3,10,69
2022-03-11 12:00:00,0.002308679,0.000255393,-0.002900000,-0.000446300,0.003706751,0.421741142,370.121285531,17.650124220,357.390007246,-51.476833035,-0.060632220,2022,6,162,2022,3,11,70
2022-03-12 12:00:00,0.008628441,0.000242229,0.016900000,-0.000388102,0.018975247,0.422187434,370.543472966,184.653351587,359.474214798,62.953022343,-0.052670056,2022,6,163,2022,3,12,71
2022-03-13 12:00:00,0.010554620,0.000229817,-0.019900000,-0.000327148,0.022525763,0.422575530,370.966048495,9.819300639,2.527919638,-62.059285250,-0.044357000,2022,6,164,2022,3,13,72
2022-03-14 12:00:00,0.001711724,0.000220328,0.000700000,-0.000261364,0.001849324,0.422902672,371.388951167,173.290163192,6.457531097,22.241830729,-0.035410143,2022,6,165,2022,3,14,73
2022-03-15 12:00:00,0.002000000,0.000214878,0.002100000,-0.000189447,0.002900000,0.423164033,371.812115200,270.000000000,10.763067347,46.397181027,-0.025650834,2022,6,166,2022,3,15,74
2022-03-16 12:00:00,0.002343075,0.000213552,0.004200000,-0.000114995,0.004809366,0.423353479,372.235468679,230.194428908,15.238025181,60.843945551,-0.015563205,2022,6,167,2022,3,16,75
2022-03-17 12:00:00,0.004386342,0.000215379,-0.010400000,-0.000041458,0.011287161,0.423468475,372.658937155,43.152389734,19.656327953,-67.131748741,-0.005609300,2022,6,168,2022,3,17,76
2022-03-18 12:00:00,0.001802776,0.000218793,0.005900000,0.000031792,0.006169279,0.423509935,373.082447090,93.179830120,23.272561893,73.009195716,0.004301120,2022,6,169,2022,3,18,77
2022-03-19 12:00:00,0.003811824,0.000223325,-0.004200000,0.000101702,0.005671860,0.423478145,373.505925235,274.513988458,25.627433025,-47.773835934,0.013760047,2022,6,170,2022,3,19,78
2022-03-20 12:00:00,0.003324154,0.000229046,-0.010400000,0.000168697,0.010918333,0.423376446,373.929301681,46.218875235,26.916664038,-72.274550564,0.022829840,2022,6,171,2022,3,20,79
2022-03-21 12:00:00,0.001711724,0.000236914,0.006700000,0.000234895,0.006915201,0.423207754,374.352509435,353.290163192,27.202653447,75.668561835,0.031801160,2022,6,172,2022,3,21,80
2022-03-22 12:00:00,0.004477723,0.000246404,0.005800000,0.000308364,0.007327346,0.422972864,374.775482299,156.297354049,26.847329846,52.331100357,0.041770880,2022,6,173,2022,3,22,81
2022-03-23 12:00:00,0.004197618,0.000256299,0.005200000,0.000390986,0.006682814,0.422664506,375.198146806,257.619243071,25.948142376,51.088341286,0.053001452,2022,6,174,2022,3,23,82
2022-03-24 12:00:00,0.001878829,0.000266864,0.007400000,0.000479850,0.007634789,0.422273527,375.620420333,25.201123645,24.637218921,75.753863484,0.065107999,2022,6,175,2022,3,24,83
2022-03-25 12:00:00,0.000806226,0.000278620,-0.008000000,0.000568748,0.008040522,0.421793685,376.042214018,277.125016349,22.703662475,-84.245262918,0.077257798,2022,6,176,2022,3,25,84
2022-03-26 12:00:00,0.003640055,0.000290041,0.001800000,0.000649841,0.004060788,0.421224945,376.463438963,20.924501745,20.502046954,26.312304854,0.088392545,2022,6,177,2022,3,26,85
2022-03-27 12:00:00,0.004924429,0.000297393,-0.003700000,0.000713838,0.006159545,0.420575110,376.884014073,209.167613380,18.696260210,-36.919594800,0.097247636,2022,6,178,2022,3,27,86
2022-03-28 12:00:00,0.001500000,0.000298687,0.001900000,0.000756587,0.002420744,0.419861273,377.303875346,36.869897646,17.774749804,51.709836808,0.103246640,2022,6,179,2022,3,28,87
2022-03-29 12:00:00,0.001431782,0.000294848,0.001300000,0.000779685,0.001933908,0.419104683,377.722980029,245.224859431,17.636078655,42.238172983,0.106590800,2022,6,180,2022,3,29,88
2022-03-30 12:00:00,0.001780449,0.000286676,-0.003100000,0.000781965,0.003574913,0.418324992,378.141305021,51.842773413,18.081422986,-60.129589592,0.107101640,2022,6,181,2022,3,30,89
2022-03-31 12:00:00,0.001931321,0.000274590,0.011000000,0.000767312,0.011168259,0.417543020,378.558848041,201.250505507,19.062330923,80.041812771,0.105291533,2022,6,182,2022,3,31,90
2022-04-01 12:00:00,0.002325941,0.000260886,0.014000000,0.000738466,0.014191899,0.416775700,378.975623741,295.463345062,20.796282545,80.567117497,0.101519868,2022,7,183,2022,4,1,91
2022-04-02 12:00:00,0.003046309,0.000248379,-0.013700000,0.000696559,0.014034600,0.416037226,379.391660967,66.801409486,23.254373965,-77.463760604,0.095928681,2022,7,184,2022,4,2,92
2022-04-03 12:00:00,0.001984943,0.000237971,-0.002200000,0.000646355,0.002963106,0.415340661,379.807001628,319.085616780,26.264994956,-47.941738943,0.089164037,2022,7,185,2022,4,3,93
2022-04-04 12:00:00,0.001004988,0.000231346,0.002500000,0.000590317,0.002694439,0.414694302,380.221695930,174.289406863,29.120330722,68.100118264,0.081560523,2022,7,186,2022,4,4,94
2022-04-05 12:00:00,0.001984943,0.000229462,0.006100000,0.000531061,0.006414827,0.414103984,380.635799914,40.914383220,31.150288632,71.975083770,0.073478128,2022,7,187,2022,4,5,95
2022-04-06 12:00:00,0.005769749,0.000231312,-0.005600000,0.000472585,0.008040522,0.413572924,381.049372838,25.676815682,32.039732555,-44.144645893,0.065471287,2022,7,188,2022,4,6,96
2022-04-07 12:00:00,0.004482187,0.000235619,0.005700000,0.000421499,0.007251207,0.413100341,381.462473179,128.659808254,31.643809002,51.820309591,0.058460674,2022,7,189,2022,4,7,97
2022-04-08 12:00:00,0.008006248,0.000242212,0.017900000,0.000383402,0.019608927,0.412678846,381.875152025,297.525225744,30.152990967,65.902158823,0.053231096,2022,7,190,2022,4,8,98
2022-04-09 12:00:00,0.006708204,0.000248564,-0.005800000,0.000358965,0.008867920,0.412295447,382.287447472,190.304846469,28.122132901,-40.847117989,0.049884603,2022,7,191,2022,4,9,99
2022-04-10 12:00:00,0.006440497,0.000253771,-0.012200000,0.000341318,0.013795651,0.411936485,382.699383957,53.841814560,26.228807466,-62.169997472,0.047473606,2022,7,192,2022,4,10,100
2022-04-11 12:00:00,0.005360037,0.000258374,0.000800000,0.000319444,0.005419410,0.411595170,383.110979126,255.963756532,24.782567149,8.488885647,0.044467965,2022,7,193,2022,4,11,101
2022-04-12 12:00:00,0.005185557,0.000263388,-0.002000000,0.000290321,0.005557877,0.411275729,383.522254855,50.477368729,24.196057701,-21.090960612,0.040445277,2022,7,194,2022,4,12,102
2022-04-13 12:00:00,0.001280625,0.000268248,0.005900000,0.000249721,0.006037384,0.410985411,383.933240266,231.340191746,24.449812835,77.753623622,0.034813767,2022,7,195,2022,4,13,103
2022-04-14 12:00:00,0.004272002,0.000269269,-0.012900000,0.000194807,0.013588966,0.410735691,384.343975957,159.443954780,25.569463540,-71.677043108,0.027174652,2022,7,196,2022,4,14,104
2022-04-15 12:00:00,0.007076722,0.000265308,0.004200000,0.000131460,0.008229216,0.410540882,384.754516839,227.290610043,27.394324177,30.688922931,0.018346726,2022,7,197,2022,4,15,105
2022-04-16 12:00:00,0.005742822,0.000258135,-0.001100000,0.000067314,0.005847222,0.410409418,385.164926257,7.001267557,29.788429639,-10.843296156,0.009397525,2022,7,198,2022,4,16,106
2022-04-17 12:00:00,0.001780449,0.000251010,0.000400000,0.000009575,0.001824829,0.410342099,385.575268356,141.842773413,32.353441503,12.661970210,0.001336895,2022,7,199,2022,4,17,107
2022-04-18 12:00:00,0.001166190,0.000246050,0.001100000,-0.000038347,0.001603122,0.410332521,385.985600877,210.963756532,35.209865923,43.326993392,-0.005354512,2022,7,200,2022,4,18,108
2022-04-19 12:00:00,0.004081666,0.000242988,-0.007900000,-0.000079378,0.008892131,0.410370867,386.395971744,329.036243468,38.262641476,-62.676110647,-0.011082753,2022,7,201,2022,4,19,109
2022-04-20 12:00:00,0.000632456,0.000242742,-0.005700000,-0.000118220,0.005734980,0.410450245,386.806421988,18.434948823,40.753155814,-83.668524360,-0.016502667,2022,7,202,2022,4,20,110
2022-04-21 12:00:00,0.005800862,0.000245398,0.013200000,-0.000155403,0.014418391,0.410568466,387.216990455,179.012239600,42.297537522,66.276468376,-0.021686802,2022,7,203,2022,4,21,111
2022-04-22 12:00:00,0.005984146,0.000250363,-0.000300000,-0.000188674,0.005991661,0.410723872,387.627714327,9.619727800,42.398215398,-2.869976165,-0.026319918,2022,7,204,2022,4,22,112
2022-04-23 12:00:00,0.003088689,0.000257167,0.001300000,-0.000212482,0.003351119,0.410912550,388.038626877,299.054604099,41.687781921,22.825765112,-0.029627498,2022,7,205,2022,4,23,113
2022-04-24 12:00:00,0.002561250,0.000264752,0.000200000,-0.000222885,0.002569047,0.411125037,388.449751914,218.659808254,40.551594173,4.464988244,-0.031061954,2022,7,206,2022,4,24,114
2022-04-25 12:00:00,0.007833901,0.000272606,-0.000800000,-0.000221843,0.007874643,0.411347926,388.861099840,75.963756532,39.273050397,-5.830847054,-0.030900049,2022,7,207,2022,4,25,115
2022-04-26 12:00:00,0.003744329,0.000279919,0.010800000,-0.000213607,0.011430661,0.411569774,389.272669615,34.114472945,37.710040197,70.878715325,-0.029736840,2022,7,208,2022,4,26,116
2022-04-27 12:00:00,0.006859300,0.000284700,-0.004400000,-0.000194116,0.008149233,0.411783385,389.684452999,224.409342785,35.919206918,-32.678744936,-0.027009355,2022,7,209,2022,4,27,117
2022-04-28 12:00:00,0.019887936,0.000287218,-0.041300000,-0.000167372,0.045839066,0.411977502,390.096430501,57.108984983,33.735818641,-64.286948226,-0.023277304,2022,7,210,2022,4,28,118
2022-04-29 12:00:00,0.018848077,0.000287845,0.026300000,-0.000145334,0.032356452,0.412144875,390.508575376,248.198590514,31.396141972,54.372461904,-0.020204057,2022,7,211,2022,4,29,119
2022-04-30 12:00:00,0.005147815,0.000287939,0.014600000,-0.000135914,0.015480956,0.412290208,390.920865584,245.924501745,28.798999352,70.577855557,-0.018887860,2022,7,212,2022,4,30,120
2022-05-01 12:00:00,0.002469818,0.000287604,-0.004900000,-0.000139509,0.005487258,0.412426122,391.333291705,21.370622269,26.360846871,-63.249864941,-0.019381079,2022,8,213,2022,5,1,121
2022-05-02 12:00:00,0.006688797,0.000285640,-0.006000000,-0.000155067,0.008985544,0.412565629,391.745857334,148.448615052,24.255661616,-41.892814701,-0.021535244,2022,8,214,2022,5,2,122
2022-05-03 12:00:00,0.004219005,0.000281218,0.001600000,-0.000183436,0.004512206,0.412720693,392.158578028,5.440332031,22.940378439,20.768549281,-0.025465473,2022,8,215,2022,5,3,123
2022-05-04 12:00:00,0.002817801,0.000275291,0.002500000,-0.000217864,0.003766962,0.412904125,392.571482153,332.525568374,22.118828749,41.579977027,-0.030231400,2022,8,216,2022,5,4,124
2022-05-05 12:00:00,0.000608276,0.000270465,0.000900000,-0.000249996,0.001086278,0.413121986,392.984604139,260.537677792,21.291854370,55.946714045,-0.034671813,2022,8,217,2022,5,5,125
2022-05-06 12:00:00,0.003453983,0.000267099,0.001100000,-0.000279364,0.003624914,0.413371979,393.397976118,292.109448344,20.306602776,17.665266744,-0.038721537,2022,8,218,2022,5,6,126
2022-05-07 12:00:00,0.006419502,0.000265383,-0.007500000,-0.000304841,0.009872183,0.413651342,393.811627460,161.847294113,19.624030910,-49.438672219,-0.042224193,2022,8,219,2022,5,7,127
2022-05-08 12:00:00,0.009047099,0.000264381,-0.007900000,-0.000319867,0.012010828,0.413956182,394.225583643,23.448062578,19.318486877,-41.127724675,-0.044272929,2022,8,220,2022,5,8,128
2022-05-09 12:00:00,0.007543209,0.000261944,0.012800000,-0.000317471,0.014857321,0.414276048,394.639859691,218.541183621,19.661832932,59.488594015,-0.043907309,2022,8,221,2022,5,9,129
2022-05-10 12:00:00,0.008324062,0.000256198,-0.001800000,-0.000293921,0.008516455,0.414593515,395.054453207,38.659808254,20.806081165,-12.201803050,-0.040619204,2022,8,222,2022,5,10,130
2022-05-11 12:00:00,0.011121151,0.000247070,-0.005800000,-0.000257230,0.012542727,0.414887431,395.469340638,217.694240467,22.814532274,-27.543336033,-0.035523378,2022,8,223,2022,5,11,131
2022-05-12 12:00:00,0.004134005,0.000235993,0.005500000,-0.000211176,0.006880407,0.415144655,395.884485293,32.152295141,25.827249269,53.070109737,-0.029145211,2022,8,224,2022,5,12,132
2022-05-13 12:00:00,0.002236068,0.000223683,0.000100000,-0.000159077,0.002238303,0.415355824,396.299841117,243.434948823,29.449580704,2.560638973,-0.021943717,2022,8,225,2022,5,13,133
2022-05-14 12:00:00,0.012744018,0.000210482,-0.007900000,-0.000110285,0.014993999,0.415514894,396.715356011,38.308735567,33.204564206,-31.794719127,-0.015207281,2022,8,226,2022,5,14,134
2022-05-15 12:00:00,0.009305912,0.000198765,0.015300000,-0.000068958,0.017907820,0.415625173,397.130981184,188.652541791,36.804246969,58.690797152,-0.009506161,2022,8,227,2022,5,15,135
2022-05-16 12:00:00,0.006911584,0.000190914,-0.000300000,-0.000042513,0.006918092,0.415694127,397.546675311,328.609731896,40.299192224,-2.485385429,-0.005859610,2022,8,228,2022,5,16,136
2022-05-17 12:00:00,0.005950630,0.000185384,-0.018400000,-0.000033035,0.019338304,0.415736638,397.962411949,204.842389105,43.165187829,-72.078594718,-0.004552745,2022,8,229,2022,5,17,137
2022-05-18 12:00:00,0.008660831,0.000182099,-0.007100000,-0.000033450,0.011199107,0.415769671,398.378181620,53.923988444,44.718977632,-39.344308312,-0.004609645,2022,8,230,2022,5,18,138
2022-05-19 12:00:00,0.005600893,0.000179463,0.008700000,-0.000032863,0.010346980,0.415803120,398.793984739,268.976969811,45.341466175,57.227343900,-0.004528318,2022,8,231,2022,5,19,139
2022-05-20 12:00:00,0.001964688,0.000177314,0.009500000,-0.000028000,0.009701031,0.415835981,399.209820721,165.256437164,45.285482532,78.315425313,-0.003857969,2022,8,232,2022,5,20,140
2022-05-21 12:00:00,0.002024846,0.000175606,-0.013900000,-0.000026319,0.014046708,0.415863981,399.625684702,249.775140569,44.362403483,-81.711886792,-0.003626067,2022,8,233,2022,5,21,141
2022-05-22 12:00:00,0.010959015,0.000175044,0.017800000,-0.000028961,0.020903110,0.415890299,400.041575001,25.395911849,42.872271706,58.380432588,-0.003989858,2022,8,234,2022,5,22,142
2022-05-23 12:00:00,0.003901282,0.000177473,-0.004200000,-0.000031384,0.005732364,0.415919261,400.457494262,181.468800714,41.475546577,-47.111707718,-0.004323383,2022,8,235,2022,5,23,143
2022-05-24 12:00:00,0.004031129,0.000181992,-0.003500000,-0.000032247,0.005338539,0.415950647,400.873444909,203.385221057,40.879438149,-40.965924750,-0.004441932,2022,8,236,2022,5,24,144
2022-05-25 12:00:00,0.003535534,0.000186871,-0.002100000,-0.000032847,0.004112177,0.415982897,401.289427806,278.130102354,41.195746759,-30.709028346,-0.004524205,2022,8,237,2022,5,25,145
2022-05-26 12:00:00,0.004197618,0.000189842,0.013500000,-0.000033456,0.014137539,0.416015745,401.705443551,102.380756929,42.181142213,72.727718020,-0.004607764,2022,8,238,2022,5,26,146
2022-05-27 12:00:00,0.007211103,0.000191119,0.002300000,-0.000030539,0.007569016,0.416049202,402.121492753,236.309932474,43.446826261,17.690218525,-0.004205688,2022,8,239,2022,5,27,147
2022-05-28 12:00:00,0.002751363,0.000192632,-0.000700000,-0.000017771,0.002839014,0.416079742,402.537572494,340.906508000,44.708172686,-14.274308722,-0.002447189,2022,8,240,2022,5,28,148
2022-05-29 12:00:00,0.003858756,0.000193172,-0.020500000,0.000001137,0.020860010,0.416097513,402.953670008,121.218402764,46.298035732,-79.339833240,0.000156565,2022,8,241,2022,5,29,149
2022-05-30 12:00:00,0.001503330,0.000193165,0.015600000,0.000022423,0.015672269,0.416096376,403.369766384,266.185925166,47.306329378,84.495558604,0.003087637,2022,8,242,2022,5,30,150
2022-05-31 12:00:00,0.003748333,0.000193189,0.000200000,0.000046814,0.003753665,0.416073953,403.785840337,46.080924187,47.587189204,3.054237687,0.006446579,2022,8,243,2022,5,31,151
2022-06-01 12:00:00,0.001910497,0.000195496,-0.013400000,0.000071256,0.013535509,0.416027140,404.201867477,222.878903603,46.495981226,-81.885772749,0.009813489,2022,9,244,2022,6,1,152
2022-06-02 12:00:00,0.000921954,0.000201100,0.012500000,0.000095212,0.012533954,0.415955887,404.617823364,310.601294645,44.467664286,85.781710209,0.013114907,2022,9,245,2022,6,2,153
2022-06-03 12:00:00,0.004565085,0.000209288,-0.018300000,0.000119226,0.018860806,0.415860679,405.033684043,331.189206257,41.974517128,-75.992977576,0.016426521,2022,9,246,2022,6,3,154
2022-06-04 12:00:00,0.006082763,0.000219761,0.010300000,0.000132706,0.011962023,0.415741459,405.449425501,133.667780146,39.833587791,59.435622907,0.018289061,2022,9,247,2022,6,4,155
2022-06-05 12:00:00,0.003863936,0.000231801,0.004500000,0.000128530,0.005931273,0.415608759,405.865034260,10.437475351,38.035980637,49.348883211,0.017719150,2022,9,248,2022,6,5,156
2022-06-06 12:00:00,0.003701351,0.000244410,0.000700000,0.000111316,0.003766962,0.415480236,406.280514496,231.581944655,36.346308248,10.709302873,0.015350821,2022,9,249,2022,6,6,157
2022-06-07 12:00:00,0.001811077,0.000257796,0.001700000,0.000090345,0.002483948,0.415368927,406.695883423,6.340191746,34.426588760,43.187985369,0.012462081,2022,9,250,2022,6,7,158
2022-06-08 12:00:00,0.001442221,0.000271412,-0.010300000,0.000071008,0.010400481,0.415278592,407.111162015,236.309932474,32.927641310,-82.029186558,0.009796874,2022,9,251,2022,6,8,159
2022-06-09 12:00:00,0.001640122,0.000283666,-0.001500000,0.000056834,0.002222611,0.415207592,407.526369607,52.431407971,32.208138892,-42.444980199,0.007842737,2022,9,252,2022,6,9,160
2022-06-10 12:00:00,0.001941649,0.000294845,0.004200000,0.000046390,0.004627094,0.415150766,407.941520373,214.508522988,32.102721027,65.189025351,0.006402316,2022,9,253,2022,6,10,161
2022-06-11 12:00:00,0.002795085,0.000309439,0.002150000,0.000053771,0.003526330,0.415104387,408.356624760,349.695153531,32.481860573,37.567750248,0.007421836,2022,9,254,2022,6,11,162
2022-06-12 12:00:00,0.002795085,0.000309439,0.002150000,0.000053771,0.003526330,0.415050616,408.771675376,349.695153531,32.481860573,37.567750248,0.007422798,2022,9,255,2022,6,12,163
2022-06-13 12:00:00,0.006264982,0.000320574,-0.026100000,0.000074922,0.026841386,0.414996854,409.186672229,151.389540334,34.126053263,-76.502228328,0.010344010,2022,9,256,2022,6,13,164
2022-06-14 12:00:00,0.004242641,0.000326294,-0.004700000,0.000095255,0.006331666,0.414921936,409.601594165,315.000000000,36.255995568,-47.927764556,0.013153567,2022,9,257,2022,6,14,165
2022-06-15 12:00:00,0.004022437,0.000332226,0.044000000,0.000120439,0.044183481,0.414826686,410.016420851,34.875328345,38.828281585,84.776594876,0.016634967,2022,9,258,2022,6,15,166
2022-06-16 12:00:00,0.005800000,0.000338642,-0.016900000,0.000146004,0.017867568,0.414706252,410.431127104,180.000000000,41.544463006,-71.058022116,0.020171893,2022,9,259,2022,6,16,167
2022-06-17 12:00:00,0.004753946,0.000343709,0.010400000,0.000164702,0.011435034,0.414560253,410.845687356,345.379126011,43.913215802,65.434377978,0.022763221,2022,9,260,2022,6,17,168
2022-06-18 12:00:00,0.001910497,0.000346209,-0.003500000,0.000180742,0.003987480,0.414395553,411.260082909,137.121096397,46.085069878,-61.371799323,0.024990083,2022,9,261,2022,6,18,169
2022-06-19 12:00:00,0.005727128,0.000347749,-0.005500000,0.000198491,0.007940403,0.414214812,411.674297721,282.094757077,48.309775847,-43.841046010,0.027456093,2022,9,262,2022,6,19,170
2022-06-20 12:00:00,0.001166190,0.000349463,0.009800000,0.000208597,0.009869144,0.414016322,412.088314043,120.963756532,50.470423350,83.213771148,0.028867709,2022,9,263,2022,6,20,171
2022-06-21 12:00:00,0.003601389,0.000351284,0.005500000,0.000211840,0.006574192,0.413807727,412.502121770,88.408859729,52.400258170,56.783303763,0.029331342,2022,9,264,2022,6,21,172
2022-06-22 12:00:00,0.009170605,0.000352830,-0.018300000,0.000214458,0.020469245,0.413595888,412.915717658,198.434948823,54.168598381,-63.383361500,0.029709016,2022,9,265,2022,6,22,173
2022-06-23 12:00:00,0.006212890,0.000353020,0.003700000,0.000212737,0.007231182,0.413381431,413.329099089,3.691385986,55.828064279,30.775324156,0.029485941,2022,9,266,2022,6,23,174
2022-06-24 12:00:00,0.003984972,0.000353058,0.002800000,0.000208963,0.004870318,0.413168694,413.742267783,342.474431626,57.479429963,35.093406267,0.028977760,2022,9,267,2022,6,24,175
2022-06-25 12:00:00,0.003140064,0.000355591,0.000100000,0.000197315,0.003141656,0.412959733,414.155227516,52.765166018,59.035634806,1.824052857,0.027376346,2022,9,268,2022,6,25,176
2022-06-26 12:00:00,0.003847077,0.000359766,-0.000400000,0.000175941,0.003867816,0.412762421,414.567989937,261.027373385,60.531831691,-5.936001805,0.024422407,2022,9,269,2022,6,26,177
2022-06-27 12:00:00,0.004123106,0.000364172,0.006800000,0.000149480,0.007952358,0.412586485,414.980576422,202.833654178,61.751148832,58.769930224,0.020758257,2022,9,270,2022,6,27,178
2022-06-28 12:00:00,0.002500000,0.000367868,-0.014300000,0.000124875,0.014516887,0.412437008,415.393013430,16.260204708,62.521824708,-80.083473879,0.017347686,2022,9,271,2022,6,28,179
2022-06-29 12:00:00,0.003847077,0.000370245,0.018900000,0.000104687,0.019287561,0.412312135,415.805325565,62.102728969,62.743892354,78.494677715,0.014547482,2022,9,272,2022,6,29,180
2022-06-30 12:00:00,0.003100000,0.000371132,-0.010600000,0.000086967,0.011044003,0.412207449,416.217533014,180.000000000,62.554480988,-73.698291656,0.012088137,2022,9,273,2022,6,30,181
2022-07-01 12:00:00,0.004785394,0.000370661,-0.001900000,0.000072771,0.005148786,0.412120482,416.629653496,280.840305454,62.064046571,-21.655129689,0.010117170,2022,10,274,2022,7,1,182
2022-07-02 12:00:00,0.003088689,0.000369880,-0.004300000,0.000063749,0.005294337,0.412047710,417.041701206,330.945395901,61.200454099,-54.310321220,0.008864370,2022,10,275,2022,7,2,183
2022-07-03 12:00:00,0.000500000,0.000368734,0.008900000,0.000060617,0.008914034,0.411983960,417.453685167,36.869897646,60.009634855,86.784516008,0.008430244,2022,10,276,2022,7,3,184
2022-07-04 12:00:00,0.002220360,0.000368584,0.009800000,0.000055795,0.010048383,0.411923343,417.865608509,125.837652954,58.363037340,77.234168228,0.007760657,2022,10,277,2022,7,4,185
2022-07-05 12:00:00,0.002002498,0.000369340,-0.019600000,0.000041811,0.019702030,0.411867549,418.277476058,92.862405226,56.388883667,-84.166429754,0.005816369,2022,10,278,2022,7,5,186
2022-07-06 12:00:00,0.002973214,0.000371991,0.012000000,0.000012280,0.012362848,0.411825740,418.689301798,199.653824058,54.124421143,76.084191304,0.001708404,2022,10,279,2022,7,6,187
2022-07-07 12:00:00,0.005300943,0.000378924,0.001400000,-0.000032831,0.005482700,0.411813467,419.101115266,271.080924187,51.488391864,14.794244629,-0.004567791,2022,10,280,2022,7,7,188
2022-07-08 12:00:00,0.004103657,0.000394064,-0.006400000,-0.000094945,0.007602631,0.411846312,419.512961578,43.025065989,48.952066637,-57.332153812,-0.013208725,2022,10,281,2022,7,8,189
2022-07-09 12:00:00,0.004326662,0.000424986,0.003500000,-0.000168728,0.005565070,0.411941288,419.924902867,56.309932474,47.746875581,38.970704243,-0.023467922,2022,10,282,2022,7,9,190
2022-07-10 12:00:00,0.007615773,0.000505614,0.013300000,-0.000246465,0.015326121,0.412110107,420.337012974,240.068488159,51.336355317,60.203921173,-0.034266161,2022,10,283,2022,7,10,191
2022-07-11 12:00:00,0.004729693,0.000671195,-0.010800000,-0.000327593,0.011790250,0.412356809,420.749369783,76.551384948,58.907550545,-66.349726393,-0.045518145,2022,10,284,2022,7,11,192
2022-07-12 12:00:00,0.004280187,0.000892165,-0.004400000,-0.000412919,0.006138404,0.412684820,421.162054603,307.405356631,64.727961129,-45.790806515,-0.057328329,2022,10,285,2022,7,12,193
2022-07-13 12:00:00,0.000707107,0.001080203,-0.005600000,-0.000499149,0.005644466,0.413098188,421.575152791,188.130102354,67.057011408,-82.803401275,-0.069230782,2022,10,286,2022,7,13,194
2022-07-14 12:00:00,0.005277310,0.001168642,0.007500000,-0.000582649,0.009170605,0.413597575,421.988750366,99.819300639,66.578155693,54.868197440,-0.080714526,2022,10,287,2022,7,14,195
2022-07-15 12:00:00,0.001503330,0.001188974,0.000000000,-0.000659747,0.001503330,0.414180279,422.402930645,273.814074834,64.535347578,0.000000000,-0.091266370,2022,10,288,2022,7,15,196
2022-07-16 12:00:00,0.003538361,0.001188331,0.002300000,-0.000732108,0.004220190,0.414840022,422.817770667,317.290610043,61.803569565,33.024609949,-0.101115482,2022,10,289,2022,7,16,197
2022-07-17 12:00:00,0.001204159,0.001192114,-0.009600000,-0.000803829,0.009675226,0.415572138,423.233342805,184.763641691,58.873811124,-82.850541942,-0.110825610,2022,10,290,2022,7,17,198
2022-07-18 12:00:00,0.002906888,0.001211982,-0.002200000,-0.000881561,0.003645545,0.416376021,423.649718826,93.945186229,56.236580553,-37.119274258,-0.121308035,2022,10,291,2022,7,18,199
2022-07-19 12:00:00,0.003577709,0.001242369,0.019400000,-0.000961424,0.019727139,0.417257668,424.066976493,206.565051177,54.131750456,79.551029094,-0.132018103,2022,10,292,2022,7,19,200
2022-07-20 12:00:00,0.009208692,0.001285036,-0.007700000,-0.001040742,0.012003749,0.418219216,424.485195709,2.489552922,52.485687516,-39.901240396,-0.142581227,2022,10,293,2022,7,20,201
2022-07-21 12:00:00,0.005277310,0.001336573,0.004000000,-0.001120024,0.006621933,0.419260114,424.904455823,189.819300639,51.021493987,37.160741913,-0.153061820,2022,10,294,2022,7,21,202
2022-07-22 12:00:00,0.003535534,0.001388186,-0.019600000,-0.001199104,0.019916325,0.420380300,425.324836123,315.000000000,49.535746254,-79.774695356,-0.163432298,2022,10,295,2022,7,22,203
2022-07-23 12:00:00,0.002692582,0.001432076,0.002800000,-0.001276184,0.003884585,0.421579545,425.746415668,291.801409486,48.000994599,46.120381999,-0.173443060,2022,10,296,2022,7,23,204
2022-07-24 12:00:00,0.002080865,0.001463613,-0.003100000,-0.001349920,0.003733631,0.422855829,426.169271497,324.782407032,46.419523945,-56.128637745,-0.182910744,2022,10,297,2022,7,24,205
2022-07-25 12:00:00,0.002376973,0.001487629,-0.006600000,-0.001424492,0.007014984,0.424205825,426.593477322,284.620873989,44.837965331,-70.193647356,-0.192400724,2022,10,298,2022,7,25,206
2022-07-26 12:00:00,0.004468781,0.001512151,-0.011900000,-0.001496558,0.012711412,0.425630394,427.019107716,319.537772508,43.423056146,-69.417447929,-0.201457979,2022,10,299,2022,7,26,207
2022-07-27 12:00:00,0.001902630,0.001543822,0.016100000,-0.001569392,0.016212033,0.427127056,427.446234772,176.987212496,42.365241959,83.260286148,-0.210522257,2022,10,300,2022,7,27,208
2022-07-28 12:00:00,0.007200694,0.001594190,0.002200000,-0.001642150,0.007529276,0.428696622,427.874931394,297.276763383,42.189444453,16.989279127,-0.219475753,2022,10,301,2022,7,28,209
2022-07-29 12:00:00,0.004244997,0.001680940,-0.002500000,-0.001712725,0.004926459,0.430339092,428.305270486,223.090847567,43.536004427,-30.495046050,-0.228034569,2022,10,302,2022,7,29,210
2022-07-30 12:00:00,0.006519202,0.001814359,-0.006300000,-0.001786589,0.009065870,0.432052343,428.737322829,20.658910063,46.289651320,-44.020364263,-0.236925665,2022,10,303,2022,7,30,211
2022-07-31 12:00:00,0.004606517,0.001956393,-0.006900000,-0.001868508,0.008296385,0.433839534,429.171162363,297.121303404,48.832797245,-56.272483559,-0.246768540,2022,10,304,2022,7,31,212
2022-08-01 12:00:00,0.003324154,0.002059327,0.005200000,-0.001950403,0.006171710,0.435708497,429.606870860,158.838740183,50.253674362,57.410829833,-0.256479410,2022,11,305,2022,8,1,213
2022-08-02 12:00:00,0.009104944,0.002104248,0.002800000,-0.002021043,0.009525755,0.437659093,430.044529953,321.241914347,50.520909866,17.093984156,-0.264584127,2022,11,306,2022,8,2,214
2022-08-03 12:00:00,0.002209072,0.002113975,-0.007200000,-0.002071968,0.007531268,0.439680159,430.484210112,264.805571092,50.233733391,-72.943170471,-0.270004146,2022,11,307,2022,8,3,215
2022-08-04 12:00:00,0.005882176,0.002112193,-0.001400000,-0.002106019,0.006046487,0.441752095,430.925962206,305.311213440,49.937951669,-13.387720824,-0.273154237,2022,11,308,2022,8,4,216
2022-08-05 12:00:00,0.002102380,0.002101722,-0.011200000,-0.002128221,0.011395613,0.443858040,431.369820246,92.726310994,49.724403815,-79.368585282,-0.274724202,2022,11,309,2022,8,5,217
2022-08-06 12:00:00,0.011859595,0.002081961,0.006100000,-0.002141385,0.013336416,0.445986145,431.815806391,335.596028311,49.577789695,27.219089961,-0.275104512,2022,11,310,2022,8,6,218
2022-08-07 12:00:00,0.004638965,0.002056020,0.009900000,-0.002145872,0.010932978,0.448127387,432.263933778,172.568592029,49.427898834,64.893040210,-0.274363737,2022,11,311,2022,8,7,219
2022-08-08 12:00:00,0.002002498,0.002027193,-0.022100000,-0.002150012,0.022190539,0.450273106,432.714206884,87.137594774,49.202964217,-84.822522888,-0.273583041,2022,11,312,2022,8,8,220
2022-08-09 12:00:00,0.002580698,0.001996624,0.001300000,-0.002161252,0.002889637,0.452422960,433.166629844,305.537677792,48.943945228,26.736212958,-0.273706437,2022,11,313,2022,8,9,221
2022-08-10 12:00:00,0.003301515,0.001965525,0.001700000,-0.002173764,0.003713489,0.454584056,433.621213900,215.134193057,48.718087636,27.244624988,-0.273982281,2022,11,314,2022,8,10,222
2022-08-11 12:00:00,0.002475884,0.001936273,0.009600000,-0.002181071,0.009914131,0.456757675,434.077971574,136.636577042,48.522834912,75.538299335,-0.273595102,2022,11,315,2022,8,11,223
2022-08-12 12:00:00,0.009654015,0.001906918,-0.016400000,-0.002178125,0.019030502,0.458938604,434.536910178,320.042451069,48.411764572,-59.516404177,-0.271927144,2022,11,316,2022,8,12,224
2022-08-13 12:00:00,0.004939636,0.001876164,-0.001300000,-0.002164283,0.005107837,0.461116584,434.998026762,328.240519915,48.388979819,-14.744603052,-0.268922755,2022,11,317,2022,8,13,225
2022-08-14 12:00:00,0.004504442,0.001843284,-0.008300000,-0.002140552,0.009443516,0.463280717,435.461307479,182.544804380,48.419851313,-61.511144104,-0.264731563,2022,11,318,2022,8,14,226
2022-08-15 12:00:00,0.001923538,0.001808511,-0.000200000,-0.002107096,0.001933908,0.465421116,435.926728595,351.027373385,48.492568505,-5.936001805,-0.259395477,2022,11,319,2022,8,15,227
2022-08-16 12:00:00,0.003700000,0.001773296,-0.000600000,-0.002070227,0.003748333,0.467528062,436.394256657,341.075355584,48.594071690,-9.211026541,-0.253708161,2022,11,320,2022,8,16,228
2022-08-17 12:00:00,0.007624303,0.001738438,-0.007000000,-0.002039664,0.010350362,0.469598144,436.863854801,286.771223819,48.650951934,-42.555559714,-0.248860719,2022,11,321,2022,8,17,229
2022-08-18 12:00:00,0.002983287,0.001705669,-0.004000000,-0.002019633,0.004989990,0.471637675,437.335492476,76.429565615,48.692637232,-53.283625424,-0.245351001,2022,11,322,2022,8,18,230
2022-08-19 12:00:00,0.005445181,0.001674966,0.001500000,-0.002006163,0.005648008,0.473657185,437.809149660,187.386043151,48.724314567,15.401439356,-0.242675503,2022,11,323,2022,8,19,231
2022-08-20 12:00:00,0.004418144,0.001647582,0.001100000,-0.001991459,0.004553021,0.475663239,438.284812899,354.805571092,48.735739532,13.980864945,-0.239880912,2022,11,324,2022,8,20,232
2022-08-21 12:00:00,0.004103657,0.001624482,0.011400000,-0.001972499,0.012116105,0.477654607,438.762467506,313.025065989,48.734016483,70.202650194,-0.236606546,2022,11,325,2022,8,21,233
2022-08-22 12:00:00,0.001838478,0.001605951,-0.009100000,-0.001948913,0.009283857,0.479627033,439.242094539,157.619864948,48.684834724,-78.578246341,-0.232815933,2022,11,326,2022,8,22,234
2022-08-23 12:00:00,0.000670820,0.001589701,-0.009100000,-0.001919108,0.009124692,0.481575881,439.723670420,243.434948823,48.584854021,-85.783979898,-0.228327594,2022,11,327,2022,8,23,235
2022-08-24 12:00:00,0.000500000,0.001573966,-0.002000000,-0.001883619,0.002061553,0.483494927,440.207165347,306.869897646,48.420766412,-75.963756532,-0.223215802,2022,11,328,2022,8,24,236
2022-08-25 12:00:00,0.004707441,0.001557222,-0.001700000,-0.001842335,0.005004998,0.485378482,440.692543830,347.735226272,48.107310495,-19.856191809,-0.217476225,2022,11,329,2022,8,25,237
2022-08-26 12:00:00,0.004002499,0.001539540,-0.007500000,-0.001792471,0.008501176,0.487220752,441.179764581,347.005383208,47.602131053,-61.912650618,-0.210789944,2022,11,330,2022,8,26,238
2022-08-27 12:00:00,0.003244996,0.001520002,0.005900000,-0.001742506,0.006733498,0.489013152,441.668777734,236.309932474,46.957148553,61.189234977,-0.204163102,2022,11,331,2022,8,27,239
2022-08-28 12:00:00,0.003138471,0.001498376,0.010000000,-0.001693141,0.010480935,0.490755583,442.159533317,337.520565603,46.288529874,72.575686220,-0.197674807,2022,11,332,2022,8,28,240
2022-08-29 12:00:00,0.006103278,0.001476359,0.002100000,-0.001639394,0.006454456,0.492448650,442.651981967,341.861917844,45.673588064,18.987182743,-0.190741803,2022,11,333,2022,8,29,241
2022-08-30 12:00:00,0.008015610,0.001456031,-0.016200000,-0.001590477,0.018074568,0.494087976,443.146069943,176.423665625,45.179765535,-63.674221514,-0.184436366,2022,11,334,2022,8,30,242
2022-08-31 12:00:00,0.002435159,0.001438518,0.012700000,-0.001552294,0.012931357,0.495678396,443.641748339,340.820991974,44.785907845,79.145576602,-0.179430921,2022,11,335,2022,8,31,243
2022-09-01 12:00:00,0.002596151,0.001422631,-0.016800000,-0.001528082,0.016999412,0.497230637,444.138978976,344.357753543,44.475373393,-81.215409565,-0.176080893,2022,12,336,2022,9,1,244
2022-09-02 12:00:00,0.002308679,0.001404760,0.002700000,-0.001519680,0.003552464,0.498758663,444.637737639,274.969740728,44.256889832,49.467359802,-0.174576200,2022,12,337,2022,9,2,245
2022-09-03 12:00:00,0.005000000,0.001384402,-0.008700000,-0.001525349,0.010034441,0.500278280,445.138015919,286.260204708,44.105513479,-60.113473060,-0.174695163,2022,12,338,2022,9,3,246
2022-09-04 12:00:00,0.003354102,0.001362237,-0.003400000,-0.001538500,0.004775982,0.501803563,445.639819482,63.434948823,43.982884881,-45.389352005,-0.175665765,2022,12,339,2022,9,4,247
2022-09-05 12:00:00,0.003785499,0.001336870,-0.002900000,-0.001552572,0.004768648,0.503341989,446.143161471,282.200468727,43.947746721,-37.455052965,-0.176730633,2022,12,340,2022,9,5,248
2022-09-06 12:00:00,0.003401470,0.001307671,0.000500000,-0.001559170,0.003438023,0.504894479,446.648055950,91.684684318,44.120218576,8.362321152,-0.176935934,2022,12,341,2022,9,6,249
2022-09-07 12:00:00,0.003800000,0.001273943,0.003800000,-0.001548412,0.005374012,0.506453557,447.154509507,0.000000000,44.454042333,45.000000000,-0.175174196,2022,12,342,2022,9,7,250
2022-09-08 12:00:00,0.005727128,0.001237335,-0.005200000,-0.001515145,0.007735632,0.508001874,447.662511381,245.224859431,44.851691704,-42.238172983,-0.170888188,2022,12,343,2022,9,8,251
2022-09-09 12:00:00,0.003605551,0.001198547,0.003400000,-0.001462147,0.004955805,0.509516921,448.172028302,3.179830120,45.172094758,43.319355302,-0.164420419,2022,12,344,2022,9,9,252
2022-09-10 12:00:00,0.001811077,0.001158412,0.005400000,-0.001399999,0.005695612,0.510978972,448.683007274,276.340191746,45.312616283,71.459338530,-0.156981274,2022,12,345,2022,9,10,253
2022-09-11 12:00:00,0.002687006,0.001117705,-0.009700000,-0.001341788,0.010065287,0.512378877,449.195386151,225.000000000,45.171050113,-74.516688231,-0.150043064,2022,12,346,2022,9,11,254
2022-09-12 12:00:00,0.006519202,0.001079073,-0.002900000,-0.001285677,0.007135124,0.513720579,449.709106730,20.658910063,44.804495360,-23.981396865,-0.143392979,2022,12,347,2022,9,12,255
2022-09-13 12:00:00,0.003238827,0.001042570,0.013100000,-0.001221765,0.013494443,0.515006178,450.224112908,8.880659151,44.251942983,76.112757411,-0.135924627,2022,12,348,2022,9,13,256
2022-09-14 12:00:00,0.003413210,0.001006457,-0.020600000,-0.001145839,0.020880852,0.516227868,450.740340777,238.172553423,43.586861407,-80.592144697,-0.127175946,2022,12,349,2022,9,14,257
2022-09-15 12:00:00,0.002983287,0.000969264,0.003100000,-0.001060735,0.004302325,0.517373634,451.257714410,166.429565615,42.882136091,46.099135212,-0.117469613,2022,12,350,2022,9,15,258
2022-09-16 12:00:00,0.001700000,0.000930263,0.014800000,-0.000971163,0.014897315,0.518434296,451.776148706,28.072486936,42.288393697,83.447445329,-0.107330064,2022,12,351,2022,9,16,259
2022-09-17 12:00:00,0.008200610,0.000889447,-0.023400000,-0.000889107,0.024795362,0.519405386,452.295554092,270.698694383,41.740095995,-70.686813774,-0.098077711,2022,12,352,2022,9,17,260
2022-09-18 12:00:00,0.003310589,0.000845048,0.009400000,-0.000819896,0.009965942,0.520294417,452.815848509,64.983106522,41.271404835,70.598229353,-0.090288475,2022,12,353,2022,9,18,261
2022-09-19 12:00:00,0.000854400,0.000796787,-0.004500000,-0.000764009,0.004580393,0.521114236,453.336962745,20.556045220,40.856910349,-79.249401752,-0.084001696,2022,12,354,2022,9,19,262
2022-09-20 12:00:00,0.000806226,0.000749027,-0.012000000,-0.000723813,0.012027053,0.521878173,453.858840917,150.255118703,40.334298662,-86.156331833,-0.079465724,2022,12,355,2022,9,20,263
2022-09-21 12:00:00,0.002193171,0.000703598,0.002000000,-0.000698447,0.002968164,0.522601922,454.381442839,335.772254682,39.730771116,42.362360054,-0.076574694,2022,12,356,2022,9,21,264
2022-09-22 12:00:00,0.000300000,0.000661135,0.005500000,-0.000684837,0.005508176,0.523300313,454.904743152,90.000000000,39.173582484,86.877869538,-0.074982291,2022,12,357,2022,9,22,265
2022-09-23 12:00:00,0.001897367,0.000620894,0.001300000,-0.000678528,0.002300000,0.523985099,455.428728251,161.565051177,38.650406956,34.417388710,-0.074194497,2022,12,358,2022,9,23,266
2022-09-24 12:00:00,0.004707441,0.000580562,0.002100000,-0.000665679,0.005154610,0.524663581,455.953391832,257.735226272,38.053540594,24.041757890,-0.072695397,2022,12,359,2022,9,24,267
2022-09-25 12:00:00,0.003162278,0.000542217,0.003000000,-0.000641779,0.004358899,0.525329219,456.478721051,34.695153531,37.263642675,43.491519345,-0.069996597,2022,12,360,2022,9,25,268
2022-09-26 12:00:00,0.002284732,0.000507755,0.004400000,-0.000609140,0.004957822,0.525970964,457.004692015,336.801409486,36.031147269,62.559076689,-0.066355656,2022,12,361,2022,9,26,269
2022-09-27 12:00:00,0.003573514,0.000479021,0.000500000,-0.000569631,0.003608324,0.526580076,457.531272091,107.927919762,34.393407166,7.965019912,-0.061980022,2022,12,362,2022,9,27,270
2022-09-28 12:00:00,0.003982462,0.000454005,-0.009900000,-0.000528736,0.010670989,0.527149685,458.058421775,321.115503566,32.501076621,-68.086613474,-0.057468255,2022,12,363,2022,9,28,271
2022-09-29 12:00:00,0.007689603,0.000430442,-0.013000000,-0.000492157,0.015103973,0.527678401,458.586100176,20.556045220,30.386355314,-59.395347792,-0.053438834,2022,12,364,2022,9,29,272
2022-09-30 12:00:00,0.008605231,0.000406909,0.008100000,-0.000463149,0.011817783,0.528170539,459.114270716,218.867777502,28.343702689,43.267681485,-0.050242246,2022,12,365,2022,9,30,273
2022-10-01 12:00:00,0.001931321,0.000383300,0.009900000,-0.000439916,0.010086625,0.528633670,459.642904386,111.250505507,26.132532488,78.961214789,-0.047680144,2023,1,1,2022,10,1,274
2022-10-02 12:00:00,0.001170470,0.000360020,0.006700000,-0.000419733,0.006801470,0.529073570,460.171977955,160.016893478,23.623854088,80.090599355,-0.045454753,2023,1,2,2022,10,2,275
2022-10-03 12:00:00,0.002952965,0.000337671,-0.011900000,-0.000402753,0.012260914,0.529493287,460.701471243,28.300755766,21.367353991,-76.063654408,-0.043581382,2023,1,3,2022,10,3,276
2022-10-04 12:00:00,0.005185557,0.000316832,0.001600000,-0.000390020,0.005426785,0.529896027,461.231367270,230.477368729,19.795684767,17.147574134,-0.042171496,2023,1,4,2022,10,4,277
2022-10-05 12:00:00,0.008561542,0.000296533,-0.008300000,-0.000374989,0.011924345,0.530286036,461.761653306,67.328656378,19.180476932,-44.111347795,-0.040516436,2023,1,5,2022,10,5,278
2022-10-06 12:00:00,0.006931811,0.000277741,0.011200000,-0.000358850,0.013171560,0.530661015,462.292314321,243.434948823,19.849144117,58.246151446,-0.038745265,2023,1,6,2022,10,6,279
2022-10-07 12:00:00,0.002154066,0.000261928,-0.004900000,-0.000344541,0.005352569,0.531019857,462.823334178,68.198590514,21.633752846,-66.269455311,-0.037175192,2023,1,7,2022,10,7,280
2022-10-08 12:00:00,0.005188449,0.000249376,-0.008300000,-0.000331485,0.009788258,0.531364392,463.354698570,27.552811577,23.754183495,-57.989907616,-0.035743296,2023,1,8,2022,10,8,281
2022-10-09 12:00:00,0.004080441,0.000239891,0.006800000,-0.000322709,0.007930322,0.531695873,463.886394443,252.897271031,25.984130439,59.033510395,-0.034775264,2023,1,9,2022,10,9,282
2022-10-10 12:00:00,0.001708801,0.000231403,-0.005300000,-0.000316797,0.005568662,0.532018578,464.418413021,249.443954780,28.835781975,-72.129887846,-0.034117523,2023,1,10,2022,10,10,283
2022-10-11 12:00:00,0.008500000,0.000223788,-0.017900000,-0.000309098,0.019815650,0.532335372,464.950748394,180.000000000,32.384709947,-64.598811325,-0.033268563,2023,1,11,2022,10,11,284
2022-10-12 12:00:00,0.007147027,0.000216594,0.028600000,-0.000301438,0.029479484,0.532644468,465.483392861,17.927919762,36.488785000,75.969361608,-0.032425269,2023,1,12,2022,10,12,285
2022-10-13 12:00:00,0.005217279,0.000211644,-0.009700000,-0.000296693,0.011014082,0.532945904,466.016338765,12.171458209,40.493132054,-61.725800260,-0.031896771,2023,1,13,2022,10,13,286
2022-10-14 12:00:00,0.001000000,0.000210217,-0.012900000,-0.000299239,0.012938702,0.533242596,466.549581362,90.000000000,43.620249270,-85.567331531,-0.032152552,2023,1,14,2022,10,14,287
2022-10-15 12:00:00,0.001392839,0.000211881,0.013800000,-0.000308229,0.013870112,0.533541836,467.083123197,291.037511025,45.548654940,84.236634393,-0.033099996,2023,1,15,2022,10,15,288
2022-10-16 12:00:00,0.004110961,0.000215486,-0.001500000,-0.000321828,0.004376071,0.533850066,467.616973263,198.434948823,46.695624952,-20.045923278,-0.034540369,2023,1,16,2022,10,16,289
2022-10-17 12:00:00,0.003505710,0.000221382,-0.005300000,-0.000337570,0.006354526,0.534171896,468.151145160,176.729512077,47.714433701,-56.517171682,-0.036208131,2023,1,17,2022,10,17,290
2022-10-18 12:00:00,0.004001250,0.000229191,0.004800000,-0.000349981,0.006249000,0.534509470,468.685654630,268.567903816,49.465629743,50.185625707,-0.037515538,2023,1,18,2022,10,18,291
2022-10-19 12:00:00,0.007441102,0.000237325,0.003400000,-0.000353753,0.008181076,0.534859454,469.220514084,48.814074834,52.236794696,24.556682982,-0.037895146,2023,1,19,2022,10,19,292
2022-10-20 12:00:00,0.000824621,0.000245213,-0.005600000,-0.000347378,0.005660389,0.535213211,469.755727295,104.036243468,55.513306713,-81.623180885,-0.037187599,2023,1,20,2022,10,20,293
2022-10-21 12:00:00,0.004060788,0.000251180,0.003000000,-0.000336364,0.005048762,0.535560592,470.291287887,279.926245507,58.576189865,36.455982500,-0.035985177,2023,1,21,2022,10,21,294
2022-10-22 12:00:00,0.000565685,0.000255463,0.000000000,-0.000324223,0.000565685,0.535896958,470.827184845,315.000000000,61.505242358,0.000000000,-0.034664494,2023,1,22,2022,10,22,295
2022-10-23 12:00:00,0.005203845,0.000258458,0.007700000,-0.000313648,0.009293546,0.536221182,471.363406027,177.797401838,64.293639891,55.948228760,-0.033513648,2023,1,23,2022,10,23,296
2022-10-24 12:00:00,0.004011234,0.000259722,0.001300000,-0.000301607,0.004216634,0.536534831,471.899940858,274.289153329,66.870931797,17.956979283,-0.032208164,2023,1,24,2022,10,24,297
2022-10-25 12:00:00,0.006815424,0.000259577,-0.001300000,-0.000292252,0.006938300,0.536836438,472.436777296,22.425861921,68.919639574,-10.799094740,-0.031191642,2023,1,25,2022,10,25,298
2022-10-26 12:00:00,0.000500000,0.000258552,-0.008600000,-0.000288123,0.008614523,0.537128689,472.973905985,180.000000000,70.398864699,-86.672595758,-0.030734269,2023,1,26,2022,10,26,299
2022-10-27 12:00:00,0.003956008,0.000256073,0.000700000,-0.000293468,0.004017462,0.537416812,473.511322797,16.144338780,70.623289719,10.034396787,-0.031287609,2023,1,27,2022,10,27,300
2022-10-28 12:00:00,0.008586617,0.000252211,-0.005100000,-0.000300748,0.009986992,0.537710278,474.049033075,194.845452082,69.835626460,-30.708088278,-0.032046271,2023,1,28,2022,10,28,301
2022-10-29 12:00:00,0.003667424,0.000246164,0.006700000,-0.000305171,0.007638063,0.538011023,474.587044098,11.003540852,68.579546097,61.304728825,-0.032499369,2023,1,29,2022,10,29,302
2022-10-30 12:00:00,0.002408319,0.000237048,-0.011300000,-0.000303508,0.011553787,0.538316190,475.125360288,184.763641691,66.778454714,-77.968811245,-0.032303885,2023,1,30,2022,10,30,303
2022-10-31 12:00:00,0.003214032,0.000226134,0.003400000,-0.000292960,0.004678675,0.538619693,475.663979981,5.355825043,64.392222138,46.610574379,-0.031163717,2023,1,31,2022,10,31,304
2022-11-01 12:00:00,0.000608276,0.000215638,-0.007800000,-0.000275363,0.007823682,0.538912649,476.202892631,170.537677792,61.436402080,-85.540863034,-0.029275857,2023,2,32,2022,11,1,305
2022-11-02 12:00:00,0.002580698,0.000207031,0.011000000,-0.000253211,0.011298672,0.539188009,476.742080639,305.537677792,58.149423295,76.796687877,-0.026906970,2023,2,33,2022,11,2,306
2022-11-03 12:00:00,0.002000000,0.000199571,-0.000300000,-0.000221251,0.002022375,0.539441217,477.281521856,126.869897646,55.599955188,-8.530765610,-0.023499808,2023,2,34,2022,11,3,307
2022-11-04 12:00:00,0.007213876,0.000192343,0.000000000,-0.000176328,0.007213876,0.539662465,477.821184321,313.876697286,54.008239238,0.000000000,-0.018720643,2023,2,35,2022,11,4,308
2022-11-05 12:00:00,0.012003749,0.000185832,0.000800000,-0.000120976,0.012030378,0.539838791,478.361023112,181.432096184,53.309309718,3.812887009,-0.012839835,2023,2,36,2022,11,5,309
2022-11-06 12:00:00,0.005220153,0.000181159,-0.008900000,-0.000058339,0.010317946,0.539959765,478.900982877,20.170653412,53.036362216,-59.606924415,-0.006190464,2023,2,37,2022,11,6,310
2022-11-07 12:00:00,0.003114482,0.000177894,0.001100000,0.000012451,0.003303029,0.540018104,479.441000981,42.397437798,52.629429209,19.452645705,0.001321057,2023,2,38,2022,11,7,311
2022-11-08 12:00:00,0.003440930,0.000175076,-0.000800000,0.000084600,0.003532704,0.540005652,479.981006633,54.462322208,51.409777879,-13.088476086,0.008976193,2023,2,39,2022,11,8,312
2022-11-09 12:00:00,0.006044005,0.000173906,0.012300000,0.000153368,0.013704744,0.539921052,480.520927685,231.044092162,50.016817535,63.831303826,0.016275193,2023,2,40,2022,11,9,313
2022-11-10 12:00:00,0.001360147,0.000174244,-0.012100000,0.000222113,0.012176206,0.539767684,481.060695369,36.027373385,48.725995206,-83.586370721,0.023577051,2023,2,41,2022,11,10,314
2022-11-11 12:00:00,0.001627882,0.000175397,0.009900000,0.000286225,0.010032946,0.539545572,481.600240941,79.380344724,47.619615662,80.662269627,0.030394959,2023,2,42,2022,11,11,315
2022-11-12 12:00:00,0.000984886,0.000177993,-0.015600000,0.000341030,0.015631059,0.539259348,482.139500289,246.037511025,46.038715665,-86.387499779,0.036234096,2023,2,43,2022,11,12,316
2022-11-13 12:00:00,0.001612452,0.000181690,0.008700000,0.000378548,0.008848164,0.538918319,482.678418609,172.874983651,43.776695726,79.499988165,0.040245758,2023,2,44,2022,11,13,317
2022-11-14 12:00:00,0.007605919,0.000184629,-0.005800000,0.000399608,0.009565041,0.538539773,483.216958382,28.249735495,41.096165701,-37.327840027,0.042514730,2023,2,45,2022,11,14,318
2022-11-15 12:00:00,0.004455334,0.000186680,0.014900000,0.000413308,0.015551849,0.538140165,483.755098547,225.909380449,38.045544147,73.352509608,0.044004936,2023,2,46,2022,11,15,319
2022-11-16 12:00:00,0.001216553,0.000190485,-0.008100000,0.000426702,0.008190849,0.537726858,484.292825405,99.462322208,34.379599474,-81.458494610,0.045465907,2023,2,47,2022,11,16,320
2022-11-17 12:00:00,0.002147091,0.000199475,0.008400000,0.000441751,0.008670063,0.537300160,484.830125565,242.241459399,30.210380798,75.661847350,0.047106760,2023,2,48,2022,11,17,321
2022-11-18 12:00:00,0.001612452,0.000214807,0.001400000,0.000456836,0.002135416,0.536858414,485.366983979,277.125016349,26.087590563,40.965924750,0.048755458,2023,2,49,2022,11,18,322
2022-11-19 12:00:00,0.000223607,0.000233131,-0.002200000,0.000467227,0.002211334,0.536401586,485.903385566,243.434948823,22.855833527,-84.196418308,0.049906893,2023,2,50,2022,11,19,323
2022-11-20 12:00:00,0.005189412,0.000252937,0.000500000,0.000477951,0.005213444,0.535934368,486.439319934,25.083594006,20.399418940,5.503461548,0.051096906,2023,2,51,2022,11,20,324
2022-11-21 12:00:00,0.004681880,0.000272199,0.003500000,0.000491982,0.005845511,0.535456427,486.974776360,199.983106522,18.580285266,36.780428162,0.052643819,2023,2,52,2022,11,21,325
2022-11-22 12:00:00,0.002745906,0.000287219,0.008100000,0.000506625,0.008552777,0.534964453,487.509740813,33.111341960,17.695234363,71.273302791,0.054260573,2023,2,53,2022,11,22,326
2022-11-23 12:00:00,0.002332381,0.000296779,-0.002100000,0.000514593,0.003138471,0.534457833,488.044198647,239.036243468,17.724852287,-41.998845908,0.055166217,2023,2,54,2022,11,23,327
2022-11-24 12:00:00,0.001360147,0.000301488,-0.012100000,0.000507964,0.012176206,0.533943243,488.578141889,306.027373385,18.467123730,-83.586370721,0.054508061,2023,2,55,2022,11,24,328
2022-11-25 12:00:00,0.003417601,0.000304973,0.014200000,0.000487978,0.014605478,0.533435281,489.111577170,159.443954780,18.965008776,76.467641085,0.052413261,2023,2,56,2022,11,25,329
2022-11-26 12:00:00,0.011458621,0.000309991,-0.014300000,0.000460810,0.018324574,0.532947306,489.644524476,20.965711841,18.684786461,-51.294727003,0.049540467,2023,2,57,2022,11,26,330
2022-11-27 12:00:00,0.007566373,0.000314784,-0.002500000,0.000425232,0.007968689,0.532486499,490.177010975,225.535458986,17.692532453,-18.284035508,0.045755156,2023,2,58,2022,11,27,331
2022-11-28 12:00:00,0.006937579,0.000318809,0.015900000,0.000382316,0.017347622,0.532061269,490.709072244,15.037815904,16.328679022,66.427119138,0.041170213,2023,2,59,2022,11,28,332
2022-11-29 12:00:00,0.011933147,0.000321880,-0.009000000,0.000333821,0.014946572,0.531678956,491.240751199,193.570434385,14.670535173,-37.023661052,0.035973796,2023,2,60,2022,11,29,333
2022-11-30 12:00:00,0.006264184,0.000325625,0.003800000,0.000278100,0.007326664,0.531345137,491.772096337,16.699244234,12.515330363,31.241976614,0.029987920,2023,2,61,2022,11,30,334
2022-12-01 12:00:00,0.004704253,0.000330535,-0.012700000,0.000221528,0.013543264,0.531067041,492.303163377,177.563351753,9.984287947,-69.674682428,0.023900251,2023,3,62,2022,12,1,335
2022-12-02 12:00:00,0.002404163,0.000334409,0.004200000,0.000164339,0.004839421,0.530845515,492.834008892,225.000000000,7.555536021,60.212324707,0.017737571,2023,3,63,2022,12,2,336
2022-12-03 12:00:00,0.007741447,0.000336280,0.014300000,0.000115867,0.016260996,0.530681178,493.364690070,28.551391873,5.649576791,61.570661418,0.012509740,2023,3,64,2022,12,3,337
2022-12-04 12:00:00,0.004418144,0.000334267,-0.002700000,0.000078248,0.005177837,0.530565309,493.895255379,354.805571092,4.406115536,-31.429781484,0.008449970,2023,3,65,2022,12,4,338
2022-12-05 12:00:00,0.001835756,0.000326217,0.001000000,0.000049988,0.002090454,0.530487057,494.425742436,240.642246457,3.942119609,28.578663661,0.005398961,2023,3,66,2022,12,5,339
2022-12-06 12:00:00,0.002416609,0.000313875,-0.005200000,0.000023758,0.005734108,0.530437062,494.956179498,204.443954780,3.897328291,-65.074173666,0.002566287,2023,3,67,2022,12,6,340
2022-12-07 12:00:00,0.003162278,0.000299763,-0.009600000,-0.000000932,0.010107423,0.530413295,495.486592793,161.565051177,4.063340906,-71.767914239,-0.000100718,2023,3,68,2022,12,7,341
2022-12-08 12:00:00,0.004123106,0.000285642,0.011400000,-0.000028482,0.012122706,0.530414220,496.017007013,14.036243468,4.503773830,70.116162151,-0.003076630,2023,3,69,2022,12,8,342
2022-12-09 12:00:00,0.004338202,0.000273024,0.006000000,-0.000056499,0.007404053,0.530442695,496.547449707,25.974393962,5.235243143,54.131801545,-0.006102691,2023,3,70,2022,12,9,343
2022-12-10 12:00:00,0.011363538,0.000259737,-0.007700000,-0.000082680,0.013726616,0.530499187,497.077948894,204.986433205,6.597069256,-34.121796780,-0.008929736,2023,3,71,2022,12,10,344
2022-12-11 12:00:00,0.003324154,0.000243397,0.005300000,-0.000110583,0.006256197,0.530581859,497.608530753,226.218875235,9.080780079,57.904109529,-0.011941475,2023,3,72,2022,12,11,345
2022-12-12 12:00:00,0.004016217,0.000226624,-0.013200000,-0.000145040,0.013797464,0.530692434,498.139223188,18.886087370,12.586448278,-73.077151612,-0.015659118,2023,3,73,2022,12,12,346
2022-12-13 12:00:00,0.011650322,0.000210919,0.009200000,-0.000184495,0.014844864,0.530837468,498.670060656,32.735226272,16.915915758,38.297365380,-0.019913403,2023,3,74,2022,12,13,347
2022-12-14 12:00:00,0.003264966,0.000198812,0.015100000,-0.000224350,0.015448948,0.531021958,499.201082614,242.650124220,21.172090567,77.799166317,-0.024206725,2023,3,75,2022,12,14,348
2022-12-15 12:00:00,0.004085340,0.000190167,-0.024800000,-0.000260139,0.025134240,0.531246305,499.732328919,158.459024081,24.786581291,-80.645595241,-0.028056462,2023,3,76,2022,12,15,349
2022-12-16 12:00:00,0.004114608,0.000184976,0.008100000,-0.000295802,0.009085153,0.531506442,500.263835361,334.057704510,27.623366669,63.070509324,-0.031887102,2023,3,77,2022,12,16,350
2022-12-17 12:00:00,0.007144928,0.000180245,0.003000000,-0.000328146,0.007749194,0.531802243,500.795637604,6.428747749,29.813470897,22.776475864,-0.035354096,2023,3,78,2022,12,17,351
2022-12-18 12:00:00,0.006718631,0.000175227,-0.006300000,-0.000359844,0.009210320,0.532130387,501.327767991,184.267893300,30.860724809,-43.158215183,-0.038745233,2023,3,79,2022,12,18,352
2022-12-19 12:00:00,0.001700000,0.000170129,0.006900000,-0.000390450,0.007106335,0.532490229,501.860258220,61.927513064,31.039633548,76.159304508,-0.042012344,2023,3,80,2022,12,19,353
2022-12-20 12:00:00,0.003807887,0.000166665,-0.012400000,-0.000412599,0.012971507,0.532880678,502.393138898,203.198590514,30.229114641,-72.928925771,-0.044363038,2023,3,81,2022,12,20,354
2022-12-21 12:00:00,0.004317407,0.000164770,0.013900000,-0.000420713,0.014555068,0.533293277,502.926432175,283.392497754,28.585596183,72.744955212,-0.045200419,2023,3,82,2022,12,21,355
2022-12-22 12:00:00,0.003361547,0.000164152,-0.008700000,-0.000412112,0.009326843,0.533713990,503.460146165,120.379126011,26.501395482,-68.874228624,-0.044241433,2023,3,83,2022,12,22,356
2022-12-23 12:00:00,0.001931321,0.000163020,0.004200000,-0.000397564,0.004622770,0.534126101,503.994272266,248.749494493,24.904444092,65.305217700,-0.042646723,2023,3,84,2022,12,23,357
2022-12-24 12:00:00,0.004494441,0.000160357,-0.012800000,-0.000390110,0.013566134,0.534523664,504.528795930,69.145541960,24.879840598,-70.652387123,-0.041816055,2023,3,85,2022,12,24,358
2022-12-25 12:00:00,0.001029563,0.000156395,0.008200000,-0.000394043,0.008264381,0.534913773,505.063709704,330.945395901,25.961205952,82.843593210,-0.042206757,2023,3,86,2022,12,25,359
2022-12-26 12:00:00,0.004870318,0.000153790,-0.011200000,-0.000408295,0.012213108,0.535307815,505.599017519,250.820991974,27.126985142,-66.498194501,-0.043701128,2023,3,87,2022,12,26,360
2022-12-27 12:00:00,0.003176476,0.000155835,0.009800000,-0.000427959,0.010301942,0.535716110,506.134733629,28.178590110,27.436467026,72.040924356,-0.045770955,2023,3,88,2022,12,27,361
2022-12-28 12:00:00,0.004386342,0.000163146,0.000200000,-0.000445332,0.004390900,0.536144071,506.670877700,223.152389734,26.896121977,2.610654491,-0.047590997,2023,3,89,2022,12,28,362
2022-12-29 12:00:00,0.002051828,0.000172384,-0.004000000,-0.000455490,0.004495553,0.536589406,507.207467105,136.974934011,25.965780934,-62.844121718,-0.048636147,2023,3,90,2022,12,29,363
2022-12-30 12:00:00,0.003535534,0.000181819,-0.013000000,-0.000455571,0.013472194,0.537044898,507.744512004,28.739795292,24.470648991,-74.785586041,-0.048603539,2023,3,91,2022,12,30,364
2022-12-31 12:00:00,0.002816026,0.000192960,0.022300000,-0.000442543,0.022477099,0.537500473,508.282012477,196.504361382,21.684309613,82.802831366,-0.047173600,2023,3,92,2022,12,31,365
2023-01-01 12:00:00,0.004924429,0.000205159,-0.007300000,-0.000420495,0.008805680,0.537943020,508.819955497,12.907408671,18.134504304,-55.997212622,-0.044786556,2023,4,93,2023,1,1,1
2023-01-02 12:00:00,0.002507987,0.000219260,0.002300000,-0.000387542,0.003402940,0.538363521,509.358319018,175.426078740,14.182423073,42.523003811,-0.041244511,2023,4,94,2023,1,2,2
2023-01-03 12:00:00,0.005474486,0.000234753,-0.007200000,-0.000348588,0.009044888,0.538751070,509.897070088,350.537677792,10.614192506,-52.752626798,-0.037072034,2023,4,95,2023,1,3,3
2023-01-04 12:00:00,0.006105735,0.000250955,0.000600000,-0.000311512,0.006135145,0.539099665,510.436169753,58.392497754,7.658016377,5.612337799,-0.033107677,2023,4,96,2023,1,4,4
2023-01-05 12:00:00,0.003676955,0.000265839,-0.012400000,-0.000270909,0.012933677,0.539411184,510.975580937,202.380135052,5.575679051,-73.483400929,-0.028775749,2023,4,97,2023,1,5,5
2023-01-06 12:00:00,0.003162278,0.000276284,0.019500000,-0.000234119,0.019754746,0.539682099,511.515263036,251.565051177,4.414364707,80.788642793,-0.024855399,2023,4,98,2023,1,6,6
2023-01-07 12:00:00,0.002915476,0.000282474,-0.002700000,-0.000204902,0.003973663,0.539916221,512.055179256,202.166345822,4.248201959,-42.802535616,-0.021744100,2023,4,99,2023,1,7,7
2023-01-08 12:00:00,0.003623534,0.000285018,0.011800000,-0.000177746,0.012343824,0.540121123,512.595300379,50.599339337,5.029747535,72.929368561,-0.018855162,2023,4,100,2023,1,8,8
2023-01-09 12:00:00,0.004609772,0.000282983,0.000400000,-0.000152990,0.004627094,0.540298868,513.135599247,192.528807709,6.669626805,4.959258000,-0.016223747,2023,4,101,2023,1,9,9
2023-01-10 12:00:00,0.002801785,0.000276856,-0.018900000,-0.000130482,0.019106543,0.540451854,513.676051102,214.824489157,8.723439460,-81.567735567,-0.013832962,2023,4,102,2023,1,10,10
2023-01-11 12:00:00,0.005408327,0.000268092,-0.003800000,-0.000116281,0.006609841,0.540582332,514.216633433,340.559965172,10.887953154,-35.092654057,-0.012324468,2023,4,103,2023,1,11,11
2023-01-12 12:00:00,0.006217717,0.000257765,-0.001500000,-0.000105469,0.006396093,0.540698607,514.757332041,27.801458780,13.331014860,-13.563222977,-0.011176118,2023,4,104,2023,1,12,12
2023-01-13 12:00:00,0.002256103,0.000247694,-0.001800000,-0.000091914,0.002886174,0.540804071,515.298136112,192.804266065,15.891381166,-38.584124979,-0.009737897,2023,4,105,2023,1,13,13
2023-01-14 12:00:00,0.002376973,0.000237215,0.001200000,-0.000070042,0.002662705,0.540895981,515.839032093,22.249023657,19.068469277,26.786643906,-0.007419349,2023,4,106,2023,1,14,14
2023-01-15 12:00:00,0.001843909,0.000226437,0.006200000,-0.000044653,0.006468385,0.540966018,516.379998111,220.601294645,22.739841537,73.437276911,-0.004729344,2023,4,107,2023,1,15,15
2023-01-16 12:00:00,0.002376973,0.000216821,0.016700000,-0.000020426,0.016868313,0.541010667,516.921008777,104.620873989,25.819977590,81.899290791,-0.002163219,2023,4,108,2023,1,16,16
2023-01-17 12:00:00,0.000989949,0.000210450,-0.010800000,-0.000008307,0.010845275,0.541031090,517.462039868,225.000000000,27.590691355,-84.762789645,-0.000879739,2023,4,109,2023,1,17,17
2023-01-18 12:00:00,0.004356604,0.000210575,0.001700000,-0.000012197,0.004676537,0.541039397,518.003079265,350.753887254,27.561507076,21.316334737,-0.001291703,2023,4,110,2023,1,18,18
2023-01-19 12:00:00,0.005590170,0.000217270,-0.012800000,-0.000032867,0.013967462,0.541051597,518.544130862,206.565051177,25.813992531,-66.407565190,-0.003480470,2023,4,111,2023,1,19,19
2023-01-20 12:00:00,0.004802083,0.000228948,0.011900000,-0.000068290,0.012832381,0.541084469,519.085215331,31.373005140,23.215430166,68.024131853,-0.007231280,2023,4,112,2023,1,20,20
2023-01-21 12:00:00,0.002061553,0.000244604,0.002100000,-0.000116109,0.002942788,0.541152766,519.626368097,320.906141114,20.270689689,45.529321383,-0.012293299,2023,4,113,2023,1,21,21
2023-01-22 12:00:00,0.001711724,0.000259501,-0.020000000,-0.000173800,0.020073116,0.541268882,520.167636979,186.709836808,18.113725700,-85.108192085,-0.018397542,2023,4,114,2023,1,22,22
2023-01-23 12:00:00,0.003966106,0.000269986,0.028100000,-0.000237280,0.028378513,0.541442687,520.709079666,236.309932474,17.028589364,81.966193331,-0.025109161,2023,4,115,2023,1,23,23
2023-01-24 12:00:00,0.002758623,0.000272633,-0.021500000,-0.000294982,0.021676254,0.541679969,521.250759634,133.531199286,16.518563795,-82.688439520,-0.031201488,2023,4,116,2023,1,24,24
2023-01-25 12:00:00,0.001131371,0.000268788,-0.002900000,-0.000340689,0.003112876,0.541974949,521.792734583,225.000000000,16.182915010,-68.687857016,-0.036016534,2023,4,117,2023,1,25,25
2023-01-26 12:00:00,0.008820431,0.000262545,0.017700000,-0.000371284,0.019775996,0.542315635,522.335050218,3.900493742,15.727730077,63.511573482,-0.039226226,2023,4,118,2023,1,26,26
2023-01-27 12:00:00,0.007211103,0.000258178,-0.008000000,-0.000390753,0.010770330,0.542686917,522.877737135,199.440034828,14.515442966,-47.968886226,-0.041254862,2023,4,119,2023,1,27,27
2023-01-28 12:00:00,0.005200000,0.000257572,0.004300000,-0.000401033,0.006747592,0.543077669,523.420814803,112.619864948,12.436261063,39.588130848,-0.042309745,2023,4,120,2023,1,28,28
2023-01-29 12:00:00,0.000743303,0.000262270,0.005350000,-0.000412980,0.005401389,0.543478704,523.964293507,289.653824058,8.196396242,82.090232865,-0.043538031,2023,4,121,2023,1,29,29
2023-01-30 12:00:00,0.000743303,0.000262270,0.005350000,-0.000412980,0.005401389,0.543891683,524.508185190,289.653824058,8.196396242,82.090232865,-0.043504973,2023,4,122,2023,1,30,30
2023-01-31 12:00:00,0.008919641,0.000273708,-0.003600000,-0.000414884,0.009618732,0.544304668,525.052489858,19.653824058,3.101481011,-21.979184080,-0.043672434,2023,4,123,2023,1,31,31
2023-02-01 12:00:00,0.006370243,0.000286034,-0.001300000,-0.000403617,0.006501538,0.544719559,525.597209417,222.455195620,359.658590154,-11.534191875,-0.042454087,2023,5,124,2023,2,1,32
2023-02-02 12:00:00,0.001063015,0.000299623,-0.013300000,-0.000386784,0.013342414,0.545123183,526.142332600,228.814074834,356.788982007,-85.430296907,-0.040653379,2023,5,125,2023,2,2,33
2023-02-03 12:00:00,0.007335530,0.000313227,-0.000400000,-0.000369963,0.007346428,0.545509975,526.687842575,62.386972177,354.512642267,-3.121197382,-0.038857758,2023,5,126,2023,2,3,34
2023-02-04 12:00:00,0.004244997,0.000328342,-0.007900000,-0.000358062,0.008968277,0.545879946,527.233722522,285.018360631,352.694490019,-61.749021127,-0.037582344,2023,5,127,2023,2,4,35
2023-02-05 12:00:00,0.007034202,0.000346300,0.006700000,-0.000356876,0.009714422,0.546238020,527.779960541,284.826479970,351.316300484,43.606064270,-0.037433339,2023,5,128,2023,2,5,36
2023-02-06 12:00:00,0.008130191,0.000365426,-0.013700000,-0.000370561,0.015930788,0.546594908,528.326555450,58.069317896,350.510947996,-59.313217575,-0.038843407,2023,5,129,2023,2,6,37
2023-02-07 12:00:00,0.006896376,0.000384266,0.004800000,-0.000396556,0.008402381,0.546965483,528.873520932,196.858398768,350.333584883,34.838601867,-0.041540061,2023,5,130,2023,2,7,38
2023-02-08 12:00:00,0.005015974,0.000400327,-0.013700000,-0.000425263,0.014589380,0.547362050,529.420882982,23.498565676,350.582518641,-69.890829974,-0.044514903,2023,5,131,2023,2,8,39
2023-02-09 12:00:00,0.009080198,0.000410402,0.013900000,-0.000452169,0.016603012,0.547787320,529.968670302,216.491296684,351.271320116,56.845355412,-0.047294578,2023,5,132,2023,2,9,40
2023-02-10 12:00:00,0.004110961,0.000408236,-0.002100000,-0.000480371,0.004616276,0.548239487,530.516909789,161.565051177,352.621314304,-27.059284210,-0.050202892,2023,5,133,2023,2,10,41
2023-02-11 12:00:00,0.008061017,0.000392747,0.008000000,-0.000505530,0.011356936,0.548719846,531.065629635,45.000000000,354.634639639,44.782329027,-0.052786054,2023,5,134,2023,2,11,42
2023-02-12 12:00:00,0.002601922,0.000367658,-0.001200000,-0.000521515,0.002865310,0.549225359,531.614854995,357.797401838,357.189141246,-24.759031831,-0.054404985,2023,5,135,2023,2,12,43
2023-02-13 12:00:00,0.002865310,0.000338441,0.000700000,-0.000529811,0.002949576,0.549746855,532.164601849,299.248826337,0.183339127,13.728549702,-0.055217983,2023,5,136,2023,2,13,44
2023-02-14 12:00:00,0.004441846,0.000311360,-0.002100000,-0.000522025,0.004913247,0.550276649,532.714878499,31.184974659,3.545173191,-25.303677339,-0.054354139,2023,5,137,2023,2,14,45
2023-02-15 12:00:00,0.001581139,0.000288251,0.007200000,-0.000504142,0.007371567,0.550798661,533.265677160,198.434948823,7.040438612,77.614300630,-0.052442462,2023,5,138,2023,2,15,46
2023-02-16 12:00:00,0.001700000,0.000268530,-0.004800000,-0.000484775,0.005092151,0.551302794,533.816979954,151.927513064,10.465545807,-70.497551493,-0.050381706,2023,5,139,2023,2,16,47
2023-02-17 12:00:00,0.001931321,0.000255311,0.002600000,-0.000460479,0.003238827,0.551787563,534.368767516,158.749494493,13.108134385,53.394455744,-0.047814648,2023,5,140,2023,2,17,48
2023-02-18 12:00:00,0.005643580,0.000249587,0.005000000,-0.000435454,0.007539894,0.552248039,534.921015556,7.125016349,14.850292896,41.539735804,-0.045178381,2023,5,141,2023,2,18,49
2023-02-19 12:00:00,0.004904080,0.000249424,0.006900000,-0.000410761,0.008465223,0.552683493,535.473699049,230.792796495,16.089018730,54.597212936,-0.042582944,2023,5,142,2023,2,19,50
2023-02-20 12:00:00,0.002941088,0.000254236,-0.016400000,-0.000390232,0.016661633,0.553094256,536.026793305,17.818888915,16.773977741,-79.832956010,-0.040424681,2023,5,143,2023,2,20,51
2023-02-21 12:00:00,0.004031129,0.000262103,-0.005200000,-0.000378998,0.006579514,0.553484492,536.580277797,187.125016349,17.132108491,-52.216545541,-0.039233237,2023,5,144,2023,2,21,52
2023-02-22 12:00:00,0.004657252,0.000270945,0.000200000,-0.000378051,0.004661545,0.553863494,537.134141292,14.931417178,17.019849992,2.458986217,-0.039108454,2023,5,145,2023,2,22,53
2023-02-23 12:00:00,0.006072891,0.000277048,0.002500000,-0.000378012,0.006567343,0.554241549,537.688382841,72.758540601,16.737991713,22.375278561,-0.039077704,2023,5,146,2023,2,23,54
2023-02-24 12:00:00,0.007874643,0.000276920,0.005500000,-0.000374844,0.009605207,0.554619561,538.243002401,229.635463427,16.786076282,34.932157162,-0.038723825,2023,5,147,2023,2,24,55
2023-02-25 12:00:00,0.010323275,0.000269915,-0.015300000,-0.000376027,0.018456977,0.554994401,538.797996802,218.313090674,17.438000259,-55.991521711,-0.038819750,2023,5,148,2023,2,25,56
2023-02-26 12:00:00,0.020278067,0.000255573,0.019300000,-0.000387760,0.027994464,0.555370421,539.353367223,22.011283198,18.562499589,43.584374878,-0.040003974,2023,5,149,2023,2,26,57
2023-02-27 12:00:00,0.012140016,0.000237631,-0.017100000,-0.000406136,0.020971171,0.555758173,539.909125397,216.964289289,19.604691382,-54.627439181,-0.041870533,2023,5,150,2023,2,27,58
2023-02-28 12:00:00,0.003052868,0.000220286,0.000800000,-0.000422121,0.003155947,0.556164302,540.465289699,148.392497754,20.516598176,14.684111213,-0.043486758,2023,5,151,2023,2,28,59
2023-03-01 12:00:00,0.001780449,0.000204950,0.002000000,-0.000427016,0.002677686,0.556586418,541.021876117,128.157226587,21.847440779,48.323734525,-0.043957608,2023,6,152,2023,3,1,60
2023-03-02 12:00:00,0.005192302,0.000194246,-0.009900000,-0.000418458,0.011178998,0.557013430,541.578889546,15.642246457,23.081232166,-62.324115403,-0.043043584,2023,6,153,2023,3,2,61
2023-03-03 12:00:00,0.002600000,0.000186985,-0.005200000,-0.000395133,0.005813777,0.557431885,542.136321431,202.619864948,23.731449550,-63.434948823,-0.040613826,2023,6,154,2023,3,3,62
2023-03-04 12:00:00,0.005433231,0.000185034,0.019600000,-0.000363092,0.020339125,0.557827017,542.694148448,6.340191746,23.143125607,74.506324893,-0.037294110,2023,6,155,2023,3,4,63
2023-03-05 12:00:00,0.010850346,0.000186989,-0.018700000,-0.000317587,0.021619898,0.558190110,543.252338558,199.937991744,21.211381909,-59.876304720,-0.032598959,2023,6,156,2023,3,5,64
2023-03-06 12:00:00,0.007940403,0.000190273,0.008900000,-0.000258866,0.011927280,0.558507698,543.810846257,5.782392322,18.433426928,48.261291712,-0.026556388,2023,6,157,2023,3,6,65
2023-03-07 12:00:00,0.007324616,0.000192385,0.016200000,-0.000189576,0.017778920,0.558766565,544.369612822,75.774036101,15.195824013,65.670523941,-0.019439092,2023,6,158,2023,3,7,66
2023-03-08 12:00:00,0.004477723,0.000193563,-0.021200000,-0.000117606,0.021667718,0.558956142,544.928568964,330.572543597,11.926884967,-78.073654647,-0.012055198,2023,6,159,2023,3,8,67
2023-03-09 12:00:00,0.008411896,0.000195855,0.009800000,-0.000045580,0.012915107,0.559073749,545.487642713,241.606980579,9.194711179,49.358634693,-0.004671214,2023,6,160,2023,3,9,68
2023-03-10 12:00:00,0.008514693,0.000200939,0.016200000,0.000021687,0.018301366,0.559119331,546.046762044,56.496563018,7.260360300,62.273658654,0.002222412,2023,6,161,2023,3,10,69
2023-03-11 12:00:00,0.006258594,0.000207462,-0.014700000,0.000079526,0.015976858,0.559097646,546.605859689,77.074000875,5.657845098,-66.937892318,0.008149776,2023,6,162,2023,3,11,70
2023-03-12 12:00:00,0.010206860,0.000214870,-0.006100000,0.000126106,0.011890753,0.559018122,547.164877812,228.972495941,4.178612949,-30.864111866,0.012925068,2023,6,163,2023,3,12,71
2023-03-13 12:00:00,0.005203845,0.000219077,0.010800000,0.000164972,0.011988328,0.558892018,547.723769830,182.202598162,3.494132955,64.273490206,0.016912381,2023,6,164,2023,3,13,72
2023-03-14 12:00:00,0.003312099,0.000219491,0.000900000,0.000197579,0.003432200,0.558727046,548.282496876,28.886581767,3.590178214,15.201975189,0.020261144,2023,6,165,2023,3,14,73
2023-03-15 12:00:00,0.010602358,0.000214849,-0.020500000,0.000221586,0.023079428,0.558529465,548.841026341,205.114834886,4.746725106,-62.652527821,0.022731050,2023,6,166,2023,3,15,74
2023-03-16 12:00:00,0.009947864,0.000208109,0.005100000,0.000231038,0.011178998,0.558307876,549.399334217,30.173520030,6.697279317,27.142983267,0.023709991,2023,6,167,2023,3,16,75
2023-03-17 12:00:00,0.007057620,0.000202313,-0.016000000,0.000229928,0.017487424,0.558076837,549.957411054,7.326406660,9.322785008,-66.197664238,0.023605923,2023,6,168,2023,3,17,76
2023-03-18 12:00:00,0.002729469,0.000197145,0.026000000,0.000223418,0.026142877,0.557846907,550.515257961,261.573030979,12.551872394,84.007064857,0.022946963,2023,6,169,2023,3,18,77
2023-03-19 12:00:00,0.003500000,0.000189733,0.005800000,0.000211664,0.006774216,0.557623486,551.072881447,216.869897646,16.812284143,58.891191171,0.021748443,2023,6,170,2023,3,19,78
2023-03-20 12:00:00,0.003535534,0.000181061,-0.011900000,0.000201662,0.012414105,0.557411820,551.630293267,28.739795292,22.022949930,-73.453121235,0.020728651,2023,6,171,2023,3,20,79
2023-03-21 12:00:00,0.008300602,0.000175278,0.010700000,0.000193694,0.013542156,0.557210156,552.187503423,179.309722802,27.608041561,52.197219827,0.019916811,2023,6,172,2023,3,21,80
2023-03-22 12:00:00,0.012020815,0.000175308,-0.016300000,0.000190676,0.020253148,0.557016462,552.744519884,19.942384582,33.039566493,-53.592215190,0.019613299,2023,6,173,2023,3,22,81
2023-03-23 12:00:00,0.017630939,0.000180703,0.022100000,0.000195774,0.028271187,0.556825787,553.301345672,191.118734809,37.856075900,51.417833567,0.020144601,2023,6,174,2023,3,23,82
2023-03-24 12:00:00,0.006529931,0.000188706,-0.007200000,0.000212453,0.009720082,0.556630016,553.857975688,310.030259272,41.507959304,-47.794018657,0.021868544,2023,6,175,2023,3,24,83
2023-03-25 12:00:00,0.008640023,0.000196053,0.003200000,0.000238249,0.009213577,0.556417565,554.414393252,37.002526528,44.402667220,20.323086834,0.024533100,2023,6,176,2023,3,25,84
2023-03-26 12:00:00,0.002912044,0.000202250,-0.007200000,0.000273595,0.007766595,0.556179318,554.970572571,254.054604099,46.228315311,-67.979102829,0.028184893,2023,6,177,2023,3,26,85
2023-03-27 12:00:00,0.004465423,0.000207795,0.010800000,0.000311064,0.011686745,0.555905725,555.526478296,304.045937357,47.192046867,67.536614907,0.032060597,2023,6,178,2023,3,27,86
2023-03-28 12:00:00,0.007782031,0.000212441,-0.008000000,0.000340269,0.011160645,0.555594663,556.082072959,25.906508000,47.791127621,-45.791275469,0.035090244,2023,6,179,2023,3,28,87
2023-03-29 12:00:00,0.006586350,0.000214362,-0.001200000,0.000359796,0.006694774,0.555254395,556.637327354,120.068582822,48.002727861,-10.325744705,0.037126742,2023,6,180,2023,3,29,88
2023-03-30 12:00:00,0.002507987,0.000212882,-0.006700000,0.000364611,0.007154020,0.554894599,557.192221953,336.501434324,48.000591081,-69.477795784,0.037647953,2023,6,181,2023,3,30,89
2023-03-31 12:00:00,0.009633276,0.000207973,0.009500000,0.000357782,0.013529597,0.554529986,557.746751939,221.633539337,48.725946103,44.600904224,0.036967185,2023,6,182,2023,3,31,90
2023-04-01 12:00:00,0.005500000,0.000201592,-0.005800000,0.000348717,0.007993122,0.554172202,558.300924141,53.130102354,49.893870251,-46.520769661,0.036053772,2023,7,183,2023,4,1,91
2023-04-02 12:00:00,0.004939636,0.000196388,0.006300000,0.000339646,0.008005623,0.553823483,558.854747624,248.629377731,50.539317258,51.901100401,0.035138080,2023,7,184,2023,4,2,92
2023-04-03 12:00:00,0.005232590,0.000194395,-0.014700000,0.000330157,0.015603525,0.553483836,559.408231460,45.000000000,50.492211141,-70.406380053,0.034177303,2023,7,185,2023,4,3,93
2023-04-04 12:00:00,0.001431782,0.000194847,0.019600000,0.000324550,0.019652226,0.553153680,559.961385140,245.224859431,50.283261124,85.821958390,0.033616971,2023,7,186,2023,4,4,94
2023-04-05 12:00:00,0.002118962,0.000195478,-0.006600000,0.000326366,0.006931811,0.552829130,560.514214270,340.709953781,50.344056993,-72.200520742,0.033824898,2023,7,187,2023,4,5,95
2023-04-06 12:00:00,0.005481788,0.000196438,0.005400000,0.000333639,0.007694803,0.552502764,561.066717034,165.203237755,51.234917962,44.569370341,0.034599086,2023,7,188,2023,4,6,96
2023-04-07 12:00:00,0.003312099,0.000195503,0.002100000,0.000344856,0.003921734,0.552169125,561.618886160,241.113418233,53.789522059,32.376291708,0.035783951,2023,7,189,2023,4,7,97
2023-04-08 12:00:00,0.002912044,0.000193649,-0.008100000,0.000355789,0.008607555,0.551824269,562.170710428,15.945395901,57.680487858,-70.225900242,0.036941515,2023,7,190,2023,4,8,98
2023-04-09 12:00:00,0.003061046,0.000192513,0.006800000,0.000357756,0.007457211,0.551468479,562.722178908,321.632514615,62.297435652,65.764928832,0.037169674,2023,7,191,2023,4,9,99
2023-04-10 12:00:00,0.002193171,0.000193584,-0.006900000,0.000349545,0.007240166,0.551110724,563.273289631,226.847610266,66.876994992,-72.367094507,0.036340198,2023,7,192,2023,4,10,100
2023-04-11 12:00:00,0.004272002,0.000196910,0.021700000,0.000333968,0.022116510,0.550761180,563.824050811,106.313852426,70.996328002,78.862805167,0.034742775,2023,7,193,2023,4,11,101
2023-04-12 12:00:00,0.007186793,0.000199673,-0.007000000,0.000314011,0.010032447,0.550427212,564.374478023,248.790773866,74.853179128,-44.245646481,0.032686443,2023,7,194,2023,4,12,102
2023-04-13 12:00:00,0.006236185,0.000200607,-0.009400000,0.000285992,0.011280514,0.550113202,564.924591225,74.180806052,77.783232702,-56.438753342,0.029786800,2023,7,195,2023,4,13,103
2023-04-14 12:00:00,0.004936598,0.000198650,0.003300000,0.000254149,0.005938013,0.549827209,565.474418434,353.018942593,79.030983296,33.761798861,0.026484121,2023,7,196,2023,4,14,104
2023-04-15 12:00:00,0.001341641,0.000194859,-0.010200000,0.000218744,0.010287857,0.549573059,566.023991493,63.434948823,77.823429185,-82.506707047,0.022805215,2023,7,197,2023,4,15,105
2023-04-16 12:00:00,0.002420744,0.000189034,0.002200000,0.000184987,0.003271085,0.549354312,566.573345805,51.709836808,74.114766045,42.264926567,0.019293530,2023,7,198,2023,4,16,106
2023-04-17 12:00:00,0.003420526,0.000183082,0.002700000,0.000148888,0.004357752,0.549169323,567.122515128,232.125016349,68.385532631,38.285875579,0.015533700,2023,7,199,2023,4,17,107
2023-04-18 12:00:00,0.004810405,0.000179913,0.010600000,0.000116546,0.011640447,0.549020434,567.671535562,200.695450734,61.986036124,65.590890946,0.012162761,2023,7,200,2023,4,18,108
2023-04-19 12:00:00,0.006181424,0.000179565,0.003500000,0.000087847,0.007103520,0.548903888,568.220439450,9.309940175,56.352492626,29.519085603,0.009169712,2023,7,201,2023,4,19,109
2023-04-20 12:00:00,0.011194642,0.000180618,0.020400000,0.000060266,0.023269723,0.548816041,568.769255491,41.378515296,51.537397049,61.243916028,0.006291723,2023,7,202,2023,4,20,110
2023-04-21 12:00:00,0.015579474,0.000183158,-0.026500000,0.000038398,0.030740364,0.548755776,569.318011267,221.877869538,47.092643528,-59.548530849,0.004009171,2023,7,203,2023,4,21,111
2023-04-22 12:00:00,0.004468781,0.000185090,0.019500000,0.000026780,0.020005499,0.548717378,569.866728645,220.462227492,44.037713524,77.092505921,0.002796262,2023,7,204,2023,4,22,112
2023-04-23 12:00:00,0.006044005,0.000183817,-0.028400000,0.000025926,0.029036012,0.548690598,570.415419243,51.044092162,43.054596850,-77.985718963,0.002707214,2023,7,205,2023,4,23,113
2023-04-24 12:00:00,0.008900000,0.000179292,0.005700000,0.000033895,0.010568822,0.548664671,570.964083914,180.000000000,44.647950582,32.637507584,0.003539618,2023,7,206,2023,4,24,114
2023-04-25 12:00:00,0.006603030,0.000174648,0.005300000,0.000040237,0.008466995,0.548630774,571.512714688,358.264295411,48.407708353,38.752683378,0.004202143,2023,7,207,2023,4,25,115
2023-04-26 12:00:00,0.007433034,0.000172274,-0.001200000,0.000046041,0.007529276,0.548590536,572.061305224,199.653824058,53.856768342,-9.170787409,0.004808615,2023,7,208,2023,4,26,116
2023-04-27 12:00:00,0.007211103,0.000175188,-0.019100000,0.000043253,0.020415925,0.548544496,572.609849720,356.820169880,58.945862856,-69.316239886,0.004517767,2023,7,209,2023,4,27,117
2023-04-28 12:00:00,0.005458938,0.000181713,0.002700000,0.000031772,0.006090156,0.548501245,573.158350965,28.442928624,62.443663731,26.317078857,0.003318852,2023,7,210,2023,4,28,118
2023-04-29 12:00:00,0.012159770,0.000188544,0.013800000,0.000021905,0.018392933,0.548469476,573.706820441,191.864390451,64.322872962,48.615344532,0.002288293,2023,7,211,2023,4,29,119
2023-04-30 12:00:00,0.008402381,0.000191623,-0.023300000,0.000011073,0.024768730,0.548447572,574.255268013,38.233825177,64.603225260,-70.169824388,0.001156783,2023,7,212,2023,4,30,120
2023-05-01 12:00:00,0.004341659,0.000190716,0.019100000,-0.000007994,0.019587241,0.548436499,574.803704512,308.453709217,63.284277770,77.193595824,-0.000835094,2023,8,213,2023,5,1,121
2023-05-02 12:00:00,0.000282843,0.000188579,0.009100000,-0.000040372,0.009104395,0.548444491,575.352149003,135.000000000,60.093631882,88.219727679,-0.004217648,2023,8,214,2023,5,2,122
2023-05-03 12:00:00,0.002408319,0.000187167,-0.012700000,-0.000080580,0.012926330,0.548484863,575.900633866,355.236358309,54.429477679,-79.262417082,-0.008417588,2023,8,215,2023,5,3,123
2023-05-04 12:00:00,0.001220656,0.000187446,0.024200000,-0.000115100,0.024230766,0.548565444,576.449199310,124.992020199,47.493471568,87.112430195,-0.012021830,2023,8,216,2023,5,4,124
2023-05-05 12:00:00,0.005632051,0.000187802,-0.025300000,-0.000141609,0.025919298,0.548680544,576.997879853,353.884496434,41.415811122,-77.449982422,-0.014787438,2023,8,217,2023,5,5,125
2023-05-06 12:00:00,0.004846648,0.000187129,0.029200000,-0.000154848,0.029599493,0.548822152,577.546702006,201.801409486,37.343033401,80.575900094,-0.016165809,2023,8,218,2023,5,6,126
2023-05-07 12:00:00,0.014946572,0.000185134,-0.024600000,-0.000151526,0.028784718,0.548977000,578.095679006,24.507405230,34.904348825,-58.717795291,-0.015814515,2023,8,219,2023,5,7,127
2023-05-08 12:00:00,0.015936436,0.000181500,-0.007900000,-0.000137433,0.017787074,0.549128525,578.644807531,194.908258012,33.126059192,-26.368505403,-0.014339685,2023,8,220,2023,5,8,128
2023-05-09 12:00:00,0.004080441,0.000177349,0.027900000,-0.000122364,0.028196808,0.549265956,579.194073487,323.972626615,31.302393659,81.679347322,-0.012764220,2023,8,221,2023,5,9,129
2023-05-10 12:00:00,0.007220111,0.000171953,-0.014500000,-0.000114071,0.016198148,0.549388319,579.743461806,126.552472752,29.753496020,-63.529510837,-0.011896488,2023,8,222,2023,5,10,130
2023-05-11 12:00:00,0.008343261,0.000165748,0.000500000,-0.000114402,0.008358229,0.549502388,580.292964194,256.130313561,28.155515943,3.429554536,-0.011928506,2023,8,223,2023,5,11,131
2023-05-12 12:00:00,0.002184033,0.000160497,0.003000000,-0.000124517,0.003710795,0.549616788,580.842580982,105.945395901,26.209273385,53.944970316,-0.012980523,2023,8,224,2023,5,12,132
2023-05-13 12:00:00,0.006942622,0.000157025,-0.016400000,-0.000143834,0.017808986,0.549741305,581.392322287,348.366366001,24.275088433,-67.055572279,-0.014990867,2023,8,225,2023,5,13,133
2023-05-14 12:00:00,0.004110961,0.000154085,0.017800000,-0.000172793,0.018268552,0.549885138,581.942207425,198.434948823,22.553131713,76.995394246,-0.018004327,2023,8,226,2023,5,14,134
2023-05-15 12:00:00,0.005590170,0.000153239,-0.015500000,-0.000211565,0.016477257,0.550057931,582.492265356,26.565051177,20.755862378,-70.167850493,-0.022037236,2023,8,227,2023,5,15,135
2023-05-16 12:00:00,0.002580698,0.000155460,0.003200000,-0.000261940,0.004110961,0.550269496,583.042534852,234.462322208,18.439585762,51.114934875,-0.027273981,2023,8,228,2023,5,16,136
2023-05-17 12:00:00,0.000500000,0.000158818,0.013900000,-0.000314830,0.013908990,0.550531437,583.593066288,90.000000000,15.916658478,87.939888976,-0.032765453,2023,8,229,2023,5,17,137
2023-05-18 12:00:00,0.007387828,0.000164270,-0.012300000,-0.000360208,0.014348171,0.550846268,584.143912556,39.507675443,13.227882053,-59.009439575,-0.037466756,2023,8,230,2023,5,18,138
2023-05-19 12:00:00,0.008653901,0.000171744,-0.013200000,-0.000399394,0.015783853,0.551206479,584.695119035,202.416147479,10.755681203,-56.751209346,-0.041515454,2023,8,231,2023,5,19,139
2023-05-20 12:00:00,0.002220360,0.000183125,0.010300000,-0.000430998,0.010536603,0.551605876,585.246724911,187.765166018,8.595802546,77.834964550,-0.044768105,2023,8,232,2023,5,20,140
2023-05-21 12:00:00,0.005385165,0.000198584,-0.003400000,-0.000453260,0.006368673,0.552036879,585.798761790,15.068488159,6.562311643,-32.266845788,-0.047043750,2023,8,233,2023,5,21,141
2023-05-22 12:00:00,0.002473863,0.000214104,0.020100000,-0.000463371,0.020251667,0.552490145,586.351251935,165.963756532,4.851641450,82.983449897,-0.048053705,2023,8,234,2023,5,22,142
2023-05-23 12:00:00,0.002469818,0.000226161,-0.023400000,-0.000466990,0.023529981,0.552953520,586.904205455,248.629377731,3.877663530,-83.974866183,-0.048388484,2023,8,235,2023,5,23,143
2023-05-24 12:00:00,0.003981206,0.000232773,0.005600000,-0.000466259,0.006870953,0.553420514,587.457625969,258.407824590,3.670588785,54.589851785,-0.048271978,2023,8,236,2023,5,24,144
2023-05-25 12:00:00,0.008323461,0.000235009,0.010600000,-0.000463334,0.013477388,0.553886774,588.011512743,35.217592968,3.620415043,51.859857352,-0.047928751,2023,8,237,2023,5,25,145
2023-05-26 12:00:00,0.004060788,0.000235579,-0.004500000,-0.000446189,0.006061353,0.554350108,588.565862851,127.998732443,3.319451925,-47.936989304,-0.046116608,2023,8,238,2023,5,26,146
2023-05-27 12:00:00,0.001640122,0.000234653,-0.001300000,-0.000413147,0.002092845,0.554796297,589.120659148,307.568592029,2.842009932,-38.401187831,-0.042667125,2023,8,239,2023,5,27,147
2023-05-28 12:00:00,0.001104536,0.000233361,-0.017000000,-0.000362469,0.017035845,0.555209443,589.675868591,264.805571092,2.792961202,-86.282562947,-0.037405594,2023,8,240,2023,5,28,148
2023-05-29 12:00:00,0.003453983,0.000232605,0.006800000,-0.000304142,0.007626926,0.555571912,590.231440503,112.109448344,3.259887089,63.072221991,-0.031365935,2023,8,241,2023,5,29,149
2023-05-30 12:00:00,0.004101219,0.000233056,0.003600000,-0.000241904,0.005457105,0.555876053,590.787316556,315.000000000,4.410301537,41.276264041,-0.024933732,2023,8,242,2023,5,30,150
2023-05-31 12:00:00,0.013024976,0.000236080,0.002700000,-0.000175503,0.013301880,0.556117958,591.343434515,218.453709217,6.406581078,11.711207418,-0.018081691,2023,8,243,2023,5,31,151
2023-06-01 12:00:00,0.012120231,0.000243206,-0.015000000,-0.000110490,0.019284709,0.556293464,591.899727979,56.441043869,8.576010646,-51.061254910,-0.011379976,2023,9,244,2023,6,1,152
2023-06-02 12:00:00,0.005522681,0.000254117,0.015600000,-0.000049535,0.016548716,0.556403959,592.456131937,317.935673446,10.531882805,70.505121410,-0.005100857,2023,9,245,2023,6,2,153
2023-06-03 12:00:00,0.001431782,0.000266946,-0.010900000,0.000014502,0.010993635,0.556453500,593.012585437,65.224859431,12.320873291,-82.516690456,0.001493227,2023,9,246,2023,6,3,154
2023-06-04 12:00:00,0.009140022,0.000279503,0.005300000,0.000074117,0.010565510,0.556439004,593.569024441,216.995271143,14.231018949,30.108044435,0.007631705,2023,9,247,2023,6,4,155
2023-06-05 12:00:00,0.008931965,0.000287799,-0.000100000,0.000131570,0.008932525,0.556364891,594.125389332,21.682291613,16.466033251,-0.641442116,0.013549390,2023,9,248,2023,6,5,156
2023-06-06 12:00:00,0.001345362,0.000290868,-0.011400000,0.000184348,0.011479111,0.556233323,594.681622654,131.987212496,19.141214044,-83.269413012,0.018989107,2023,9,249,2023,6,6,157
2023-06-07 12:00:00,0.003324154,0.000290413,0.025900000,0.000229276,0.026112449,0.556048974,595.237671629,276.911227119,22.366538999,82.686315813,0.023624800,2023,9,250,2023,6,7,158
2023-06-08 12:00:00,0.008852683,0.000287217,-0.020400000,0.000268322,0.022238030,0.555819697,595.793491325,48.205215931,26.371079290,-66.541323308,0.027659576,2023,9,251,2023,6,8,159
2023-06-09 12:00:00,0.010151355,0.000282606,0.016000000,0.000295603,0.018948615,0.555551372,596.349042697,198.970407808,30.642880441,57.606520882,0.030486464,2023,9,252,2023,6,9,160
2023-06-10 12:00:00,0.001769181,0.000276878,-0.026700000,0.000307044,0.026758550,0.555255766,596.904298463,312.709389957,34.811585265,-86.209040503,0.031683258,2023,9,253,2023,6,10,161
2023-06-11 12:00:00,0.001019804,0.000271069,0.011900000,0.000313710,0.011943618,0.554948720,597.459247183,348.690067526,38.921770407,85.101844825,0.032389028,2023,9,254,2023,6,11,162
2023-06-12 12:00:00,0.003905125,0.000265626,-0.007100000,0.000324230,0.008103086,0.554635007,598.013882191,76.675468738,42.573920015,-61.188432811,0.033494171,2023,9,255,2023,6,12,163
2023-06-13 12:00:00,0.005632051,0.000260394,0.027500000,0.000339573,0.028070803,0.554310774,598.568192965,343.495638618,45.440786418,78.425768962,0.035099585,2023,9,256,2023,6,13,164
2023-06-14 12:00:00,0.005842089,0.000255793,-0.010300000,0.000358523,0.011841453,0.553971200,599.122164165,186.881723631,47.633916358,-60.438392909,0.037081125,2023,9,257,2023,6,14,165
2023-06-15 12:00:00,0.002692582,0.000251260,0.012500000,0.000368640,0.012786712,0.553612674,599.675776839,285.068488159,49.555470086,77.843854949,0.038152160,2023,9,258,2023,6,15,166
2023-06-16 12:00:00,0.009693297,0.000248786,-0.025900000,0.000365167,0.027654475,0.553244033,600.229020872,21.801409486,51.146414196,-69.481207907,0.037817886,2023,9,259,2023,6,16,167
2023-06-17 12:00:00,0.007021396,0.000249085,0.020100000,0.000346708,0.021291078,0.552878867,600.781899739,206.200114841,51.797036502,70.744508115,0.035929907,2023,9,260,2023,6,17,168
2023-06-18 12:00:00,0.003733631,0.000253133,-0.000500000,0.000317195,0.003766962,0.552532161,601.334431899,187.696051722,51.292407096,-7.627548789,0.032892070,2023,9,261,2023,6,18,169
2023-06-19 12:00:00,0.004742362,0.000260592,0.016600000,0.000275539,0.017264125,0.552214969,601.886646869,24.943905263,49.996816323,74.056183246,0.028588937,2023,9,262,2023,6,19,170
2023-06-20 12:00:00,0.001081665,0.000269793,0.005900000,0.000223209,0.005998333,0.551939435,602.438586303,33.690067526,48.679962640,79.611154248,0.023170862,2023,9,263,2023,6,20,171
2023-06-21 12:00:00,0.001920937,0.000280474,-0.019100000,0.000160799,0.019196354,0.551716231,602.990302535,308.659808254,47.827056829,-84.256924156,0.016698987,2023,9,264,2023,6,21,172
2023-06-22 12:00:00,0.005968249,0.000292401,-0.014500000,0.000096991,0.015680242,0.551555439,603.541857973,238.706961004,47.116284413,-67.627767622,0.010075474,2023,9,265,2023,6,22,173
2023-06-23 12:00:00,0.005162364,0.000303434,0.010900000,0.000035028,0.012060680,0.551458453,604.093316427,98.914926957,46.646595548,64.657233363,0.003639383,2023,9,266,2023,6,23,174
2023-06-24 12:00:00,0.003687818,0.000312790,0.000800000,-0.000019353,0.003773592,0.551423430,604.644739857,229.398705355,46.445937470,12.239558298,-0.002010845,2023,9,267,2023,6,24,175
2023-06-25 12:00:00,0.005246904,0.000319420,-0.001400000,-0.000060408,0.005430470,0.551442787,605.196182644,7.666804262,46.528153499,-14.939834208,-0.006276518,2023,9,268,2023,6,25,176
2023-06-26 12:00:00,0.004401136,0.000322641,0.002500000,-0.000090111,0.005061620,0.551503197,605.747685841,178.698047327,46.823755697,29.598097004,-0.009361627,2023,9,269,2023,6,26,177
2023-06-27 12:00:00,0.002193171,0.000322484,-0.010600000,-0.000108314,0.010824509,0.551593308,606.299279149,313.152389734,46.905585296,-78.310279539,-0.011250877,2023,9,270,2023,6,27,178
2023-06-28 12:00:00,0.003801316,0.000318783,-0.005300000,-0.000122819,0.006522270,0.551701619,606.850980768,88.492564241,46.588875581,-54.350798689,-0.012755074,2023,9,271,2023,6,28,179
2023-06-29 12:00:00,0.006648308,0.000313520,0.017100000,-0.000129971,0.018346934,0.551824435,607.402805203,285.708637829,45.844307753,68.754419007,-0.013494890,2023,9,272,2023,6,29,180
2023-06-30 12:00:00,0.005374012,0.000308598,0.003400000,-0.000141308,0.006359245,0.551954403,607.954759606,135.000000000,44.119507220,32.320493264,-0.014668567,2023,9,273,2023,6,30,181
2023-07-01 12:00:00,0.005154610,0.000302932,-0.028600000,-0.000157918,0.029060798,0.552095709,608.506855315,288.083445383,41.117165629,-79.783201040,-0.016388517,2023,10,274,2023,7,1,182
2023-07-02 12:00:00,0.012300000,0.000297759,0.038500000,-0.000175371,0.040417076,0.552253624,609.059108938,12.680383492,36.894216390,72.282331757,-0.018194599,2023,10,275,2023,7,2,183
2023-07-03 12:00:00,0.007684400,0.000296621,-0.040300000,-0.000197338,0.041026089,0.552428994,609.611537933,161.800834947,32.076602158,-79.204439754,-0.020467135,2023,10,276,2023,7,3,184
2023-07-04 12:00:00,0.002360085,0.000302405,0.020300000,-0.000223416,0.020436732,0.552626336,610.164164268,233.615648184,27.676678117,83.368544647,-0.023163600,2023,10,277,2023,7,4,185
2023-07-05 12:00:00,0.004178516,0.000315217,-0.018800000,-0.000242132,0.019258764,0.552849759,610.717014027,21.037511025,24.043176436,-77.469046939,-0.025093866,2023,10,278,2023,7,5,186
2023-07-06 12:00:00,0.002334524,0.000332349,0.009600000,-0.000256658,0.009879777,0.553091901,611.270105928,279.865806943,21.288541600,76.332139392,-0.026587677,2023,10,279,2023,7,6,187
2023-07-07 12:00:00,0.003488553,0.000350212,-0.013000000,-0.000261505,0.013459941,0.553348570,611.823454498,152.700427789,19.696850526,-74.978564765,-0.027077180,2023,10,280,2023,7,7,188
2023-07-08 12:00:00,0.003061046,0.000366820,0.028900000,-0.000262484,0.029061659,0.553610086,612.377064584,231.632514615,19.339021554,83.953857924,-0.027165761,2023,10,281,2023,7,8,189
2023-07-09 12:00:00,0.003047950,0.000382506,-0.014000000,-0.000255245,0.014327945,0.553872580,612.930937164,228.990913098,19.960341592,-77.717751929,-0.026404004,2023,10,282,2023,7,9,190
2023-07-10 12:00:00,0.010198039,0.000394236,-0.022400000,-0.000235213,0.024612192,0.554127833,613.485064998,48.179830120,21.188901171,-65.521668684,-0.024320533,2023,10,283,2023,7,10,191
2023-07-11 12:00:00,0.003801316,0.000398880,0.043500000,-0.000198729,0.043665776,0.554363049,614.039428047,116.565051177,23.026554559,85.005805451,-0.020539465,2023,10,284,2023,7,11,192
2023-07-12 12:00:00,0.009126883,0.000395408,-0.019100000,-0.000147668,0.021168609,0.554561775,614.593989822,274.398705355,25.444946052,-64.459322814,-0.015256617,2023,10,285,2023,7,12,193
2023-07-13 12:00:00,0.008273452,0.000385587,0.016200000,-0.000081583,0.018190382,0.554709436,615.148699258,224.510304407,28.031961389,62.946286144,-0.008426680,2023,10,286,2023,7,13,194
2023-07-14 12:00:00,0.006203225,0.000373427,-0.018400000,-0.000014083,0.019417518,0.554791011,615.703490269,1.847610266,30.684010229,-71.369402816,-0.001454416,2023,10,287,2023,7,14,195
2023-07-15 12:00:00,0.011428473,0.000361401,0.015300000,0.000048792,0.019097120,0.554805086,616.258295354,74.261198563,33.028118145,53.241775324,0.005038829,2023,10,288,2023,7,15,196
2023-07-16 12:00:00,0.004860041,0.000349536,-0.014200000,0.000104660,0.015008664,0.554756286,616.813051641,233.365886124,35.545141643,-71.106159792,0.010809344,2023,10,289,2023,7,16,197
2023-07-17 12:00:00,0.011697008,0.000338325,0.010700000,0.000147739,0.015852760,0.554651620,617.367703261,30.291696100,38.056877999,42.451147418,0.015261464,2023,10,290,2023,7,17,198
2023-07-18 12:00:00,0.008429116,0.000326984,-0.019900000,0.000182603,0.021611571,0.554503874,617.922207135,184.763641691,40.531527099,-67.043762950,0.018867975,2023,10,291,2023,7,18,199
2023-07-19 12:00:00,0.010604244,0.000317745,0.006700000,0.000205014,0.012543524,0.554321266,618.476528401,339.001280966,43.229531844,32.285617758,0.021190717,2023,10,292,2023,7,19,200
2023-07-20 12:00:00,0.010248902,0.000349237,0.006000000,0.000231317,0.011876026,0.554116271,619.030644672,185.599339337,61.362695578,30.345924039,0.023918208,2023,10,293,2023,7,20,201
2023-07-21 12:00:00,0.003047950,0.000362356,-0.011000000,0.000219965,0.011414465,0.553884963,619.584529635,311.009086902,63.442806501,-74.512672277,0.022753989,2023,10,294,2023,7,21,202
2023-07-22 12:00:00,0.002500000,0.000376088,0.007400000,0.000210812,0.007810890,0.553665006,620.138194642,306.869897646,64.143088049,71.333085726,0.021815786,2023,10,295,2023,7,22,203
2023-07-23 12:00:00,0.006120457,0.000387625,0.013400000,0.000205659,0.014731599,0.553454202,620.691648844,94.685899840,64.529325140,65.451423141,0.021290683,2023,10,296,2023,7,23,204
2023-07-24 12:00:00,0.006441273,0.000396911,-0.025000000,0.000204059,0.025816468,0.553248550,621.244897394,332.241459399,64.929983397,-75.551925441,0.021132849,2023,10,297,2023,7,24,205
2023-07-25 12:00:00,0.008796590,0.000374823,0.014400000,0.000185589,0.016874241,0.553044475,621.797941869,188.498558879,58.836453441,58.580313400,0.019227097,2023,10,298,2023,7,25,206
2023-07-26 12:00:00,0.002765863,0.000395861,-0.011200000,0.000176125,0.011536464,0.552858902,622.350800771,319.398705355,62.342868678,-76.128234264,0.018252838,2023,10,299,2023,7,26,207
2023-07-27 12:00:00,0.003036445,0.000421842,0.016000000,0.000153958,0.016285576,0.552682795,622.903483566,342.758540601,66.585609216,79.254319260,0.015960592,2023,10,300,2023,7,27,208
2023-07-28 12:00:00,0.002193171,0.000452202,0.004500000,0.000102482,0.005005996,0.552528861,623.456012427,136.847610266,71.606643741,64.016720921,0.010627125,2023,10,301,2023,7,28,209
2023-07-29 12:00:00,0.009196739,0.000485689,0.002200000,0.000008962,0.009456215,0.552426408,624.008438835,223.237608976,77.077881832,13.453211003,0.000929496,2023,10,302,2023,7,29,210
2023-07-30 12:00:00,0.003847077,0.000519779,-0.008100000,-0.000118348,0.008967162,0.552417477,624.560856312,81.027373385,82.395361586,-64.594724319,-0.012274866,2023,10,303,2023,7,30,211
2023-07-31 12:00:00,0.005314132,0.000556655,0.011000000,-0.000269126,0.012216382,0.552535861,625.113392173,19.798876355,86.952600140,64.214676227,-0.027907283,2023,10,304,2023,7,31,212
2023-08-01 12:00:00,0.002376973,0.000620412,-0.019300000,-0.000414855,0.019445822,0.552805055,625.666197228,292.249023657,90.279301299,-82.978853633,-0.042997884,2023,11,305,2023,8,1,213
2023-08-02 12:00:00,0.008348653,0.000726978,0.012000000,-0.000535652,0.014618481,0.553220039,626.219417267,55.738897101,91.818542117,55.172851614,-0.055476331,2023,11,306,2023,8,2,214
2023-08-03 12:00:00,0.011428473,0.000908053,0.001100000,-0.000623854,0.011481289,0.553755958,626.773173225,235.336554146,91.759242253,5.497830205,-0.064548616,2023,11,307,2023,8,3,215
2023-08-04 12:00:00,0.003310589,0.001165579,-0.015500000,-0.000681545,0.015849606,0.554380293,627.327553517,64.983106522,91.077424920,-77.943557546,-0.070438357,2023,11,308,2023,8,4,216
2023-08-05 12:00:00,0.003162278,0.001390845,0.025400000,-0.000709203,0.025596093,0.555062354,627.882615872,145.304846469,90.456784660,82.903242161,-0.073206799,2023,11,309,2023,8,5,217
2023-08-06 12:00:00,0.002459675,0.001507242,-0.012300000,-0.000718585,0.012543524,0.555771858,628.438387730,296.565051177,89.838176212,-78.691524226,-0.074080543,2023,11,310,2023,8,6,218
2023-08-07 12:00:00,0.006865858,0.001526692,-0.000900000,-0.000721799,0.006924594,0.556490493,628.994878223,282.619322293,89.155122807,-7.467946668,-0.074315831,2023,11,311,2023,8,7,219
2023-08-08 12:00:00,0.000264263,0.001350766,-0.001481818,-0.000934435,0.001505198,0.557211836,629.552090059,153.434948823,84.836774142,-79.888361678,-0.096084082,2023,11,312,2023,8,8,220
2023-08-09 12:00:00,0.000264263,0.001350766,-0.001481818,-0.000934435,0.001505198,0.558146268,630.110236327,153.434948823,84.836774142,-79.888361678,-0.095923221,2023,11,313,2023,8,9,221
2023-08-10 12:00:00,0.000264263,0.001350766,-0.001481818,-0.000934435,0.001505198,0.559080699,630.669317026,153.434948823,84.836774142,-79.888361678,-0.095762897,2023,11,314,2023,8,10,222
2023-08-11 12:00:00,0.000264263,0.001350766,-0.001481818,-0.000934435,0.001505198,0.560015131,631.229332157,153.434948823,84.836774142,-79.888361678,-0.095603108,2023,11,315,2023,8,11,223
2023-08-12 12:00:00,0.000264263,0.001350766,-0.001481818,-0.000934435,0.001505198,0.560949563,631.790281721,153.434948823,84.836774142,-79.888361678,-0.095443852,2023,11,316,2023,8,12,224
2023-08-13 12:00:00,0.000264263,0.001350766,-0.001481818,-0.000934435,0.001505198,0.561883995,632.352165716,153.434948823,84.836774142,-79.888361678,-0.095285126,2023,11,317,2023,8,13,225
2023-08-14 12:00:00,0.000264263,0.001350766,-0.001481818,-0.000934435,0.001505198,0.562818427,632.914984143,153.434948823,84.836774142,-79.888361678,-0.095126926,2023,11,318,2023,8,14,226
2023-08-15 12:00:00,0.000264263,0.001350766,-0.001481818,-0.000934435,0.001505198,0.563752859,633.478737002,153.434948823,84.836774142,-79.888361678,-0.094969251,2023,11,319,2023,8,15,227
2023-08-16 12:00:00,0.000264263,0.001350766,-0.001481818,-0.000934435,0.001505198,0.564687291,634.043424294,153.434948823,84.836774142,-79.888361678,-0.094812098,2023,11,320,2023,8,16,228
2023-08-17 12:00:00,0.000264263,0.001350766,-0.001481818,-0.000934435,0.001505198,0.565621723,634.609046017,153.434948823,84.836774142,-79.888361678,-0.094655464,2023,11,321,2023,8,17,229
2023-08-18 12:00:00,0.000264263,0.001350766,-0.001481818,-0.000934435,0.001505198,0.566556155,635.175602172,153.434948823,84.836774142,-79.888361678,-0.094499347,2023,11,322,2023,8,18,230
2023-08-19 12:00:00,0.007134424,0.001351849,0.010700000,-0.001202955,0.012860404,0.567490590,635.743092762,238.760785112,83.187071416,56.305890929,-0.121454509,2023,11,323,2023,8,19,231
2023-08-20 12:00:00,0.004100000,0.001372836,-0.021700000,-0.001220933,0.022083931,0.568693592,636.311786354,12.680383492,83.636428716,-79.300656626,-0.123008880,2023,11,324,2023,8,20,232
2023-08-21 12:00:00,0.009630161,0.001394154,-0.005300000,-0.001238862,0.010992270,0.569914573,636.881700926,254.953608168,84.241079920,-28.826374502,-0.124547840,2023,11,325,2023,8,21,233
2023-08-22 12:00:00,0.003162278,0.001415322,0.035400000,-0.001268728,0.035540962,0.571153483,637.452854410,198.434948823,84.847884577,84.895324409,-0.127273659,2023,11,326,2023,8,22,234
2023-08-23 12:00:00,0.010198039,0.001437945,-0.024400000,-0.001322808,0.026445415,0.572422263,638.025276673,348.690067526,85.108368861,-67.317393188,-0.132404628,2023,11,327,2023,8,23,235
2023-08-24 12:00:00,0.009055385,0.001463830,0.016500000,-0.001408327,0.018821530,0.573745132,638.599021805,226.789910608,84.516227623,61.241525825,-0.140639547,2023,11,328,2023,8,24,236
2023-08-25 12:00:00,0.005366563,0.001498083,-0.011400000,-0.001523134,0.012600000,0.575153543,639.174175348,26.565051177,82.841906184,-64.791234703,-0.151732104,2023,11,329,2023,8,25,237
2023-08-26 12:00:00,0.004825971,0.001555249,-0.005300000,-0.001660713,0.007167984,0.576676823,639.750852171,275.946863054,80.293593403,-47.680239044,-0.165000549,2023,11,330,2023,8,26,238
2023-08-27 12:00:00,0.011901681,0.004296765,-0.007400000,-0.001796555,0.014014635,0.578351400,640.329203571,217.832761271,85.167727240,-31.871734584,-0.177980323,2023,11,331,2023,8,27,239
2023-08-28 12:00:00,0.005882176,0.035023989,0.006900000,-0.001914224,0.009066973,0.581188274,640.910391845,342.181111085,89.225638110,49.552761675,-0.188711925,2023,11,332,2023,8,28,240
2023-08-29 12:00:00,0.009433981,0.114206561,-0.010800000,-0.002000762,0.014340153,0.593144955,641.503536800,355.135485562,89.713124840,-48.862242042,-0.193267177,2023,11,333,2023,8,29,241
2023-08-30 12:00:00,0.007045566,0.122416268,0.000000000,-0.002057885,0.007045566,0.596738316,642.100275116,235.407711312,89.700048559,0.000000000,-0.197588006,2023,11,334,2023,8,30,242
2023-08-31 12:00:00,0.002469818,0.084400731,-0.007500000,-0.002098267,0.007896202,0.592150653,642.692425768,158.629377731,89.538826724,-71.772818575,-0.203026214,2023,11,335,2023,8,31,243
2023-09-01 12:00:00,0.006711930,0.069909531,0.023300000,-0.002134663,0.024247474,0.592343031,643.284768800,335.344101256,89.429293370,73.930126078,-0.206480782,2023,12,336,2023,9,1,244
2023-09-02 12:00:00,0.002404163,0.065916331,-0.037400000,-0.002466341,0.037477193,0.594006460,643.878775260,163.072486936,89.387224001,-86.321948414,-0.237895320,2023,12,337,2023,9,2,245
2023-09-03 12:00:00,0.002022375,0.067276136,0.015200000,-0.002381499,0.015333949,0.596609439,644.475384698,351.469234390,89.398350064,82.421252496,-0.228709425,2023,12,338,2023,9,3,246
2023-09-04 12:00:00,0.001500000,0.067134608,-0.011500000,-0.002592199,0.011597414,0.598959928,645.074344627,323.130102354,89.383472952,-82.568592029,-0.247967398,2023,12,339,2023,9,4,247
2023-09-05 12:00:00,0.002817801,0.066883099,-0.008200000,-0.002936049,0.008670640,0.601507845,645.675852472,152.525568374,89.359762802,-71.035525349,-0.279670307,2023,12,340,2023,9,5,248
2023-09-06 12:00:00,0.004210701,0.066438099,0.013400000,-0.003439601,0.014045996,0.604376696,646.280229168,265.914383220,89.322707308,72.555644257,-0.326080840,2023,12,341,2023,9,6,249
2023-09-07 12:00:00,0.001300000,0.065658749,-0.009000000,-0.003916781,0.009093404,0.607710871,646.887940040,22.619864948,89.268870499,-81.780790751,-0.369281836,2023,12,342,2023,9,7,250
2023-09-08 12:00:00,0.003324154,0.058600869,0.004900000,-0.016774205,0.005921149,0.610887477,647.498827516,6.911227119,89.152171201,55.847079188,-1.573468101,2023,12,343,2023,9,8,251
2023-09-09 12:00:00,0.006432729,0.058672130,0.011300000,-0.042061936,0.013002692,0.627593045,648.126420561,348.340707346,89.098875325,60.348523807,-3.842903124,2023,12,344,2023,9,9,252
2023-09-10 12:00:00,0.000000000,0.062519713,0.000100000,-0.065271384,0.000100000,0.669830478,648.796251039,0.000000000,89.085579437,90.000000000,-5.592039871,2023,12,345,2023,9,10,253
2023-09-11 12:00:00,0.002024846,0.075635932,-0.010600000,-0.066201370,0.010791663,0.736074120,649.532325160,237.094757077,82.015010380,-79.185462416,-5.160066500,2023,12,346,2023,9,11,254
2023-09-12 12:00:00,0.002996665,0.139750938,-0.006100000,-0.052415344,0.006796323,0.810518110,650.342843270,205.709953781,50.890404848,-63.837120086,-3.707844578,2023,12,347,2023,9,12,255
2023-09-13 12:00:00,0.000412311,0.324743583,-0.003700000,-0.039305425,0.003722902,0.910664418,651.253507688,165.963756532,34.254865097,-83.641461498,-2.473726546,2023,12,348,2023,9,13,256
2023-09-14 12:00:00,0.002121320,0.467497019,-0.004700000,-0.031204918,0.005156549,1.005401087,652.258908774,315.000000000,34.488330753,-65.708213152,-1.778590982,2023,12,349,2023,9,14,257
2023-09-15 12:00:00,0.002236068,0.395481504,-0.011400000,-0.027202522,0.011617229,1.002600738,653.261509513,10.304846469,25.542712445,-78.902531657,-1.554737510,2023,12,350,2023,9,15,258
2023-09-16 12:00:00,0.003298485,0.273657654,-0.001200000,-0.025749047,0.003509986,0.987195391,654.248704903,284.036243468,5.133322850,-19.991560727,-1.494617054,2023,12,351,2023,9,16,259
2023-09-17 12:00:00,0.004904080,0.201985320,0.005700000,-0.025835663,0.007519308,0.994974187,655.243679090,357.662694141,359.932912027,49.292452692,-1.487918872,2023,12,352,2023,9,17,260
2023-09-18 12:00:00,0.004356604,0.159190969,0.007400000,-0.026840193,0.008587200,1.012682542,656.256361633,189.246112746,359.894826544,59.513389046,-1.518748298,2023,12,353,2023,9,18,261
2023-09-19 12:00:00,2.196523950,0.130691801,-0.373750000,-0.029908062,2.228094820,1.035215069,657.291576701,335.667115000,359.861069387,-9.656688340,-1.655544118,2023,12,354,2023,9,19,262
2023-09-20 12:00:00,2.196523950,0.130691801,-0.373750000,-0.029908062,2.228094820,1.064890529,658.356467230,335.667115000,359.861069387,-9.656688340,-1.609396516,2023,12,355,2023,9,20,263
2023-09-21 12:00:00,0.006403124,0.122224699,0.002600000,-0.036663096,0.006910861,1.093599998,659.450067228,88.210089392,359.861576600,22.099699398,-1.921209199,2023,12,356,2023,9,21,264
2023-09-22 12:00:00,0.001486607,0.124910512,0.005100000,-0.047701152,0.005312250,1.130334472,660.580401700,250.346175942,359.877653635,73.749042864,-2.418652743,2023,12,357,2023,9,22,265
2023-09-23 12:00:00,0.006351378,0.137178588,0.005600000,-0.064685323,0.008467585,1.179119499,661.759521199,213.439869206,359.901473441,41.402574562,-3.144768186,2023,12,358,2023,9,23,266
2023-09-24 12:00:00,0.004535416,0.167671203,-0.013200000,-0.073186332,0.013957435,1.247120784,663.006641983,75.963756532,359.928449940,-71.037681711,-3.364292044,2023,12,359,2023,9,24,267
2023-09-25 12:00:00,0.005503635,0.231482137,-0.022300000,-0.051090097,0.022969110,1.329294504,664.335936487,204.702430228,359.952457662,-76.136459158,-2.202648156,2023,12,360,2023,9,25,268
2023-09-26 12:00:00,0.002500000,0.336576039,-0.000600000,-0.017936936,0.002570992,1.401101637,665.737038124,0.000000000,359.969528837,-13.495733281,-0.733521957,2023,12,361,2023,9,26,269
2023-09-27 12:00:00,0.001252996,0.415726264,0.017600000,-0.002684213,0.017644546,1.439355259,667.176393383,118.610459666,359.977106100,85.927813447,-0.106849353,2023,12,362,2023,9,27,270
2023-09-28 12:00:00,0.004920366,0.321720856,-0.013300000,-0.000640211,0.014180973,1.417682793,668.594076176,37.568592029,359.973082444,-69.697929293,-0.025874171,2023,12,363,2023,9,28,271
2023-09-29 12:00:00,0.007605919,0.124679805,-0.006100000,-0.000660499,0.009749872,1.386951163,669.981027339,230.869600443,359.938257511,-38.729856742,-0.027285610,2023,12,364,2023,9,29,272
2023-09-30 12:00:00,0.005200961,0.015803548,-0.000200000,-0.000708457,0.005204805,1.382086613,671.363113952,52.028396239,359.576549316,-2.202191390,-0.029369792,2023,12,365,2023,9,30,273
2023-10-01 12:00:00,0.001811077,0.000290855,-0.002200000,-0.000744318,0.002849561,1.382704744,672.745818696,96.340191746,199.907532949,-50.538213679,-0.030842665,2024,1,1,2023,10,1,274
2023-10-02 12:00:00,0.006503076,0.000232414,0.012700000,-0.000767751,0.014268146,1.383449051,674.129267747,358.237608976,200.449793101,62.885136594,-0.031796537,2024,1,2,2023,10,2,275
2023-10-03 12:00:00,0.002220360,0.000175093,-0.020500000,-0.000783293,0.020619893,1.384216794,675.513484541,172.234833982,201.400326195,-83.818376504,-0.032422209,2024,1,3,2023,10,3,276
2023-10-04 12:00:00,0.003847077,0.000126914,-0.004000000,-0.000786984,0.005549775,1.385000081,676.898484622,207.897271031,201.778391501,-46.116434121,-0.032556569,2024,1,4,2023,10,4,277
2023-10-05 12:00:00,0.009708244,0.000091424,-0.011300000,-0.000773599,0.014897651,1.385787062,678.284271684,198.621579366,199.624493013,-49.332917209,-0.031984677,2024,1,5,2023,10,5,278
2023-10-06 12:00:00,0.005161395,0.000071592,0.040500000,-0.000739661,0.040827564,1.386560660,679.670832344,35.537677792,191.748604096,82.737269704,-0.030564429,2024,1,6,2023,10,6,279
2023-10-07 12:00:00,0.001360147,0.000064118,0.004500000,-0.000687245,0.004701064,1.387300320,681.058132664,323.972626615,179.472035927,73.182300767,-0.028383364,2024,1,7,2023,10,7,280
2023-10-08 12:00:00,0.015743253,0.000062065,-0.026900000,-0.000626414,0.031168253,1.387987565,682.446120229,38.034581510,166.521503179,-59.661651586,-0.025858200,2024,1,8,2023,10,8,281
2023-10-09 12:00:00,0.012376187,0.000060883,0.021200000,-0.000571317,0.024548116,1.388613979,683.834734208,225.982117163,152.474214391,59.724369493,-0.023573174,2024,1,9,2023,10,9,282
2023-10-10 12:00:00,0.004220190,0.000062451,-0.008200000,-0.000528898,0.009222256,1.389185296,685.223919503,143.673174048,138.059266364,-62.767055532,-0.021813967,2024,1,10,2023,10,10,283
2023-10-11 12:00:00,0.003962323,0.000067932,-0.014900000,-0.000504978,0.015417847,1.389714194,686.613633697,349.824489157,127.183489781,-75.108119470,-0.020819464,2024,1,11,2023,10,11,284
2023-10-12 12:00:00,0.002202272,0.000076370,-0.003800000,-0.000500641,0.004392038,1.390219172,688.003852870,140.527540152,120.143704850,-59.905771760,-0.020633161,2024,1,12,2023,10,12,285
2023-10-13 12:00:00,0.005590170,0.000086657,-0.006600000,-0.000509024,0.008649277,1.390719814,689.394572684,243.434948823,116.909290767,-49.735552659,-0.020971109,2024,1,13,2023,10,13,286
2023-10-14 12:00:00,0.001612452,0.000096600,0.016100000,-0.000516564,0.016180544,1.391228839,690.785801523,82.874983651,116.769090327,84.280768936,-0.021273956,2024,1,14,2023,10,14,287
2023-10-15 12:00:00,0.005099020,0.000106929,-0.010200000,-0.000519552,0.011403508,1.391745404,692.177546926,348.690067526,118.194319065,-63.439355089,-0.021389089,2024,1,15,2023,10,15,288
2023-10-16 12:00:00,0.002408319,0.000116564,-0.003800000,-0.000517963,0.004498889,1.392264957,693.569811883,175.236358309,120.168497108,-57.634779576,-0.021315696,2024,1,16,2023,10,16,289
2023-10-17 12:00:00,0.002483948,0.000122972,0.012300000,-0.000510778,0.012548307,1.392782921,694.962594804,49.899092454,121.779022485,78.582841834,-0.021012179,2024,1,17,2023,10,17,290
2023-10-18 12:00:00,0.003996248,0.000139335,0.006000000,-0.000470728,0.007209022,1.393293700,696.355888504,211.701429670,131.105422989,56.334742708,-0.019357524,2024,1,18,2023,10,18,291
2023-10-19 12:00:00,0.002785678,0.000125219,-0.020300000,-0.000458412,0.020490242,1.393764426,697.749652930,338.962488975,123.191147731,-82.186359904,-0.018844703,2024,1,19,2023,10,19,292
2023-10-20 12:00:00,0.004904080,0.000124297,-0.006300000,-0.000427374,0.007983733,1.394222838,699.143875768,357.662694141,120.693238030,-52.101904186,-0.017562981,2024,1,20,2023,10,20,293
2023-10-21 12:00:00,0.012701181,0.000121078,0.024400000,-0.000386753,0.027507817,1.394650212,700.538525980,172.763077974,117.550858260,62.501210117,-0.015888786,2024,1,21,2023,10,21,294
2023-10-22 12:00:00,0.006676077,0.000117158,-0.007100000,-0.000338153,0.009745768,1.395036964,701.933562943,196.534837857,114.075514116,-46.762573954,-0.013888341,2024,1,22,2023,10,22,295
2023-10-23 12:00:00,0.008920202,0.000112252,0.001000000,-0.000290989,0.008976079,1.395375117,703.328938060,3.856800986,110.090264885,6.396441708,-0.011948358,2024,1,23,2023,10,23,296
2023-10-24 12:00:00,0.006016644,0.000105467,0.008100000,-0.000254914,0.010090094,1.395666105,704.724604165,344.577838681,106.666213562,53.395201038,-0.010464882,2024,1,24,2023,10,24,297
2023-10-25 12:00:00,0.004215448,0.000095168,-0.004900000,-0.000224619,0.006463745,1.395921018,706.120525183,22.306205055,104.318265781,-49.294738872,-0.009219524,2024,1,25,2023,10,25,298
2023-10-26 12:00:00,0.001486607,0.000080860,-0.003800000,-0.000197147,0.004080441,1.396145636,707.516670820,132.273689006,103.013854396,-68.633949752,-0.008090621,2024,1,26,2023,10,26,299
2023-10-27 12:00:00,0.008091971,0.000062926,-0.022800000,-0.000172720,0.024193388,1.396342782,708.913013602,219.986886245,100.935138435,-70.459665225,-0.007087185,2024,1,27,2023,10,27,300
2023-10-28 12:00:00,0.002549510,0.000046985,0.016100000,-0.000161511,0.016300613,1.396515502,710.309529104,244.440034828,93.472706164,81.001665473,-0.006626403,2024,1,28,2023,10,28,301
2023-10-29 12:00:00,0.008302409,0.000039524,-0.013900000,-0.000176088,0.016190738,1.396677012,711.706206116,88.619645927,82.070961790,-59.150312396,-0.007223650,2024,1,29,2023,10,29,302
2023-10-30 12:00:00,0.003687818,0.000043047,0.001200000,-0.000216863,0.003878144,1.396853101,713.103059217,12.528807709,75.869591593,18.024664527,-0.008895220,2024,1,30,2023,10,30,303
2023-10-31 12:00:00,0.008266196,0.000055277,-0.000600000,-0.000273059,0.008287943,1.397069964,714.500129181,214.651315912,75.727806228,-4.151520697,-0.011198540,2024,1,31,2023,10,31,304
2023-11-01 12:00:00,0.005247857,0.000073346,0.029400000,-0.000327490,0.029864695,1.397343024,715.897472204,120.963756532,77.541591453,79.879376249,-0.013428181,2024,2,32,2023,11,1,305
2023-11-02 12:00:00,0.006356099,0.000092613,-0.019300000,-0.000370008,0.020319695,1.397670515,717.295142719,294.145541960,79.022285483,-71.771653697,-0.015168034,2024,2,33,2023,11,2,306
2023-11-03 12:00:00,0.002601922,0.000108861,0.032000000,-0.000399828,0.032105607,1.398040524,718.693183243,2.202598162,78.863536656,85.351502181,-0.016386117,2024,2,34,2023,11,3,307
2023-11-04 12:00:00,0.005700877,0.000122510,-0.011300000,-0.000416929,0.012656619,1.398440353,720.091623596,52.125016349,76.510462850,-63.228945879,-0.017082071,2024,2,35,2023,11,4,308
2023-11-05 12:00:00,0.001802776,0.000132813,-0.011300000,-0.000421378,0.011442902,1.398857283,721.490480879,236.309932474,72.229884326,-80.935553457,-0.017259219,2024,2,36,2023,11,5,309
2023-11-06 12:00:00,0.002696500,0.000151315,0.005166667,-0.000401899,0.005827998,1.399278663,722.889759541,81.469234390,66.138687507,62.439800504,-0.016456433,2024,2,37,2023,11,6,310
2023-11-07 12:00:00,0.002696500,0.000151315,0.005166667,-0.000401899,0.005827998,1.399680562,724.289440103,81.469234390,66.138687507,62.439800504,-0.016451708,2024,2,38,2023,11,7,311
2023-11-08 12:00:00,0.002696500,0.000151315,0.005166667,-0.000401899,0.005827998,1.400082461,725.689522565,81.469234390,66.138687507,62.439800504,-0.016446985,2024,2,39,2023,11,8,312
2023-11-09 12:00:00,0.007610519,0.000175277,0.024600000,-0.000374419,0.025750340,1.400484363,727.090006928,266.987212496,60.712111922,72.809465074,-0.015317989,2024,2,40,2023,11,9,313
2023-11-10 12:00:00,0.001945508,0.000262126,-0.026650000,-0.000473245,0.026720919,1.400858796,728.490865724,64.093492000,55.188032890,-85.824690830,-0.019355936,2024,2,41,2023,11,10,314
2023-11-11 12:00:00,0.001945508,0.000262126,-0.026650000,-0.000473245,0.026720919,1.401332040,729.892197764,64.093492000,55.188032890,-85.824690830,-0.019349399,2024,2,42,2023,11,11,315
2023-11-12 12:00:00,0.007300685,0.000263701,-0.003100000,-0.000554606,0.007931582,1.401805286,731.294003050,0.784824603,50.887177616,-23.006936219,-0.022668314,2024,2,43,2023,11,12,316
2023-11-13 12:00:00,0.010973149,0.000261126,0.018400000,-0.000574184,0.021423585,1.402359891,732.696362941,198.600065886,50.090015749,59.189552998,-0.023459272,2024,2,44,2023,11,13,317
2023-11-14 12:00:00,0.014579781,0.000259311,0.004700000,-0.000582521,0.015318616,1.402934075,734.099297015,26.037804285,49.839399281,17.867465883,-0.023790138,2024,2,45,2023,11,14,318
2023-11-15 12:00:00,0.005981639,0.000258633,-0.003100000,-0.000587710,0.006737210,1.403516596,735.502813611,231.788974574,49.881733183,-27.395568459,-0.023992081,2024,2,46,2023,11,15,319
2023-11-16 12:00:00,0.007528612,0.000258882,-0.012900000,-0.000593221,0.014936198,1.404104305,736.906917916,230.389311760,50.114425220,-59.731594226,-0.024206928,2024,2,47,2023,11,16,320
2023-11-17 12:00:00,0.008646965,0.000259811,-0.013500000,-0.000600238,0.016031843,1.404697526,738.311615443,174.025676714,50.511018762,-57.359791730,-0.024482923,2024,2,48,2023,11,17,321
2023-11-18 12:00:00,0.000894427,0.000261131,0.005700000,-0.000608506,0.005769749,1.405297764,739.716913207,296.565051177,51.028117822,81.082036289,-0.024809568,2024,2,49,2023,11,18,322
2023-11-19 12:00:00,0.005345091,0.000262798,0.002100000,-0.000617025,0.005742822,1.405906271,741.122819478,17.417970792,51.594748386,21.449061823,-0.025146019,2024,2,50,2023,11,19,323
2023-11-20 12:00:00,0.005608030,0.000271925,-0.033800000,-0.000623481,0.034262078,1.406523298,742.529342776,266.933514499,53.201740471,-80.579416387,-0.025397985,2024,2,51,2023,11,20,324
2023-11-21 12:00:00,0.010733592,0.000287120,-0.007900000,-0.000671653,0.013327415,1.407146782,743.936489558,21.305783618,54.142966516,-36.353332102,-0.027348181,2024,2,52,2023,11,21,325
2023-11-22 12:00:00,0.018016104,0.000301201,0.108500000,-0.000709820,0.109985590,1.407818439,745.344307997,40.497810508,54.287127037,80.572223704,-0.028888467,2024,2,53,2023,11,22,326
2023-11-23 12:00:00,0.026670021,0.000308195,-0.026800000,-0.000724658,0.037809126,1.408528261,746.752836257,211.663798744,52.967603799,-45.139279076,-0.029477457,2024,2,54,2023,11,23,327
2023-11-24 12:00:00,0.010406248,0.000305633,-0.022900000,-0.000702708,0.025153529,1.409252918,748.162089175,42.273689006,49.792421332,-65.561940224,-0.028569889,2024,2,55,2023,11,24,328
2023-11-25 12:00:00,0.014214429,0.000296873,-0.046000000,-0.000623109,0.048146132,1.409955624,749.572044799,224.144902604,44.159786076,-72.828362885,-0.025321019,2024,2,56,2023,11,25,329
2023-11-26 12:00:00,0.004031129,0.000286685,0.001600000,-0.000446069,0.004337050,1.410578731,750.982623529,97.125016349,36.044717974,21.648679906,-0.018118719,2024,2,57,2023,11,26,330
2023-11-27 12:00:00,0.012120231,0.000281849,0.032800000,-0.000147700,0.034967699,1.411024799,752.393648328,56.441043869,26.756122935,69.719758779,-0.005997480,2024,2,58,2023,11,27,331
2023-11-28 12:00:00,0.010867382,0.000307948,-0.008200000,0.000955244,0.013613963,1.411172504,753.804820832,280.069062699,353.476826628,-37.036434720,0.038784387,2024,2,59,2023,11,28,332
2023-11-29 12:00:00,0.007218033,0.000268527,-0.010800000,0.000463025,0.012989996,1.410217252,755.215038084,100.375844920,15.445700564,-56.243751886,0.018812283,2024,2,60,2023,11,29,333
2023-11-30 12:00:00,0.008600581,0.000262385,-0.008200000,0.000463177,0.011883181,1.409754226,756.624792310,156.713935082,14.346653420,-43.634138082,0.018824633,2024,2,61,2023,11,30,334
2023-12-01 12:00:00,0.000959143,0.000282419,0.001528571,-0.000154649,0.001804573,1.409291052,758.034083362,319.429559299,23.677252518,57.892694571,-0.006287390,2024,3,62,2023,12,1,335
2023-12-02 12:00:00,0.000959143,0.000282419,0.001528571,-0.000154649,0.001804573,1.409445702,759.443529063,319.429559299,23.677252518,57.892694571,-0.006286700,2024,3,63,2023,12,2,336
2023-12-03 12:00:00,0.000959143,0.000282419,0.001528571,-0.000154649,0.001804573,1.409600351,760.853129414,319.429559299,23.677252518,57.892694571,-0.006286010,2024,3,64,2023,12,3,337
2023-12-04 12:00:00,0.000959143,0.000282419,0.001528571,-0.000154649,0.001804573,1.409755000,762.262884415,319.429559299,23.677252518,57.892694571,-0.006285320,2024,3,65,2023,12,4,338
2023-12-05 12:00:00,0.000959143,0.000282419,0.001528571,-0.000154649,0.001804573,1.409909650,763.672794065,319.429559299,23.677252518,57.892694571,-0.006284631,2024,3,66,2023,12,5,339
2023-12-06 12:00:00,0.000959143,0.000282419,0.001528571,-0.000154649,0.001804573,1.410064299,765.082858364,319.429559299,23.677252518,57.892694571,-0.006283942,2024,3,67,2023,12,6,340
2023-12-07 12:00:00,0.000959143,0.000282419,0.001528571,-0.000154649,0.001804573,1.410218949,766.493077313,319.429559299,23.677252518,57.892694571,-0.006283253,2024,3,68,2023,12,7,341
2023-12-08 12:00:00,0.000959143,0.000282419,0.001528571,-0.000154649,0.001804573,1.410373598,767.903450911,319.429559299,23.677252518,57.892694571,-0.006282564,2024,3,69,2023,12,8,342
2023-12-09 12:00:00,0.000959143,0.000282419,0.001528571,-0.000154649,0.001804573,1.410528248,769.313979159,319.429559299,23.677252518,57.892694571,-0.006281875,2024,3,70,2023,12,9,343
2023-12-10 12:00:00,0.000959143,0.000282419,0.001528571,-0.000154649,0.001804573,1.410682897,770.724662056,319.429559299,23.677252518,57.892694571,-0.006281186,2024,3,71,2023,12,10,344
2023-12-11 12:00:00,0.000959143,0.000282419,0.001528571,-0.000154649,0.001804573,1.410837547,772.135499603,319.429559299,23.677252518,57.892694571,-0.006280498,2024,3,72,2023,12,11,345
2023-12-12 12:00:00,0.000959143,0.000282419,0.001528571,-0.000154649,0.001804573,1.410992196,773.546491799,319.429559299,23.677252518,57.892694571,-0.006279809,2024,3,73,2023,12,12,346
2023-12-13 12:00:00,0.000959143,0.000282419,0.001528571,-0.000154649,0.001804573,1.411146846,774.957638645,319.429559299,23.677252518,57.892694571,-0.006279121,2024,3,74,2023,12,13,347
2023-12-14 12:00:00,0.000959143,0.000282419,0.001528571,-0.000154649,0.001804573,1.411301495,776.368940140,319.429559299,23.677252518,57.892694571,-0.006278433,2024,3,75,2023,12,14,348
2023-12-15 12:00:00,0.000959143,0.000282419,0.001528571,-0.000154649,0.001804573,1.411456145,777.780396285,319.429559299,23.677252518,57.892694571,-0.006277745,2024,3,76,2023,12,15,349
2023-12-16 12:00:00,0.000959143,0.000282419,0.001528571,-0.000154649,0.001804573,1.411610794,779.192007079,319.429559299,23.677252518,57.892694571,-0.006277057,2024,3,77,2023,12,16,350
2023-12-17 12:00:00,0.000959143,0.000282419,0.001528571,-0.000154649,0.001804573,1.411765444,780.603772522,319.429559299,23.677252518,57.892694571,-0.006276370,2024,3,78,2023,12,17,351
2023-12-18 12:00:00,0.000959143,0.000282419,0.001528571,-0.000154649,0.001804573,1.411920093,782.015692615,319.429559299,23.677252518,57.892694571,-0.006275682,2024,3,79,2023,12,18,352
2023-12-19 12:00:00,0.000959143,0.000282419,0.001528571,-0.000154649,0.001804573,1.412074742,783.427767358,319.429559299,23.677252518,57.892694571,-0.006274995,2024,3,80,2023,12,19,353
2023-12-20 12:00:00,0.000959143,0.000282419,0.001528571,-0.000154649,0.001804573,1.412229392,784.839996749,319.429559299,23.677252518,57.892694571,-0.006274308,2024,3,81,2023,12,20,354
2023-12-21 12:00:00,0.000959143,0.000282419,0.001528571,-0.000154649,0.001804573,1.412384041,786.252380791,319.429559299,23.677252518,57.892694571,-0.006273621,2024,3,82,2023,12,21,355
2023-12-22 12:00:00,0.006907966,0.000298436,-0.089800000,-0.000065479,0.090065310,1.412538694,787.664919485,22.109448344,23.709839003,-85.601120783,-0.002655995,2024,3,83,2023,12,22,356
2023-12-23 12:00:00,0.018153237,0.000300064,0.028900000,-0.000040535,0.034128434,1.412604174,789.077523659,162.363546927,23.491502927,57.865440073,-0.001644095,2024,3,84,2023,12,23,357
2023-12-24 12:00:00,0.007502666,0.000301246,0.074400000,-0.000020884,0.074777336,1.412644709,790.490168367,1.527525442,23.320567283,84.241629154,-0.000847048,2024,3,85,2023,12,24,358
2023-12-25 12:00:00,0.003124100,0.000302052,-0.013100000,-0.000006079,0.013467368,1.412665593,791.902833960,230.194428908,23.191032480,-76.586592383,-0.000246541,2024,3,86,2023,12,25,359
2023-12-26 12:00:00,0.011119802,0.000302568,-0.007100000,0.000004572,0.013193180,1.412671672,793.315505632,281.410983127,23.095324318,-32.558254434,0.000185427,2024,3,87,2023,12,26,360
2023-12-27 12:00:00,0.005692100,0.000302899,-0.007500000,0.000011706,0.009415413,1.412667100,794.728172732,71.565051177,23.026857067,-52.803441757,0.000474773,2024,3,88,2023,12,27,361
2023-12-28 12:00:00,0.003710795,0.000303112,-0.003300000,0.000015960,0.004965884,1.412655394,796.140828127,194.036243468,22.976518275,-41.646608278,0.000647301,2024,3,89,2023,12,28,362
2023-12-29 12:00:00,0.003715172,0.000303315,-0.007250000,0.000018214,0.008146472,1.412639435,797.553467561,28.979707698,22.923647327,-62.867698260,0.000738730,2024,3,90,2023,12,29,363
2023-12-30 12:00:00,0.003715172,0.000303315,-0.007250000,0.000018214,0.008146472,1.412621221,798.966088783,28.979707698,22.923647327,-62.867698260,0.000738739,2024,3,91,2023,12,30,364
2023-12-31 12:00:00,0.004477723,0.000303510,0.013500000,0.000017716,0.014223220,1.412603008,800.378691790,246.297354049,22.882636305,71.650186525,0.000718573,2024,3,92,2023,12,31,365
2024-01-01 12:00:00,0.007831347,0.000303652,-0.005600000,0.000016309,0.009627565,1.412585292,801.791277082,185.128191042,22.867748432,-35.567608274,0.000661516,2024,4,93,2024,1,1,1
2024-01-02 12:00:00,0.005153882,0.000303898,0.019850000,0.000013628,0.020508169,1.412568983,803.203846064,357.776038760,22.858632876,75.445030113,0.000552770,2024,4,94,2024,1,2,2
2024-01-03 12:00:00,0.005153882,0.000303898,0.019850000,0.000013628,0.020508169,1.412555355,804.616401419,357.776038760,22.858632876,75.445030113,0.000552776,2024,4,95,2024,1,3,3
2024-01-04 12:00:00,0.003189044,0.000304194,-0.035100000,0.000010923,0.035244574,1.412541727,806.028943146,131.185925166,22.851644181,-84.808591063,0.000443057,2024,4,96,2024,1,4,4
2024-01-05 12:00:00,0.000350697,0.000308642,0.000600000,0.000018876,0.000694973,1.412530805,807.441473950,21.217969577,22.694512026,59.693949982,0.000765678,2024,4,97,2024,1,5,5
2024-01-06 12:00:00,0.000350697,0.000308642,0.000600000,0.000018876,0.000694973,1.412511928,808.853985878,21.217969577,22.694512026,59.693949982,0.000765688,2024,4,98,2024,1,6,6
2024-01-07 12:00:00,0.000350697,0.000308642,0.000600000,0.000018876,0.000694973,1.412493052,810.266478930,21.217969577,22.694512026,59.693949982,0.000765698,2024,4,99,2024,1,7,7
2024-01-08 12:00:00,0.000350697,0.000308642,0.000600000,0.000018876,0.000694973,1.412474175,811.678953105,21.217969577,22.694512026,59.693949982,0.000765708,2024,4,100,2024,1,8,8
2024-01-09 12:00:00,0.000350697,0.000308642,0.000600000,0.000018876,0.000694973,1.412455299,813.091408404,21.217969577,22.694512026,59.693949982,0.000765719,2024,4,101,2024,1,9,9
2024-01-10 12:00:00,0.000350697,0.000308642,0.000600000,0.000018876,0.000694973,1.412436422,814.503844826,21.217969577,22.694512026,59.693949982,0.000765729,2024,4,102,2024,1,10,10
2024-01-11 12:00:00,0.000350697,0.000308642,0.000600000,0.000018876,0.000694973,1.412417546,815.916262372,21.217969577,22.694512026,59.693949982,0.000765739,2024,4,103,2024,1,11,11
2024-01-12 12:00:00,0.000350697,0.000308642,0.000600000,0.000018876,0.000694973,1.412398669,817.328661041,21.217969577,22.694512026,59.693949982,0.000765749,2024,4,104,2024,1,12,12
2024-01-13 12:00:00,0.000350697,0.000308642,0.000600000,0.000018876,0.000694973,1.412379793,818.741040834,21.217969577,22.694512026,59.693949982,0.000765760,2024,4,105,2024,1,13,13
2024-01-14 12:00:00,0.000350697,0.000308642,0.000600000,0.000018876,0.000694973,1.412360916,820.153401750,21.217969577,22.694512026,59.693949982,0.000765770,2024,4,106,2024,1,14,14
2024-01-15 12:00:00,0.000350697,0.000308642,0.000600000,0.000018876,0.000694973,1.412342040,821.565743790,21.217969577,22.694512026,59.693949982,0.000765780,2024,4,107,2024,1,15,15
2024-01-16 12:00:00,0.000350697,0.000308642,0.000600000,0.000018876,0.000694973,1.412323163,822.978066953,21.217969577,22.694512026,59.693949982,0.000765790,2024,4,108,2024,1,16,16
2024-01-17 12:00:00,0.000350697,0.000308642,0.000600000,0.000018876,0.000694973,1.412304287,824.390371240,21.217969577,22.694512026,59.693949982,0.000765800,2024,4,109,2024,1,17,17
2024-01-18 12:00:00,0.000350697,0.000308642,0.000600000,0.000018876,0.000694973,1.412285410,825.802656650,21.217969577,22.694512026,59.693949982,0.000765811,2024,4,110,2024,1,18,18
2024-01-19 12:00:00,0.000350697,0.000308642,0.000600000,0.000018876,0.000694973,1.412266534,827.214923184,21.217969577,22.694512026,59.693949982,0.000765821,2024,4,111,2024,1,19,19
2024-01-20 12:00:00,0.000350697,0.000308642,0.000600000,0.000018876,0.000694973,1.412247657,828.627170841,21.217969577,22.694512026,59.693949982,0.000765831,2024,4,112,2024,1,20,20
2024-01-21 12:00:00,0.000350697,0.000308642,0.000600000,0.000018876,0.000694973,1.412228781,830.039399622,21.217969577,22.694512026,59.693949982,0.000765841,2024,4,113,2024,1,21,21
2024-01-22 12:00:00,0.000350697,0.000308642,0.000600000,0.000018876,0.000694973,1.412209904,831.451609526,21.217969577,22.694512026,59.693949982,0.000765852,2024,4,114,2024,1,22,22
2024-01-23 12:00:00,0.000350697,0.000308642,0.000600000,0.000018876,0.000694973,1.412191028,832.863800554,21.217969577,22.694512026,59.693949982,0.000765862,2024,4,115,2024,1,23,23
2024-01-24 12:00:00,0.000350697,0.000308642,0.000600000,0.000018876,0.000694973,1.412172151,834.275972705,21.217969577,22.694512026,59.693949982,0.000765872,2024,4,116,2024,1,24,24
2024-01-25 12:00:00,0.000350697,0.000308642,0.000600000,0.000018876,0.000694973,1.412153275,835.688125980,21.217969577,22.694512026,59.693949982,0.000765882,2024,4,117,2024,1,25,25
2024-01-26 12:00:00,0.000350697,0.000308642,0.000600000,0.000018876,0.000694973,1.412134398,837.100260378,21.217969577,22.694512026,59.693949982,0.000765893,2024,4,118,2024,1,26,26
2024-01-27 12:00:00,0.000350697,0.000308642,0.000600000,0.000018876,0.000694973,1.412115522,838.512375900,21.217969577,22.694512026,59.693949982,0.000765903,2024,4,119,2024,1,27,27
2024-01-28 12:00:00,0.000350697,0.000308642,0.000600000,0.000018876,0.000694973,1.412096645,839.924472546,21.217969577,22.694512026,59.693949982,0.000765913,2024,4,120,2024,1,28,28
2024-01-29 12:00:00,0.000350697,0.000308642,0.000600000,0.000018876,0.000694973,1.412077769,841.336550314,21.217969577,22.694512026,59.693949982,0.000765923,2024,4,121,2024,1,29,29
2024-01-30 12:00:00,0.000350697,0.000308642,0.000600000,0.000018876,0.000694973,1.412058892,842.748609207,21.217969577,22.694512026,59.693949982,0.000765934,2024,4,122,2024,1,30,30
